Codigo,Municipio,0-3,4-6,7-15,16-17,18-24,25-34,35-39,40-44,45-49,50-54,55-59,60-64,64+,Total,Ano,RI
150010,ABAETETUBA,8254.0,7697.0,22248,5247,16582,22131,9572,8915,7558,6220,5091,3649,6270,129434,2025,Tocantins
150010,ABAETETUBA,8811.0,7590.0,22345,5278,17128,22589,9463,8661,7436,6144,4778,3536,6027,129786,2024,Tocantins
150010,ABAETETUBA,9132.0,7814.0,22644,5191,18826,24932,10175,9069,7574,6264,4912,3639,6112,136284,2023,Tocantins
150010,ABAETETUBA,8707.0,7680.0,22673,5148,19082,24229,9988,8686,7260,5893,4607,3265,5620,132838,2022,Tocantins
150010,ABAETETUBA,7825.0,7451.0,21982,4968,18135,20869,8607,7291,6085,4791,3697,2628,4669,118998,2021,Tocantins
150010,ABAETETUBA,7572.0,7275.0,21544,4928,17840,19619,7993,6671,5397,4407,3284,2195,4075,112800,2020,Tocantins
150010,ABAETETUBA,8878.0,7312.0,21939,5042,18451,19370,7813,6634,5353,4235,3287,2220,3952,114486,2019,Tocantins
150010,ABAETETUBA,8755.0,7094.0,22212,5177,18118,18102,7353,5986,4992,3917,3081,1997,3141,109925,2018,Tocantins
150010,ABAETETUBA,8126.0,6948.0,22536,5452,17987,16855,7006,5766,4762,3793,3035,2116,3148,107530,2017,Tocantins
150010,ABAETETUBA,7417.0,7065.0,23346,5612,17238,16297,6778,5741,4529,3647,3023,2222,2949,105864,2016,Tocantins
150010,ABAETETUBA,6664.0,7205.0,23731,5744,17140,16548,6636,5578,4632,3614,2948,2123,2958,105521,2015,Tocantins
150010,ABAETETUBA,,,24402,6037,17731,17259,6778,5765,4617,3714,2893,2167,3448,94811,2014,Tocantins
150010,ABAETETUBA,,,24454,6132,16457,16663,6391,5538,4386,3454,2695,1931,2967,91068,2013,Tocantins
150010,ABAETETUBA,,,23971,5924,16982,16805,6402,5432,4160,3300,2560,1742,2659,89937,2012,Tocantins
150013,ABEL FIGUEIREDO,382.0,318.0,987,228,561,683,310,328,285,244,229,198,391,5144,2025,Rio Capim
150013,ABEL FIGUEIREDO,432.0,334.0,990,228,596,714,316,325,278,230,211,204,378,5236,2024,Rio Capim
150013,ABEL FIGUEIREDO,420.0,388.0,1050,228,676,792,365,354,308,231,247,214,375,5648,2023,Rio Capim
150013,ABEL FIGUEIREDO,387.0,394.0,1088,233,737,769,380,360,291,243,230,183,357,5652,2022,Rio Capim
150013,ABEL FIGUEIREDO,400.0,381.0,1046,224,710,653,331,291,208,212,192,144,299,5091,2021,Rio Capim
150013,ABEL FIGUEIREDO,435.0,346.0,1120,206,671,636,324,278,203,201,170,132,249,4971,2020,Rio Capim
150013,ABEL FIGUEIREDO,489.0,363.0,1100,214,680,641,339,264,220,189,185,123,261,5068,2019,Rio Capim
150013,ABEL FIGUEIREDO,470.0,364.0,1139,242,662,635,354,260,193,193,160,100,218,4990,2018,Rio Capim
150013,ABEL FIGUEIREDO,418.0,377.0,1157,233,694,679,351,259,209,203,158,100,181,5019,2017,Rio Capim
150013,ABEL FIGUEIREDO,412.0,354.0,1184,236,677,702,343,251,213,198,141,98,166,4975,2016,Rio Capim
150013,ABEL FIGUEIREDO,380.0,382.0,1158,224,647,726,341,249,214,196,143,102,162,4924,2015,Rio Capim
150013,ABEL FIGUEIREDO,,,1179,256,656,786,351,271,226,208,144,106,156,4339,2014,Rio Capim
150013,ABEL FIGUEIREDO,,,1145,250,627,763,330,263,211,177,133,84,99,4082,2013,Rio Capim
150013,ABEL FIGUEIREDO,,,1194,240,627,770,300,275,193,164,110,80,92,4045,2012,Rio Capim
150020,ACARÁ,3595.0,3257.0,9892,2334,6560,7249,3442,3008,2614,2284,2004,1288,2158,49685,2025,Tocantins
150020,ACARÁ,3637.0,3293.0,9985,2396,6447,7268,3387,2917,2528,2248,1831,1183,2037,49157,2024,Tocantins
150020,ACARÁ,3653.0,3314.0,10190,2368,6541,7530,3403,2890,2509,2218,1824,1183,1844,49467,2023,Tocantins
150020,ACARÁ,3324.0,3244.0,10350,2396,6218,7446,3193,2827,2354,2098,1652,1010,1700,47812,2022,Tocantins
150020,ACARÁ,2259.0,3075.0,10452,2295,6261,6715,2834,2443,2007,1708,1346,751,1373,43519,2021,Tocantins
150020,ACARÁ,2785.0,3204.0,10567,2240,6244,6656,2747,2267,1957,1632,1148,626,1195,43268,2020,Tocantins
150020,ACARÁ,3255.0,3336.0,10700,2242,6207,6575,2693,2226,1910,1532,1124,590,1128,43518,2019,Tocantins
150020,ACARÁ,3326.0,3441.0,10800,2202,6215,6355,2569,2157,1811,1464,1055,496,846,42737,2018,Tocantins
150020,ACARÁ,3156.0,3474.0,10835,2167,6143,6056,2572,2073,1817,1385,1022,528,742,41970,2017,Tocantins
150020,ACARÁ,3040.0,3441.0,10815,2188,6120,6024,2464,2043,1751,1391,1028,571,673,41549,2016,Tocantins
150020,ACARÁ,3374.0,3460.0,10839,2141,6006,6025,2392,2059,1755,1310,1010,582,728,41681,2015,Tocantins
150020,ACARÁ,,,10821,2193,6077,6157,2419,2116,1737,1292,1003,635,946,35396,2014,Tocantins
150020,ACARÁ,,,10166,2162,5287,5377,2195,1927,1487,1186,838,577,766,31968,2013,Tocantins
150020,ACARÁ,,,9339,2097,4850,4495,1905,1725,1296,1019,705,496,653,28580,2012,Tocantins
150030,AFUÁ,,,7880,1570,3687,3265,1358,1159,841,677,503,299,383,21622,2012,Marajó
150030,AFUÁ,,,8112,1681,3943,3540,1430,1205,931,727,555,321,431,22876,2013,Marajó
150030,AFUÁ,,,8327,1766,4321,3882,1516,1291,993,829,601,378,519,24423,2014,Marajó
150030,AFUÁ,2316.0,2611.0,8590,1754,4633,3995,1606,1309,1057,828,584,357,417,30057,2015,Marajó
150030,AFUÁ,2650.0,2735.0,8499,1843,4950,4247,1692,1353,1069,851,582,382,410,31263,2016,Marajó
150030,AFUÁ,3049.0,2814.0,8639,1853,5341,4529,1761,1429,1149,849,637,373,663,33086,2017,Marajó
150030,AFUÁ,2850.0,2793.0,8437,1774,5371,4630,1798,1413,1183,869,655,380,729,32882,2018,Marajó
150030,AFUÁ,3143.0,2807.0,8240,1771,5308,4816,1853,1492,1202,930,679,360,813,33414,2019,Marajó
150030,AFUÁ,2403.0,2812.0,8190,1757,5349,5023,1883,1551,1225,962,711,374,851,33091,2020,Marajó
150030,AFUÁ,2159.0,2762.0,8045,1778,5446,5200,1909,1631,1262,988,761,442,939,33322,2021,Marajó
150030,AFUÁ,2806.0,2786.0,8131,1790,5613,5749,2083,1773,1429,1132,845,548,1093,35778,2022,Marajó
150030,AFUÁ,3354.0,2936.0,8289,1745,5719,6087,2180,1820,1495,1232,909,632,1092,37490,2023,Marajó
150030,AFUÁ,3613.0,3027.0,8409,1805,5713,6288,2226,1895,1559,1263,925,656,1070,38449,2024,Marajó
150030,AFUÁ,3482.0,3089.0,8632,1749,5654,6478,2294,2016,1660,1357,1017,705,1158,39291,2025,Marajó
150034,ÁGUA AZUL DO NORTE,776.0,707.0,2044,445,1188,1436,592,636,583,509,425,379,743,10463,2025,Araguaia
150034,ÁGUA AZUL DO NORTE,824.0,737.0,2129,431,1300,1411,622,651,546,479,415,358,721,10624,2024,Araguaia
150034,ÁGUA AZUL DO NORTE,855.0,796.0,2201,452,1497,1658,727,679,598,531,480,374,784,11632,2023,Araguaia
150034,ÁGUA AZUL DO NORTE,805.0,768.0,2215,504,1546,1658,757,662,590,503,462,376,800,11646,2022,Araguaia
150034,ÁGUA AZUL DO NORTE,774.0,781.0,2069,499,1501,1496,672,594,514,413,390,356,677,10736,2021,Araguaia
150034,ÁGUA AZUL DO NORTE,749.0,759.0,2016,474,1499,1435,637,551,473,404,354,320,552,10223,2020,Araguaia
150034,ÁGUA AZUL DO NORTE,868.0,758.0,2109,476,1542,1454,678,543,462,406,366,324,561,10547,2019,Araguaia
150034,ÁGUA AZUL DO NORTE,894.0,728.0,2312,502,1553,1556,677,562,467,419,341,275,477,10763,2018,Araguaia
150034,ÁGUA AZUL DO NORTE,868.0,731.0,2484,564,1596,1632,734,599,460,431,339,275,416,11129,2017,Araguaia
150034,ÁGUA AZUL DO NORTE,886.0,744.0,2569,592,1595,1743,764,600,481,432,361,269,373,11409,2016,Araguaia
150034,ÁGUA AZUL DO NORTE,818.0,796.0,2666,568,1677,1795,800,609,522,438,384,284,419,11776,2015,Araguaia
150034,ÁGUA AZUL DO NORTE,,,2753,594,1744,1938,797,635,553,461,384,298,568,10725,2014,Araguaia
150034,ÁGUA AZUL DO NORTE,,,2727,621,1661,1878,764,594,527,421,347,290,511,10341,2013,Araguaia
150034,ÁGUA AZUL DO NORTE,,,2892,630,1703,1928,811,578,537,417,334,285,471,10586,2012,Araguaia
150040,ALENQUER,,,11772,2468,4710,5461,2349,1827,1472,1165,882,783,1428,34317,2012,Baixo Amazonas
150040,ALENQUER,,,12152,2478,4721,5469,2360,1922,1467,1187,928,867,1698,35249,2013,Baixo Amazonas
150040,ALENQUER,,,12284,2379,5077,5504,2432,1988,1506,1269,983,928,1954,36304,2014,Baixo Amazonas
150040,ALENQUER,3233.0,3552.0,12006,2444,4696,4928,2316,1901,1461,1149,907,839,1777,41209,2015,Baixo Amazonas
150040,ALENQUER,3396.0,3438.0,11899,2465,4569,4610,2196,1906,1368,1094,877,731,1242,39791,2016,Baixo Amazonas
150040,ALENQUER,3425.0,3395.0,11684,2371,4637,4468,2187,1881,1419,1063,834,733,1367,39464,2017,Baixo Amazonas
150040,ALENQUER,3699.0,3322.0,11645,2339,5202,4781,2259,1903,1454,1106,796,701,1512,40719,2018,Baixo Amazonas
150040,ALENQUER,4053.0,3388.0,11529,2512,5877,5019,2383,2004,1563,1174,862,764,1772,42900,2019,Baixo Amazonas
150040,ALENQUER,3320.0,3372.0,11118,2608,6319,5022,2434,2002,1566,1239,878,714,1733,42325,2020,Baixo Amazonas
150040,ALENQUER,3289.0,3375.0,10817,2725,6334,5355,2433,2090,1720,1286,1048,806,2026,43304,2021,Baixo Amazonas
150040,ALENQUER,3401.0,3294.0,10550,2738,7138,6134,2648,2414,1982,1488,1246,942,2381,46356,2022,Baixo Amazonas
150040,ALENQUER,3853.0,3380.0,10295,2640,7611,6468,2755,2588,2116,1637,1309,1010,2335,47997,2023,Baixo Amazonas
150040,ALENQUER,3975.0,3379.0,10106,2477,7395,6260,2591,2517,2095,1647,1166,930,1896,46434,2024,Baixo Amazonas
150040,ALENQUER,3851.0,3338.0,9959,2414,7513,6558,2579,2672,2190,1751,1295,962,1812,46894,2025,Baixo Amazonas
150050,ALMEIRIM,,,5701,1295,3477,3249,1145,943,777,631,455,344,484,18501,2012,Baixo Amazonas
150050,ALMEIRIM,,,5894,1252,3671,3423,1213,961,828,662,524,346,540,19314,2013,Baixo Amazonas
150050,ALMEIRIM,,,5889,1238,3874,3599,1297,1036,835,704,553,380,582,19987,2014,Baixo Amazonas
150050,ALMEIRIM,2034.0,1869.0,5607,1175,3590,3299,1214,933,772,624,497,313,400,22327,2015,Baixo Amazonas
150050,ALMEIRIM,1961.0,1823.0,5533,1185,3548,3335,1224,928,748,629,476,325,347,22062,2016,Baixo Amazonas
150050,ALMEIRIM,2324.0,1870.0,5722,1183,3791,3600,1308,1002,744,614,519,318,470,23465,2017,Baixo Amazonas
150050,ALMEIRIM,2380.0,1927.0,5669,1151,3819,3782,1390,1061,773,630,496,325,469,23872,2018,Baixo Amazonas
150050,ALMEIRIM,2358.0,2025.0,5676,1230,3926,3871,1476,1134,827,655,532,352,581,24643,2019,Baixo Amazonas
150050,ALMEIRIM,1999.0,1985.0,5659,1218,3748,3902,1461,1136,849,676,524,372,604,24133,2020,Baixo Amazonas
150050,ALMEIRIM,2115.0,1953.0,5728,1166,3802,4048,1544,1212,922,742,625,409,697,24963,2021,Baixo Amazonas
150050,ALMEIRIM,2241.0,1948.0,5783,1254,3730,4274,1716,1413,1065,877,725,572,854,26452,2022,Baixo Amazonas
150050,ALMEIRIM,2330.0,1948.0,5633,1248,3650,4205,1690,1462,1154,905,766,637,981,26609,2023,Baixo Amazonas
150050,ALMEIRIM,2139.0,1902.0,5411,1225,3574,3991,1600,1431,1178,946,746,631,1003,25777,2024,Baixo Amazonas
150050,ALMEIRIM,1957.0,1825.0,5233,1198,3433,3771,1592,1421,1181,958,789,651,1072,25081,2025,Baixo Amazonas
150060,ALTAMIRA,5307.0,5192.0,15581,3228,9033,10568,4803,4670,3851,3167,2781,2577,5747,76505,2025,Xingu
150060,ALTAMIRA,5358.0,5297.0,15352,3236,9138,10507,4796,4606,3701,2979,2588,2474,5412,75444,2024,Xingu
150060,ALTAMIRA,5312.0,5201.0,15251,3141,9072,10591,4916,4653,3698,2967,2669,2421,5759,75651,2023,Xingu
150060,ALTAMIRA,4619.0,5192.0,14560,2931,8658,9966,4628,4339,3353,2752,2418,2215,5552,71183,2022,Xingu
150060,ALTAMIRA,3728.0,4929.0,13485,2694,7747,8501,4139,3543,2685,2175,1927,1874,4714,62141,2021,Xingu
150060,ALTAMIRA,4127.0,5017.0,12943,2632,7264,8140,3982,3168,2427,2046,1738,1784,4191,59459,2020,Xingu
150060,ALTAMIRA,5191.0,4972.0,13213,2608,7207,8262,4037,3037,2328,1925,1732,1744,3974,60230,2019,Xingu
150060,ALTAMIRA,5140.0,4624.0,12980,2591,6728,7784,3688,2729,2021,1638,1433,1500,3044,55900,2018,Xingu
150060,ALTAMIRA,4964.0,4558.0,13510,2843,7057,7886,3723,2715,1981,1563,1317,1228,2385,55730,2017,Xingu
150060,ALTAMIRA,4682.0,4445.0,13923,2867,7242,8098,3633,2626,1913,1543,1180,1009,1727,54888,2016,Xingu
150060,ALTAMIRA,4138.0,4280.0,14190,2901,7373,8020,3592,2623,2069,1600,1246,967,1549,54548,2015,Xingu
150060,ALTAMIRA,,,14407,3214,8697,8731,3748,3000,2429,1956,1375,1137,1727,50421,2014,Xingu
150060,ALTAMIRA,,,12832,2928,7379,7265,3254,2664,2162,1660,1229,916,1354,43643,2013,Xingu
150060,ALTAMIRA,,,12260,2660,6740,6520,2949,2587,2015,1517,1126,810,1138,40322,2012,Xingu
150070,ANAJÁS,2599.0,2469.0,6866,1490,4760,4584,1736,1483,1269,954,693,506,1212,30621,2025,Marajó
150070,ANAJÁS,2867.0,2491.0,6805,1576,4855,4629,1781,1482,1239,930,620,526,1172,30973,2024,Marajó
150070,ANAJÁS,2939.0,2489.0,6804,1550,4875,4747,1838,1528,1205,909,630,501,1156,31171,2023,Marajó
150070,ANAJÁS,2738.0,2468.0,6898,1468,4802,4537,1754,1472,1164,847,614,452,1129,30343,2022,Marajó
150070,ANAJÁS,2542.0,2359.0,6733,1434,4190,3852,1521,1260,977,716,472,388,975,27419,2021,Marajó
150070,ANAJÁS,2103.0,2281.0,6505,1392,3794,3483,1381,1181,865,632,429,310,889,25245,2020,Marajó
150070,ANAJÁS,2435.0,2267.0,6572,1327,3734,3421,1355,1127,843,569,486,287,873,25296,2019,Marajó
150070,ANAJÁS,2482.0,2265.0,6716,1313,3721,3306,1350,1055,780,545,456,285,587,24861,2018,Marajó
150070,ANAJÁS,2310.0,2314.0,6759,1378,3785,3250,1311,1041,743,542,468,294,702,24897,2017,Marajó
150070,ANAJÁS,2443.0,2265.0,6772,1329,3589,3181,1281,995,716,500,467,303,664,24505,2016,Marajó
150070,ANAJÁS,2354.0,2236.0,6754,1325,3470,3185,1264,948,698,533,470,335,708,24280,2015,Marajó
150070,ANAJÁS,,,6784,1318,3487,3264,1273,973,678,585,431,349,710,19852,2014,Marajó
150070,ANAJÁS,,,6529,1263,2991,3094,1193,903,658,544,407,318,572,18472,2013,Marajó
150070,ANAJÁS,,,6375,1235,2746,3012,1151,864,622,520,409,311,522,17767,2012,Marajó
150080,ANANINDEUA,11680.0,12137.0,40271,9799,29448,32719,15516,16002,14332,12443,10783,9738,22425,237293,2025,Guajará
150080,ANANINDEUA,12456.0,12375.0,40737,9691,29172,32407,15723,16119,14053,12258,10290,9435,21051,235767,2024,Guajará
150080,ANANINDEUA,12255.0,13483.0,41997,9438,29769,34939,16998,17435,15427,13726,11795,10545,22744,250551,2023,Guajará
150080,ANANINDEUA,10717.0,13975.0,40980,9502,28910,33769,16752,16777,14686,13156,11056,9999,21666,241945,2022,Guajará
150080,ANANINDEUA,8559.0,13065.0,37917,8543,27289,30605,15387,14739,12662,11194,9453,8724,18644,216781,2021,Guajará
150080,ANANINDEUA,9963.0,12442.0,36742,8187,25697,28624,14642,13334,11371,10195,8372,7992,16343,203904,2020,Guajará
150080,ANANINDEUA,13670.0,12950.0,38953,8847,27218,30259,15552,13757,11774,9979,8422,7761,14815,213957,2019,Guajará
150080,ANANINDEUA,15641.0,12360.0,38609,8613,25104,27393,14170,11897,9828,7754,6529,6085,11019,195002,2018,Guajará
150080,ANANINDEUA,15238.0,13726.0,42646,9553,27014,29090,15058,12436,9860,7310,5760,4987,8798,201476,2017,Guajará
150080,ANANINDEUA,14914.0,13688.0,44227,9961,26903,28649,14400,11695,8691,6188,4624,4065,6229,194234,2016,Guajará
150080,ANANINDEUA,12098.0,13048.0,44045,9734,25829,26725,13224,10872,8071,5388,4031,3518,6023,182606,2015,Guajará
150080,ANANINDEUA,,,44289,9776,27606,25493,12437,10760,8034,5276,3581,3237,8181,158670,2014,Guajará
150080,ANANINDEUA,,,42181,9542,24009,21705,11038,9417,6761,4304,2909,2949,7182,141997,2013,Guajará
150080,ANANINDEUA,,,41385,9509,21539,20591,10537,8880,6109,3806,2532,3077,6495,134460,2012,Guajará
150085,ANAPU,,,4317,854,2313,2583,948,690,623,451,398,229,317,13723,2012,Xingu
150085,ANAPU,,,4760,931,2531,2776,1055,755,666,522,440,276,372,15084,2013,Xingu
150085,ANAPU,,,4789,959,2531,2792,1102,843,640,572,435,342,437,15442,2014,Xingu
150085,ANAPU,1411.0,1420.0,4877,966,2431,2702,1140,806,689,550,446,341,439,18218,2015,Xingu
150085,ANAPU,1554.0,1561.0,5020,998,2485,2690,1182,871,669,560,421,347,403,18761,2016,Xingu
150085,ANAPU,1675.0,1661.0,5232,1003,2493,2757,1204,908,687,580,428,338,498,19464,2017,Xingu
150085,ANAPU,1887.0,1715.0,5305,1020,2715,2813,1307,998,705,577,472,330,573,20417,2018,Xingu
150085,ANAPU,2098.0,1866.0,5493,1118,3023,3010,1427,1104,789,613,517,375,755,22188,2019,Xingu
150085,ANAPU,1879.0,1886.0,5498,1130,3138,3079,1472,1181,802,680,525,407,772,22449,2020,Xingu
150085,ANAPU,1841.0,1909.0,5648,1223,3237,3308,1593,1293,929,728,623,482,971,23785,2021,Xingu
150085,ANAPU,1937.0,1874.0,5661,1269,3697,4078,1889,1629,1221,946,819,636,1302,26958,2022,Xingu
150085,ANAPU,2391.0,2081.0,5974,1302,3827,4321,1963,1745,1356,1029,847,743,1449,29028,2023,Xingu
150085,ANAPU,2316.0,1961.0,5681,1295,3497,3889,1731,1677,1333,992,760,721,1559,27412,2024,Xingu
150085,ANAPU,2062.0,1856.0,5426,1307,3350,3980,1764,1801,1431,1065,931,772,1741,27486,2025,Xingu
150090,AUGUSTO CORRÊA,,,9483,1943,5077,5662,1925,1615,1371,1137,951,668,1113,30945,2012,Rio Caeté
150090,AUGUSTO CORRÊA,,,9703,1983,5324,5863,2056,1661,1450,1163,980,747,1225,32155,2013,Rio Caeté
150090,AUGUSTO CORRÊA,,,9780,1971,5775,6096,2209,1725,1502,1236,983,838,1342,33457,2014,Rio Caeté
150090,AUGUSTO CORRÊA,2936.0,3034.0,9678,2031,5826,5806,2182,1734,1451,1227,966,739,947,38557,2015,Rio Caeté
150090,AUGUSTO CORRÊA,3003.0,2942.0,9664,2054,6148,5859,2304,1799,1475,1289,990,754,972,39253,2016,Rio Caeté
150090,AUGUSTO CORRÊA,2889.0,2876.0,9414,2038,6134,5851,2406,1779,1552,1259,993,674,831,38696,2017,Rio Caeté
150090,AUGUSTO CORRÊA,2854.0,2743.0,8989,1953,5781,5689,2338,1822,1524,1267,911,533,716,37120,2018,Rio Caeté
150090,AUGUSTO CORRÊA,2787.0,2696.0,8655,1892,5601,5725,2430,1949,1577,1323,922,556,806,36919,2019,Rio Caeté
150090,AUGUSTO CORRÊA,2278.0,2609.0,8542,1821,5376,5661,2505,1954,1611,1356,967,589,819,36088,2020,Rio Caeté
150090,AUGUSTO CORRÊA,2372.0,2603.0,8571,1818,5347,5752,2539,2076,1708,1426,1101,657,959,36929,2021,Rio Caeté
150090,AUGUSTO CORRÊA,2578.0,2539.0,8387,1920,5584,6442,2838,2493,1955,1727,1405,838,1245,39951,2022,Rio Caeté
150090,AUGUSTO CORRÊA,2921.0,2457.0,8262,1902,5631,6413,2864,2593,2062,1780,1490,926,1345,40646,2023,Rio Caeté
150090,AUGUSTO CORRÊA,2725.0,2422.0,7869,1852,5346,5887,2717,2522,2047,1738,1483,946,1293,38847,2024,Rio Caeté
150090,AUGUSTO CORRÊA,2622.0,2407.0,7620,1823,5127,5723,2620,2566,2049,1744,1544,967,1342,38154,2025,Rio Caeté
150095,AURORA DO PARÁ,1441.0,1264.0,3735,968,2450,2714,1185,1182,993,910,840,557,1072,19311,2025,Rio Capim
150095,AURORA DO PARÁ,1513.0,1280.0,3812,947,2513,2682,1195,1132,974,874,762,512,1016,19212,2024,Rio Capim
150095,AURORA DO PARÁ,1500.0,1293.0,3966,908,2677,2934,1282,1208,1016,890,786,506,1042,20008,2023,Rio Capim
150095,AURORA DO PARÁ,1430.0,1220.0,3944,923,2694,2918,1242,1160,995,827,742,469,961,19525,2022,Rio Capim
150095,AURORA DO PARÁ,1369.0,1249.0,4019,896,2523,2388,1032,893,763,649,538,341,783,17443,2021,Rio Capim
150095,AURORA DO PARÁ,1326.0,1203.0,3920,885,2386,2188,975,810,682,599,415,297,681,16367,2020,Rio Capim
150095,AURORA DO PARÁ,1435.0,1199.0,4013,910,2444,2208,1009,797,699,593,406,306,686,16705,2019,Rio Capim
150095,AURORA DO PARÁ,1386.0,1261.0,4140,915,2436,2224,975,810,672,563,394,302,602,16680,2018,Rio Capim
150095,AURORA DO PARÁ,1410.0,1325.0,4294,964,2557,2276,996,867,669,584,393,305,586,17226,2017,Rio Capim
150095,AURORA DO PARÁ,1339.0,1325.0,4416,1058,2396,2312,977,873,692,562,409,325,499,17183,2016,Rio Capim
150095,AURORA DO PARÁ,1271.0,1344.0,4468,1032,2513,2304,979,873,732,523,396,334,555,17324,2015,Rio Capim
150095,AURORA DO PARÁ,,,4674,1043,2602,2519,1037,903,741,533,427,366,644,15489,2014,Rio Capim
150095,AURORA DO PARÁ,,,4622,1015,2611,2451,1019,830,700,501,445,321,566,15081,2013,Rio Capim
150095,AURORA DO PARÁ,,,4645,1014,2488,2324,970,789,683,489,388,261,514,14565,2012,Rio Capim
150100,AVEIRO,,,3389,846,2104,1637,626,535,474,437,364,234,375,11021,2012,Tapajós
150100,AVEIRO,,,3364,822,2103,1677,658,518,503,436,378,257,414,11130,2013,Tapajós
150100,AVEIRO,,,3255,775,2241,1776,701,529,541,460,395,301,466,11440,2014,Tapajós
150100,AVEIRO,934.0,827.0,2991,726,2077,1633,653,521,489,409,392,280,346,12278,2015,Tapajós
150100,AVEIRO,949.0,813.0,2883,669,2008,1597,624,517,453,414,355,262,316,11860,2016,Tapajós
150100,AVEIRO,849.0,823.0,2626,608,1948,1546,629,516,422,384,359,275,408,11393,2017,Tapajós
150100,AVEIRO,788.0,771.0,2338,576,1803,1499,568,504,397,366,324,256,391,10581,2018,Tapajós
150100,AVEIRO,767.0,755.0,2213,519,1693,1486,573,508,389,370,326,223,402,10224,2019,Tapajós
150100,AVEIRO,602.0,743.0,2109,494,1623,1488,567,492,387,350,297,217,395,9764,2020,Tapajós
150100,AVEIRO,731.0,707.0,2131,496,1609,1607,605,543,420,375,321,248,456,10249,2021,Tapajós
150100,AVEIRO,857.0,768.0,2279,538,1653,1735,647,614,485,419,363,308,566,11232,2022,Tapajós
150100,AVEIRO,975.0,806.0,2341,535,1660,1810,684,631,513,440,426,330,621,11772,2023,Tapajós
150100,AVEIRO,966.0,858.0,2398,518,1614,1874,694,642,567,454,430,360,663,12038,2024,Tapajós
150100,AVEIRO,964.0,846.0,2400,530,1591,1871,713,695,612,504,457,397,810,12390,2025,Tapajós
150110,BAGRE,2125.0,1719.0,5059,1106,3534,3425,1156,946,792,608,440,300,542,21752,2025,Marajó
150110,BAGRE,2091.0,1712.0,4977,1104,3356,3147,1030,906,659,564,361,267,476,20650,2024,Marajó
150110,BAGRE,2004.0,1716.0,4925,1101,3100,2864,955,847,628,492,375,247,482,19736,2023,Marajó
150110,BAGRE,1739.0,1703.0,4946,1117,3146,2921,980,833,644,462,333,226,447,19497,2022,Marajó
150110,BAGRE,1282.0,1659.0,4843,1059,2970,2617,874,779,592,434,274,198,351,17932,2021,Marajó
150110,BAGRE,1541.0,1690.0,4884,1051,2966,2529,874,721,566,418,257,170,297,17964,2020,Marajó
150110,BAGRE,1929.0,1698.0,4889,1076,3056,2464,886,680,576,358,277,178,298,18365,2019,Marajó
150110,BAGRE,1824.0,1592.0,4940,1022,2986,2315,881,687,528,350,273,159,181,17738,2018,Marajó
150110,BAGRE,1714.0,1549.0,4988,980,2906,2255,849,679,505,336,254,175,179,17369,2017,Marajó
150110,BAGRE,1629.0,1532.0,4945,1004,2813,2184,875,652,493,321,261,182,172,17063,2016,Marajó
150110,BAGRE,1329.0,1524.0,4849,941,2604,2134,818,637,501,326,260,177,237,16337,2015,Marajó
150110,BAGRE,,,4766,922,2559,2169,768,660,430,354,269,195,316,13408,2014,Marajó
150110,BAGRE,,,4448,886,2412,1973,720,611,426,306,259,184,295,12520,2013,Marajó
150110,BAGRE,,,4433,884,2316,1915,726,584,394,296,254,194,250,12246,2012,Marajó
150120,BAIÃO,,,6029,1300,3515,3310,1327,1015,807,562,451,274,225,18815,2012,Tocantins
150120,BAIÃO,,,6080,1367,3622,3480,1406,1085,891,601,499,314,275,19620,2013,Tocantins
150120,BAIÃO,,,5984,1327,3901,3642,1433,1129,923,680,507,388,321,20235,2014,Tocantins
150120,BAIÃO,1906.0,1707.0,5956,1225,3925,3621,1376,1156,913,681,491,350,287,23594,2015,Tocantins
150120,BAIÃO,1990.0,1737.0,5858,1223,3981,3696,1416,1200,898,708,509,314,280,23810,2016,Tocantins
150120,BAIÃO,2144.0,1753.0,5771,1349,3992,3788,1406,1232,924,722,470,297,304,24152,2017,Tocantins
150120,BAIÃO,2152.0,1811.0,5731,1345,4116,3897,1449,1247,928,747,479,287,260,24449,2018,Tocantins
150120,BAIÃO,2177.0,1871.0,5677,1347,4307,4036,1537,1319,969,791,524,283,418,25256,2019,Tocantins
150120,BAIÃO,1951.0,1884.0,5555,1398,4273,4109,1621,1293,1049,850,529,263,445,25220,2020,Tocantins
150120,BAIÃO,1950.0,1887.0,5471,1399,4182,4306,1662,1379,1147,884,625,328,542,25762,2021,Tocantins
150120,BAIÃO,1986.0,1846.0,5398,1329,4120,4473,1794,1456,1299,978,777,417,719,26592,2022,Tocantins
150120,BAIÃO,2106.0,1817.0,5249,1288,4020,4526,1824,1502,1359,1057,852,484,890,26974,2023,Tocantins
150120,BAIÃO,2053.0,1764.0,5127,1273,4103,4402,1838,1545,1399,1078,838,509,919,26848,2024,Tocantins
150120,BAIÃO,2021.0,1768.0,5246,1193,4203,4631,1968,1717,1470,1269,979,540,1019,28024,2025,Tocantins
150125,BANNACH,179.0,169.0,517,116,346,377,178,224,165,141,115,101,207,2835,2025,Araguaia
150125,BANNACH,190.0,154.0,501,112,349,360,167,220,158,126,103,91,179,2710,2024,Araguaia
150125,BANNACH,183.0,160.0,485,96,371,379,183,205,150,132,108,104,221,2777,2023,Araguaia
150125,BANNACH,136.0,151.0,441,87,341,363,177,175,140,104,104,103,218,2540,2022,Araguaia
150125,BANNACH,77.0,116.0,384,79,297,268,155,139,110,78,82,82,171,2038,2021,Araguaia
150125,BANNACH,97.0,127.0,390,95,263,264,155,119,106,68,68,78,157,1987,2020,Araguaia
150125,BANNACH,123.0,136.0,410,97,263,278,148,123,86,76,74,71,152,2037,2019,Araguaia
150125,BANNACH,128.0,133.0,440,95,266,277,159,121,91,76,66,63,120,2035,2018,Araguaia
150125,BANNACH,133.0,124.0,469,111,272,319,163,118,86,58,58,54,104,2069,2017,Araguaia
150125,BANNACH,110.0,119.0,465,113,289,293,151,111,76,59,55,42,85,1968,2016,Araguaia
150125,BANNACH,98.0,122.0,513,120,313,343,167,128,94,73,63,53,90,2177,2015,Araguaia
150125,BANNACH,,,558,144,396,386,195,156,117,91,76,57,129,2305,2014,Araguaia
150125,BANNACH,,,572,142,351,403,183,155,110,90,69,62,113,2250,2013,Araguaia
150125,BANNACH,,,602,137,307,407,183,153,116,80,71,59,99,2214,2012,Araguaia
150130,BARCARENA,5564.0,5424.0,16285,3838,11034,12034,5651,5288,4253,3461,3014,2434,4930,83210,2025,Tocantins
150130,BARCARENA,5753.0,5441.0,15997,3864,10694,12028,5632,4995,4093,3370,2823,2397,4774,81861,2024,Tocantins
150130,BARCARENA,5770.0,5303.0,15873,3771,10539,12197,5635,5017,4138,3450,2902,2535,4936,82066,2023,Tocantins
150130,BARCARENA,4822.0,5061.0,15355,3501,9878,11367,5243,4567,3769,3176,2652,2250,4631,76272,2022,Tocantins
150130,BARCARENA,3527.0,4587.0,14504,3075,9397,10059,4604,3794,3073,2527,2142,1846,3833,66968,2021,Tocantins
150130,BARCARENA,3932.0,4554.0,14146,3044,9004,9543,4278,3423,2717,2288,1927,1556,3367,63779,2020,Tocantins
150130,BARCARENA,4763.0,4736.0,14737,3107,9420,9802,4283,3499,2749,2164,1939,1551,3268,66018,2019,Tocantins
150130,BARCARENA,5183.0,4903.0,15121,3097,9385,9850,4327,3457,2669,2107,1842,1501,2766,66208,2018,Tocantins
150130,BARCARENA,5077.0,4888.0,15654,3312,9546,10234,4402,3500,2663,2109,1712,1335,2478,66910,2017,Tocantins
150130,BARCARENA,4983.0,5074.0,16069,3416,9527,10494,4375,3460,2625,2055,1641,1237,1928,66884,2016,Tocantins
150130,BARCARENA,4962.0,5036.0,16168,3409,9593,10423,4227,3326,2615,1984,1565,1161,1787,66256,2015,Tocantins
150130,BARCARENA,,,16757,3565,9969,10656,4363,3425,2577,2037,1537,1132,1763,57781,2014,Tocantins
150130,BARCARENA,,,16300,3601,8752,9706,3972,2994,2307,1771,1305,952,1361,53021,2013,Tocantins
150130,BARCARENA,,,15364,3294,7634,8630,3478,2638,1984,1447,1060,752,1016,47297,2012,Tocantins
150140,BELÉM,31820.0,33574.0,108023,26465,75674,87035,41743,45271,43177,38724,34773,31135,75029,672443,2025,Guajará
150140,BELÉM,35428.0,35279.0,111155,26470,78393,90610,44227,47315,44636,39828,35151,31780,73027,693299,2024,Guajará
150140,BELÉM,37391.0,36490.0,115428,26044,86149,101727,49070,53252,48965,44246,38555,34398,75732,747447,2023,Guajará
150140,BELÉM,33985.0,35561.0,114251,25795,84537,97517,48200,51178,46545,41846,36393,32038,71455,719301,2022,Guajará
150140,BELÉM,29488.0,34388.0,108534,24151,79294,85390,42774,43256,37917,33433,29311,26656,61328,635920,2021,Guajará
150140,BELÉM,29961.0,33718.0,104186,23404,74894,79525,41427,39252,34167,30275,25856,23911,54336,594912,2020,Guajará
150140,BELÉM,34536.0,34760.0,104128,23637,73741,78283,40650,37483,31414,27333,23604,21612,48439,579620,2019,Guajará
150140,BELÉM,32957.0,33466.0,103050,23580,67477,70849,37499,31993,26051,21980,18593,17660,34004,519159,2018,Guajará
150140,BELÉM,32100.0,33340.0,105716,24706,68503,68403,35240,29026,22537,17606,13992,13763,23961,488893,2017,Guajará
150140,BELÉM,30613.0,32187.0,107291,24802,65705,65796,33127,26428,19823,14350,10876,10010,15259,456267,2016,Guajará
150140,BELÉM,29214.0,31831.0,107824,24198,64373,65386,31805,25362,19248,13415,9872,8232,13200,443960,2015,Guajará
150140,BELÉM,,,111480,24542,75658,72634,33733,28689,21955,14943,10005,7815,13633,415087,2014,Guajará
150140,BELÉM,,,105335,23587,68707,65081,30666,26571,19300,12748,8404,6438,11484,378321,2013,Guajará
150140,BELÉM,,,102324,22337,66148,62144,29356,25157,17600,11399,7620,5711,10014,359810,2012,Guajará
150145,BELTERRA,1058.0,986.0,2862,663,1859,2003,918,970,906,737,652,602,1245,15461,2025,Baixo Amazonas
150145,BELTERRA,1095.0,970.0,2828,729,1824,2003,918,997,833,719,622,588,1163,15289,2024,Baixo Amazonas
150145,BELTERRA,1072.0,941.0,2893,682,1867,2016,933,990,786,692,612,589,1140,15213,2023,Baixo Amazonas
150145,BELTERRA,954.0,887.0,2998,680,1863,1899,935,926,769,626,562,523,983,14605,2022,Baixo Amazonas
150145,BELTERRA,806.0,949.0,2894,692,1868,1810,888,841,707,580,509,440,823,13807,2021,Baixo Amazonas
150145,BELTERRA,816.0,936.0,2867,678,1818,1700,816,785,630,524,478,370,728,13146,2020,Baixo Amazonas
150145,BELTERRA,956.0,1004.0,2939,709,1778,1701,867,731,626,522,463,373,709,13378,2019,Baixo Amazonas
150145,BELTERRA,1056.0,1009.0,3125,700,1850,1708,867,703,619,523,426,338,615,13539,2018,Baixo Amazonas
150145,BELTERRA,1085.0,1013.0,3380,740,1941,1773,893,725,649,536,436,363,565,14099,2017,Baixo Amazonas
150145,BELTERRA,1123.0,964.0,3503,773,1934,1814,854,739,640,534,417,344,465,14104,2016,Baixo Amazonas
150145,BELTERRA,1038.0,952.0,3614,800,1991,1864,896,760,655,559,424,364,504,14421,2015,Baixo Amazonas
150145,BELTERRA,,,3795,828,2092,2147,945,833,684,623,468,415,666,13496,2014,Baixo Amazonas
150145,BELTERRA,,,3833,802,2019,2201,943,781,695,570,475,379,614,13312,2013,Baixo Amazonas
150145,BELTERRA,,,3794,785,2026,2214,925,729,653,560,464,329,524,13003,2012,Baixo Amazonas
150150,BENEVIDES,,,7518,1688,4027,4450,1848,1455,977,753,566,356,487,24125,2012,Guajará
150150,BENEVIDES,,,8072,1760,4457,4959,2120,1598,1148,864,679,501,782,26940,2013,Guajará
150150,BENEVIDES,,,8638,1818,5167,5649,2407,1841,1325,1014,777,623,943,30202,2014,Guajará
150150,BENEVIDES,2449.0,2610.0,8734,1872,5227,5748,2548,1908,1416,1015,862,705,1102,36196,2015,Guajará
150150,BENEVIDES,2480.0,2629.0,8612,1873,5192,5468,2592,1968,1415,1051,859,743,1191,36073,2016,Guajará
150150,BENEVIDES,2816.0,2775.0,8571,1941,5284,5471,2609,1989,1524,1102,927,814,1380,37203,2017,Guajará
150150,BENEVIDES,3034.0,2849.0,8597,1983,5417,5622,2707,2133,1619,1288,1063,954,1681,38947,2018,Guajará
150150,BENEVIDES,3205.0,2928.0,8682,2001,5689,5988,2865,2370,1813,1440,1229,1138,2214,41562,2019,Guajará
150150,BENEVIDES,2545.0,2903.0,8520,1865,5657,5996,2785,2389,1906,1543,1295,1178,2439,41021,2020,Guajará
150150,BENEVIDES,2600.0,3001.0,8840,1911,5832,6399,2981,2755,2187,1759,1507,1372,2869,44013,2021,Guajará
150150,BENEVIDES,2980.0,3050.0,9229,2067,6086,7075,3317,3283,2639,2296,1859,1657,3433,48971,2022,Guajará
150150,BENEVIDES,3111.0,3119.0,9319,2070,6421,7250,3561,3471,2863,2445,2036,1801,3726,51193,2023,Guajará
150150,BENEVIDES,3086.0,2924.0,9336,2061,6429,7041,3392,3440,2821,2388,1948,1764,3769,50399,2024,Guajará
150150,BENEVIDES,2897.0,2842.0,8952,1965,6048,6724,3157,3288,2824,2386,2023,1775,3650,48531,2025,Guajará
150157,BOM JESUS DO TOCANTINS,,,2245,487,1202,1220,522,425,332,251,211,172,252,7319,2012,Carajás
150157,BOM JESUS DO TOCANTINS,,,2222,522,1222,1281,527,449,359,268,236,191,342,7619,2013,Carajás
150157,BOM JESUS DO TOCANTINS,,,2241,530,1359,1313,571,484,392,319,256,204,436,8105,2014,Carajás
150157,BOM JESUS DO TOCANTINS,758.0,674.0,2150,487,1368,1256,571,474,380,315,268,211,443,9355,2015,Carajás
150157,BOM JESUS DO TOCANTINS,755.0,654.0,2090,487,1276,1196,559,457,351,320,252,227,376,9000,2016,Carajás
150157,BOM JESUS DO TOCANTINS,776.0,718.0,2024,461,1337,1221,556,483,371,330,260,237,461,9235,2017,Carajás
150157,BOM JESUS DO TOCANTINS,815.0,717.0,1985,472,1330,1166,552,469,367,349,253,233,461,9169,2018,Carajás
150157,BOM JESUS DO TOCANTINS,832.0,726.0,2034,460,1380,1194,587,505,392,366,300,280,584,9640,2019,Carajás
150157,BOM JESUS DO TOCANTINS,679.0,752.0,1984,415,1386,1195,580,508,403,361,316,303,619,9501,2020,Carajás
150157,BOM JESUS DO TOCANTINS,744.0,740.0,2093,454,1445,1298,620,564,464,384,378,329,713,10226,2021,Carajás
150157,BOM JESUS DO TOCANTINS,784.0,780.0,2172,458,1472,1460,638,602,552,439,434,368,833,10992,2022,Carajás
150157,BOM JESUS DO TOCANTINS,803.0,761.0,2184,437,1443,1449,654,646,571,462,460,377,890,11137,2023,Carajás
150157,BOM JESUS DO TOCANTINS,826.0,791.0,2147,472,1393,1461,647,685,582,470,473,367,886,11200,2024,Carajás
150157,BOM JESUS DO TOCANTINS,809.0,792.0,2201,443,1364,1511,642,707,613,490,474,388,883,11317,2025,Carajás
150160,BONITO,,,2160,453,1332,1469,583,437,384,283,248,140,186,7675,2012,Rio Caeté
150160,BONITO,,,2228,484,1411,1595,626,481,409,325,280,173,219,8231,2013,Rio Caeté
150160,BONITO,,,2256,491,1505,1722,671,524,438,345,299,194,273,8718,2014,Rio Caeté
150160,BONITO,675.0,610.0,2267,486,1437,1707,665,546,465,350,284,198,212,9902,2015,Rio Caeté
150160,BONITO,648.0,613.0,2217,468,1413,1633,678,551,453,358,278,203,186,9699,2016,Rio Caeté
150160,BONITO,639.0,571.0,2168,460,1358,1507,678,527,436,360,274,197,177,9352,2017,Rio Caeté
150160,BONITO,619.0,586.0,2018,464,1273,1412,672,530,417,365,259,190,173,8978,2018,Rio Caeté
150160,BONITO,617.0,600.0,1934,504,1233,1406,690,555,441,362,272,192,223,9029,2019,Rio Caeté
150160,BONITO,495.0,586.0,1858,464,1256,1340,709,568,441,385,270,169,221,8762,2020,Rio Caeté
150160,BONITO,623.0,566.0,1883,461,1322,1412,708,622,508,433,327,200,284,9349,2021,Rio Caeté
150160,BONITO,696.0,560.0,1899,483,1542,1637,809,775,639,543,455,276,360,10674,2022,Rio Caeté
150160,BONITO,771.0,591.0,1831,460,1545,1637,801,794,697,589,492,301,388,10897,2023,Rio Caeté
150160,BONITO,800.0,595.0,1785,451,1422,1546,732,797,671,575,489,300,365,10528,2024,Rio Caeté
150160,BONITO,728.0,602.0,1678,427,1336,1485,679,812,671,588,515,315,395,10231,2025,Rio Caeté
150170,BRAGANÇA,6037.0,5530.0,16542,4065,11659,13135,6373,6402,5493,4542,3822,2702,4585,90887,2025,Rio Caeté
150170,BRAGANÇA,6314.0,5485.0,16793,4204,11622,12956,6359,6229,5287,4311,3512,2567,4347,89986,2024,Rio Caeté
150170,BRAGANÇA,6381.0,5476.0,17237,4201,11981,13636,6695,6264,5213,4347,3542,2490,4368,91831,2023,Rio Caeté
150170,BRAGANÇA,5837.0,5429.0,17704,4155,11874,13814,6618,6078,4958,4123,3334,2281,4101,90306,2022,Rio Caeté
150170,BRAGANÇA,5019.0,5227.0,17549,4005,11438,12498,5960,5139,4238,3358,2617,1792,3423,82263,2021,Rio Caeté
150170,BRAGANÇA,4349.0,5395.0,17409,3956,11687,12321,5801,4833,3884,3078,2228,1560,2997,79498,2020,Rio Caeté
150170,BRAGANÇA,5641.0,5578.0,17948,3978,11744,12430,5794,4828,3776,2934,2171,1503,2913,81238,2019,Rio Caeté
150170,BRAGANÇA,5785.0,5484.0,18379,3974,11462,12326,5574,4509,3572,2707,1983,1397,2477,79629,2018,Rio Caeté
150170,BRAGANÇA,5921.0,5558.0,19254,4319,11787,12458,5591,4510,3560,2642,1944,1387,2078,81009,2017,Rio Caeté
150170,BRAGANÇA,5030.0,5522.0,19749,4445,11580,11954,5202,4268,3334,2499,1898,1405,1761,78647,2016,Rio Caeté
150170,BRAGANÇA,5374.0,5870.0,20271,4327,11681,12222,5168,4197,3322,2467,1937,1390,1875,80101,2015,Rio Caeté
150170,BRAGANÇA,,,20954,4392,12348,13075,5266,4422,3413,2658,1987,1565,2599,72679,2014,Rio Caeté
150170,BRAGANÇA,,,20764,4502,11981,12503,5001,4208,3145,2448,1906,1383,2333,70174,2013,Rio Caeté
150170,BRAGANÇA,,,20731,4472,11673,12042,4791,3922,2968,2310,1738,1267,1999,67913,2012,Rio Caeté
150172,BRASIL NOVO,,,2294,511,1462,1610,656,552,433,289,199,149,429,8584,2012,Xingu
150172,BRASIL NOVO,,,2333,536,1538,1648,708,591,456,331,221,160,469,8991,2013,Xingu
150172,BRASIL NOVO,,,2453,557,1598,1762,757,626,507,387,240,197,533,9617,2014,Xingu
150172,BRASIL NOVO,706.0,683.0,2396,520,1432,1684,749,593,487,366,253,204,419,10492,2015,Xingu
150172,BRASIL NOVO,723.0,692.0,2310,491,1369,1556,728,594,450,361,247,192,392,10105,2016,Xingu
150172,BRASIL NOVO,927.0,741.0,2361,527,1490,1666,768,630,480,406,293,260,593,11142,2017,Xingu
150172,BRASIL NOVO,1024.0,834.0,2443,541,1721,1755,858,700,525,478,371,358,756,12364,2018,Xingu
150172,BRASIL NOVO,1061.0,873.0,2555,571,1832,1876,909,742,584,510,432,403,900,13248,2019,Xingu
150172,BRASIL NOVO,903.0,862.0,2565,548,1887,1945,916,781,615,520,469,394,951,13356,2020,Xingu
150172,BRASIL NOVO,966.0,910.0,2623,609,1999,2076,979,862,689,584,548,433,1077,14355,2021,Xingu
150172,BRASIL NOVO,1005.0,922.0,2639,664,2168,2398,1073,1047,871,710,683,533,1260,15973,2022,Xingu
150172,BRASIL NOVO,1072.0,929.0,2576,651,2176,2422,1094,1093,938,748,711,602,1318,16330,2023,Xingu
150172,BRASIL NOVO,1058.0,890.0,2485,604,1972,2226,1016,1017,912,749,651,581,1252,15413,2024,Xingu
150172,BRASIL NOVO,966.0,851.0,2410,560,1848,2213,986,1026,908,771,651,631,1350,15171,2025,Xingu
150175,BREJO GRANDE DO ARAGUAIA,385.0,368.0,1123,291,794,810,399,406,383,278,264,200,432,6133,2025,Carajás
150175,BREJO GRANDE DO ARAGUAIA,409.0,388.0,1163,292,753,839,399,427,379,260,253,211,412,6185,2024,Carajás
150175,BREJO GRANDE DO ARAGUAIA,420.0,378.0,1217,308,807,876,400,439,375,270,261,225,390,6366,2023,Carajás
150175,BREJO GRANDE DO ARAGUAIA,365.0,360.0,1192,259,810,827,383,406,322,255,230,197,360,5966,2022,Carajás
150175,BREJO GRANDE DO ARAGUAIA,312.0,344.0,1152,216,716,753,367,361,240,231,196,163,297,5348,2021,Carajás
150175,BREJO GRANDE DO ARAGUAIA,306.0,338.0,1117,224,655,722,354,326,215,219,166,155,251,5048,2020,Carajás
150175,BREJO GRANDE DO ARAGUAIA,343.0,338.0,1167,228,657,714,373,307,226,213,176,135,238,5115,2019,Carajás
150175,BREJO GRANDE DO ARAGUAIA,382.0,343.0,1245,231,705,736,386,293,236,202,162,123,188,5232,2018,Carajás
150175,BREJO GRANDE DO ARAGUAIA,435.0,394.0,1363,275,809,750,366,285,232,167,155,96,142,5469,2017,Carajás
150175,BREJO GRANDE DO ARAGUAIA,431.0,465.0,1395,321,852,796,348,273,236,185,154,96,90,5642,2016,Carajás
150175,BREJO GRANDE DO ARAGUAIA,430.0,486.0,1429,335,870,860,362,294,251,186,169,118,126,5916,2015,Carajás
150175,BREJO GRANDE DO ARAGUAIA,,,1436,338,1005,973,381,307,292,241,182,168,221,5544,2014,Carajás
150175,BREJO GRANDE DO ARAGUAIA,,,1452,332,957,968,357,286,255,229,178,155,201,5370,2013,Carajás
150175,BREJO GRANDE DO ARAGUAIA,,,1318,320,1036,935,315,285,244,215,183,149,175,5175,2012,Carajás
150178,BREU BRANCO,,,9361,1909,4418,4234,1587,1384,1106,841,652,576,1682,27750,2012,Lago Tucuruí
150178,BREU BRANCO,,,9240,1948,4796,4256,1609,1358,1137,862,700,597,1812,28315,2013,Lago Tucuruí
150178,BREU BRANCO,,,8946,1978,5027,4313,1702,1347,1181,936,756,657,1950,28793,2014,Lago Tucuruí
150178,BREU BRANCO,2435.0,2392.0,8416,1932,4858,3940,1704,1305,1135,879,751,656,1093,31496,2015,Lago Tucuruí
150178,BREU BRANCO,2514.0,2281.0,7858,1757,4547,3748,1671,1276,1088,899,689,646,1100,30074,2016,Lago Tucuruí
150178,BREU BRANCO,2696.0,2277.0,7490,1564,4138,3622,1628,1287,1061,908,661,619,1300,29251,2017,Lago Tucuruí
150178,BREU BRANCO,2654.0,2272.0,7143,1483,3979,3497,1623,1264,1000,871,643,591,1321,28341,2018,Lago Tucuruí
150178,BREU BRANCO,2672.0,2287.0,6841,1524,3984,3481,1612,1327,1003,908,715,689,1603,28646,2019,Lago Tucuruí
150178,BREU BRANCO,2169.0,2281.0,6620,1474,4034,3461,1559,1368,1015,914,699,688,1554,27836,2020,Lago Tucuruí
150178,BREU BRANCO,2225.0,2217.0,6564,1497,4142,3569,1649,1454,1074,976,819,800,1912,28898,2021,Lago Tucuruí
150178,BREU BRANCO,2472.0,2241.0,6552,1568,4251,4133,1903,1732,1364,1291,1153,1153,3078,32891,2022,Lago Tucuruí
150178,BREU BRANCO,2710.0,2259.0,6528,1585,4334,4321,1903,1851,1506,1320,1226,1220,3242,34005,2023,Lago Tucuruí
150178,BREU BRANCO,2768.0,2216.0,6387,1611,4274,4152,1835,1830,1567,1287,1208,1213,3232,33580,2024,Lago Tucuruí
150178,BREU BRANCO,2652.0,2201.0,6321,1491,4344,4286,1937,1879,1752,1415,1345,1260,3328,34211,2025,Lago Tucuruí
150180,BREVES,7838.0,7128.0,21145,4596,13196,13588,4998,4440,3486,2841,2191,1565,3368,90380,2022,Marajó
150180,BREVES,,,20369,3773,8104,7897,3228,2619,1990,1710,1289,778,1312,53069,2012,Marajó
150180,BREVES,,,21324,4153,9124,8659,3475,2796,2157,1799,1446,876,1481,57290,2013,Marajó
150180,BREVES,,,21639,4324,10234,9187,3744,2999,2251,1902,1521,1022,1663,60486,2014,Marajó
150180,BREVES,7091.0,7087.0,21274,4255,10058,8733,3646,2887,2160,1738,1423,911,1314,72577,2015,Marajó
150180,BREVES,7159.0,7124.0,21373,4333,10512,8968,3694,2970,2246,1733,1456,968,1236,73772,2016,Marajó
150180,BREVES,7715.0,7305.0,21257,4353,11452,9382,3963,3039,2404,1822,1492,1017,1673,76874,2017,Marajó
150180,BREVES,7492.0,7197.0,20986,4302,11603,9511,3897,3153,2374,1846,1391,960,1670,76382,2018,Marajó
150180,BREVES,8360.0,7162.0,21021,4293,12124,10171,3970,3336,2544,1906,1460,940,2156,79443,2019,Marajó
150180,BREVES,7079.0,7013.0,21036,4298,12357,10517,3999,3459,2642,2014,1500,944,2322,79180,2020,Marajó
150180,BREVES,7430.0,6930.0,21226,4361,11585,10796,4049,3559,2790,2124,1652,1085,2537,80124,2021,Marajó
150180,BREVES,8870.0,7403.0,20950,4560,13448,13922,5199,4555,3707,2933,2316,1707,3667,93237,2023,Marajó
150180,BREVES,8956.0,7557.0,20768,4480,13046,13038,4914,4247,3540,2812,2166,1625,3757,90906,2024,Marajó
150180,BREVES,8502.0,7657.0,20752,4629,13014,12993,4953,4299,3700,2886,2305,1726,4039,91455,2025,Marajó
150190,BUJARU,1629.0,1417.0,4273,1033,3173,3553,1513,1416,1241,1094,990,653,1226,23211,2025,Rio Capim
150190,BUJARU,1682.0,1489.0,4378,1088,3288,3612,1515,1351,1253,1070,916,570,1029,23241,2024,Rio Capim
150190,BUJARU,1774.0,1589.0,4572,1111,3435,3853,1583,1443,1258,1090,879,552,875,24014,2023,Rio Capim
150190,BUJARU,1681.0,1584.0,4661,1114,3301,3862,1550,1418,1174,1061,809,478,745,23438,2022,Rio Capim
150190,BUJARU,1626.0,1594.0,4734,1135,3513,3736,1501,1270,1088,943,684,401,538,22763,2021,Rio Capim
150190,BUJARU,1598.0,1577.0,4775,1133,3566,3587,1462,1240,1023,918,567,330,438,22214,2020,Rio Capim
150190,BUJARU,1827.0,1587.0,4872,1181,3719,3724,1424,1263,1035,872,567,340,459,22870,2019,Rio Capim
150190,BUJARU,1880.0,1595.0,5153,1198,3763,3697,1422,1225,1042,813,558,343,391,23080,2018,Rio Capim
150190,BUJARU,1962.0,1685.0,5480,1218,3891,3781,1443,1203,1016,769,536,369,426,23779,2017,Rio Capim
150190,BUJARU,1958.0,1707.0,5666,1256,3861,3758,1438,1163,989,723,548,381,445,23893,2016,Rio Capim
150190,BUJARU,1842.0,1716.0,5657,1216,3793,3632,1416,1118,972,675,526,409,534,23506,2015,Rio Capim
150190,BUJARU,,,5671,1205,3793,3541,1363,1112,909,645,553,413,781,19986,2014,Rio Capim
150190,BUJARU,,,5667,1281,3703,3300,1246,1072,838,599,518,398,701,19323,2013,Rio Capim
150190,BUJARU,,,5664,1222,3473,3034,1165,1000,768,539,510,353,628,18356,2012,Rio Capim
150195,CACHOEIRA DO PIRIÁ,,,4056,803,2031,2254,825,679,598,479,381,294,371,12771,2012,Rio Caeté
150195,CACHOEIRA DO PIRIÁ,,,4197,878,2256,2463,862,743,680,525,435,315,485,13839,2013,Rio Caeté
150195,CACHOEIRA DO PIRIÁ,,,4328,846,2414,2656,936,795,714,597,467,344,550,14647,2014,Rio Caeté
150195,CACHOEIRA DO PIRIÁ,1182.0,1274.0,4244,856,2421,2638,984,776,732,552,489,343,534,17025,2015,Rio Caeté
150195,CACHOEIRA DO PIRIÁ,1144.0,1275.0,4298,828,2535,2687,1038,796,712,593,464,338,496,17204,2016,Rio Caeté
150195,CACHOEIRA DO PIRIÁ,1266.0,1253.0,4236,852,2744,2760,1095,833,694,618,471,308,427,17557,2017,Rio Caeté
150195,CACHOEIRA DO PIRIÁ,1309.0,1200.0,4133,915,2710,2722,1128,819,694,590,433,285,314,17252,2018,Rio Caeté
150195,CACHOEIRA DO PIRIÁ,1339.0,1151.0,3915,886,2704,2638,1148,834,689,573,432,252,309,16870,2019,Rio Caeté
150195,CACHOEIRA DO PIRIÁ,1082.0,1150.0,3712,895,2461,2582,1118,874,677,612,411,271,328,16173,2020,Rio Caeté
150195,CACHOEIRA DO PIRIÁ,1167.0,1166.0,3698,926,2611,2699,1190,941,735,666,475,300,402,16976,2021,Rio Caeté
150195,CACHOEIRA DO PIRIÁ,1258.0,1188.0,3597,884,2610,2779,1218,1016,809,685,580,353,505,17482,2022,Rio Caeté
150195,CACHOEIRA DO PIRIÁ,1356.0,1144.0,3490,885,2649,2711,1210,1063,786,708,595,394,611,17602,2023,Rio Caeté
150195,CACHOEIRA DO PIRIÁ,1322.0,1056.0,3292,796,2496,2505,1164,1080,805,690,596,384,616,16802,2024,Rio Caeté
150195,CACHOEIRA DO PIRIÁ,1157.0,1044.0,3104,702,2364,2430,1121,1095,840,708,627,396,691,16279,2025,Rio Caeté
150200,CACHOEIRA DO ARARI,,,3746,796,2187,2099,795,644,549,445,316,219,241,12037,2012,Marajó
150200,CACHOEIRA DO ARARI,,,3996,891,2493,2545,919,736,630,541,398,257,366,13772,2013,Marajó
150200,CACHOEIRA DO ARARI,,,4072,925,2637,2638,1002,813,666,592,433,299,449,14526,2014,Marajó
150200,CACHOEIRA DO ARARI,1053.0,1263.0,4000,884,2657,2643,1022,795,665,558,460,295,428,16723,2015,Marajó
150200,CACHOEIRA DO ARARI,903.0,1226.0,4008,880,2664,2686,1061,821,664,565,463,310,441,16692,2016,Marajó
150200,CACHOEIRA DO ARARI,1123.0,1183.0,3953,861,2570,2632,1065,833,700,570,429,271,502,16692,2017,Marajó
150200,CACHOEIRA DO ARARI,1036.0,1152.0,3921,867,2497,2544,1061,834,686,576,428,248,429,16279,2018,Marajó
150200,CACHOEIRA DO ARARI,1255.0,1241.0,3949,848,2633,2725,1120,897,743,603,459,247,473,17193,2019,Marajó
150200,CACHOEIRA DO ARARI,887.0,1260.0,3912,821,2725,2770,1168,946,752,640,477,286,487,17131,2020,Marajó
150200,CACHOEIRA DO ARARI,994.0,1251.0,3938,846,2692,2868,1217,1023,787,669,515,336,558,17694,2021,Marajó
150200,CACHOEIRA DO ARARI,1070.0,1249.0,3927,858,2516,2882,1263,1122,876,783,608,384,644,18182,2022,Marajó
150200,CACHOEIRA DO ARARI,1213.0,1192.0,3836,921,2543,2965,1303,1171,932,814,677,429,645,18641,2023,Marajó
150200,CACHOEIRA DO ARARI,1272.0,1131.0,3673,946,2511,2929,1278,1155,984,831,634,398,630,18372,2024,Marajó
150200,CACHOEIRA DO ARARI,1195.0,1088.0,3591,875,2572,2943,1295,1208,1065,853,698,445,669,18497,2025,Marajó
150210,CAMETÁ,7421.0,6788.0,20347,5156,16632,19452,8086,7035,5800,4689,3522,1937,3088,109953,2025,Tocantins
150210,CAMETÁ,7703.0,6755.0,20579,5262,16513,18915,7702,6660,5586,4292,3184,1691,2798,107640,2024,Tocantins
150210,CAMETÁ,7728.0,6735.0,21000,5167,16893,19148,7911,6602,5405,4264,3068,1648,2599,108168,2023,Tocantins
150210,CAMETÁ,6793.0,6526.0,21459,5069,17083,18692,7586,6233,5156,3994,2784,1430,2308,105113,2022,Tocantins
150210,CAMETÁ,6442.0,6214.0,21555,4900,15914,15922,6458,5301,4230,3168,2129,1081,1786,95100,2021,Tocantins
150210,CAMETÁ,5032.0,6314.0,21623,4793,15530,15138,6094,4915,3954,2972,1768,863,1460,90456,2020,Tocantins
150210,CAMETÁ,6313.0,6511.0,22276,4839,15504,14838,5933,4888,3705,2804,1672,900,1312,91495,2019,Tocantins
150210,CAMETÁ,5434.0,6560.0,22533,5104,15185,14104,5695,4582,3485,2557,1575,859,865,88538,2018,Tocantins
150210,CAMETÁ,5926.0,6799.0,23328,5431,16057,14304,5560,4587,3503,2517,1708,1034,899,91653,2017,Tocantins
150210,CAMETÁ,6625.0,7101.0,24086,5536,16306,13912,5415,4387,3301,2434,1715,1118,914,92850,2016,Tocantins
150210,CAMETÁ,6668.0,7405.0,24566,5583,16211,13511,5220,4305,3321,2319,1702,1109,948,92868,2015,Tocantins
150210,CAMETÁ,,,24797,5569,15867,12531,5052,4037,3084,2151,1735,1075,1021,76919,2014,Tocantins
150210,CAMETÁ,,,24694,5467,14028,10995,4473,3599,2655,1834,1519,849,737,70850,2013,Tocantins
150210,CAMETÁ,,,24644,5209,12930,10147,4219,3313,2323,1671,1330,716,608,67110,2012,Tocantins
150215,CANAÃ DOS CARAJÁS,4510.0,4285.0,11434,2325,5977,8162,4036,3558,2706,1976,1635,1387,2283,54274,2025,Carajás
150215,CANAÃ DOS CARAJÁS,4230.0,3783.0,10193,2068,5342,7234,3607,3045,2331,1710,1377,1206,1983,48109,2024,Carajás
150215,CANAÃ DOS CARAJÁS,3569.0,3106.0,8612,1649,4427,5931,2836,2416,1800,1339,1149,1022,1805,39661,2023,Carajás
150215,CANAÃ DOS CARAJÁS,2693.0,2615.0,7227,1432,3805,5035,2294,2022,1456,1194,977,834,1574,33158,2022,Carajás
150215,CANAÃ DOS CARAJÁS,1971.0,2085.0,5888,1173,2967,3969,1791,1504,1109,924,765,605,1242,25993,2021,Carajás
150215,CANAÃ DOS CARAJÁS,1515.0,1842.0,5044,963,2508,3245,1533,1170,872,722,588,494,1051,21547,2020,Carajás
150215,CANAÃ DOS CARAJÁS,1798.0,1847.0,5094,932,2464,3314,1545,1171,842,695,561,486,1025,21774,2019,Carajás
150215,CANAÃ DOS CARAJÁS,1805.0,1741.0,5087,932,2312,3183,1452,1053,709,567,419,432,836,20528,2018,Carajás
150215,CANAÃ DOS CARAJÁS,1977.0,1924.0,5754,1125,2589,3636,1637,1127,757,590,440,422,816,22794,2017,Carajás
150215,CANAÃ DOS CARAJÁS,1906.0,1978.0,6065,1211,2627,3792,1657,1092,746,559,426,368,635,23062,2016,Carajás
150215,CANAÃ DOS CARAJÁS,1703.0,1832.0,5742,1140,2524,3633,1520,982,714,539,369,332,607,21637,2015,Carajás
150215,CANAÃ DOS CARAJÁS,,,5534,1053,2707,3538,1461,1044,757,580,382,309,708,18073,2014,Carajás
150215,CANAÃ DOS CARAJÁS,,,5103,961,2336,2971,1233,876,671,463,338,260,596,15808,2013,Carajás
150215,CANAÃ DOS CARAJÁS,,,4405,858,2042,2419,1034,766,565,355,257,200,496,13397,2012,Carajás
150220,CAPANEMA,2374.0,2223.0,7124,1700,5180,5820,2974,3189,2812,2535,2142,1770,2957,42800,2025,Rio Caeté
150220,CAPANEMA,2446.0,2216.0,7216,1778,5267,5918,3103,3139,2772,2451,2038,1664,2834,42842,2024,Rio Caeté
150220,CAPANEMA,2389.0,2253.0,7308,1759,5397,6090,3163,3141,2697,2399,2005,1620,2961,43182,2023,Rio Caeté
150220,CAPANEMA,2113.0,2207.0,7204,1722,5088,5705,3053,2853,2547,2171,1858,1404,2666,40591,2022,Rio Caeté
150220,CAPANEMA,1887.0,2130.0,6995,1676,4842,5127,2799,2474,2211,1838,1530,1116,2198,36823,2021,Rio Caeté
150220,CAPANEMA,1811.0,2134.0,6844,1700,4765,4965,2626,2276,2016,1671,1364,981,1935,35088,2020,Rio Caeté
150220,CAPANEMA,2134.0,2160.0,7018,1676,4765,4953,2589,2218,1957,1578,1281,936,1795,35060,2019,Rio Caeté
150220,CAPANEMA,2138.0,2104.0,7206,1652,4562,4790,2568,2117,1799,1473,1156,772,1334,33671,2018,Rio Caeté
150220,CAPANEMA,1915.0,2119.0,7434,1710,4556,4912,2452,2172,1736,1436,1118,724,1008,33292,2017,Rio Caeté
150220,CAPANEMA,1978.0,2236.0,7983,1896,4894,5408,2543,2333,1844,1507,1129,756,935,35442,2016,Rio Caeté
150220,CAPANEMA,2112.0,2371.0,8587,2017,5105,5939,2738,2422,1960,1615,1129,815,1065,37875,2015,Rio Caeté
150220,CAPANEMA,,,9270,2125,5606,6470,2941,2576,2015,1666,1202,819,1155,35845,2014,Rio Caeté
150220,CAPANEMA,,,9458,2190,5529,6411,2899,2454,1926,1543,1143,721,1037,35311,2013,Rio Caeté
150220,CAPANEMA,,,9525,2131,5510,6140,2800,2276,1843,1415,1036,653,873,34202,2012,Rio Caeté
150230,CAPITÃO POÇO,2742.0,2386.0,7126,1733,5992,7202,3138,3094,2598,2337,2026,1449,1940,43763,2025,Rio Capim
150230,CAPITÃO POÇO,2832.0,2480.0,7119,1809,6235,7142,3207,3025,2577,2241,1927,1422,1838,43854,2024,Rio Capim
150230,CAPITÃO POÇO,2862.0,2353.0,7181,1721,6346,7080,3116,2952,2442,2203,1844,1331,1787,43218,2023,Rio Capim
150230,CAPITÃO POÇO,2592.0,2220.0,7154,1759,6171,6765,2994,2721,2337,1994,1738,1177,1673,41295,2022,Rio Capim
150230,CAPITÃO POÇO,2434.0,2091.0,7088,1741,5624,5955,2642,2401,2005,1742,1426,946,1412,37507,2021,Rio Capim
150230,CAPITÃO POÇO,2227.0,2114.0,6998,1751,5082,5480,2537,2147,1819,1578,1193,748,1164,34838,2020,Rio Capim
150230,CAPITÃO POÇO,2405.0,2258.0,7236,1805,5057,5703,2558,2148,1786,1498,1216,731,1175,35576,2019,Rio Capim
150230,CAPITÃO POÇO,2362.0,2263.0,7496,1736,5111,5661,2500,2052,1754,1401,1100,679,1103,35218,2018,Rio Capim
150230,CAPITÃO POÇO,2430.0,2346.0,7917,1809,5445,5903,2576,2131,1781,1424,1080,748,1213,36803,2017,Rio Capim
150230,CAPITÃO POÇO,2287.0,2315.0,8028,1909,5382,5806,2493,2069,1756,1396,1008,757,1074,36280,2016,Rio Capim
150230,CAPITÃO POÇO,2349.0,2372.0,8413,1929,5382,5912,2414,2026,1749,1387,1007,756,1147,36843,2015,Rio Capim
150230,CAPITÃO POÇO,,,8838,1933,5733,6153,2466,2022,1694,1402,977,796,1343,33357,2014,Rio Capim
150230,CAPITÃO POÇO,,,9069,2006,5720,6125,2345,2027,1593,1286,937,675,1153,32936,2013,Rio Capim
150230,CAPITÃO POÇO,,,9165,1992,5502,5832,2221,1925,1511,1150,823,618,970,31709,2012,Rio Capim
150240,CASTANHAL,,,23909,5111,13054,14464,6230,5170,3910,2708,1917,1353,2135,79961,2012,Guamá
150240,CASTANHAL,,,24874,5254,14440,16530,6944,5650,4484,3174,2281,1601,2612,87844,2013,Guamá
150240,CASTANHAL,,,25364,5360,15292,17599,7574,6113,5009,3614,2716,1960,3338,93939,2014,Guamá
150240,CASTANHAL,6373.0,7388.0,24538,5255,14429,16969,7579,6063,4961,3544,2808,2096,3667,105670,2015,Guamá
150240,CASTANHAL,6042.0,6927.0,23112,5246,13507,16197,7447,6027,4681,3607,2771,2223,3720,101507,2016,Guamá
150240,CASTANHAL,5622.0,6191.0,21255,4825,12664,14755,7182,5935,4558,3674,2779,2239,4648,96327,2017,Guamá
150240,CASTANHAL,5274.0,5490.0,18645,4215,11140,12936,6445,5403,4188,3575,2741,2390,5109,87551,2018,Guamá
150240,CASTANHAL,5362.0,5501.0,18385,4202,11328,13143,6682,5735,4535,3844,3069,2676,6021,90483,2019,Guamá
150240,CASTANHAL,4675.0,5283.0,17644,4014,11265,12638,6636,5682,4706,4002,3096,2770,6333,88744,2020,Guamá
150240,CASTANHAL,4980.0,5563.0,18342,4115,12088,13520,7111,6247,5343,4532,3709,3093,7149,95792,2021,Guamá
150240,CASTANHAL,6244.0,6152.0,19691,4621,13455,15476,7853,7545,6424,5558,4686,3735,8414,109854,2022,Guamá
150240,CASTANHAL,6622.0,6417.0,19907,4725,14169,16030,8172,7920,6774,5769,5021,3980,8574,114080,2023,Guamá
150240,CASTANHAL,6246.0,6464.0,19399,4831,13995,15294,7860,7752,6551,5510,4793,3884,8222,110801,2024,Guamá
150240,CASTANHAL,5963.0,6459.0,19015,4783,13755,15136,7554,7734,6613,5557,4924,3897,8464,109854,2025,Guamá
150250,CHAVES,,,3678,828,2165,1675,710,571,479,335,266,198,366,11271,2012,Marajó
150250,CHAVES,,,4331,879,2419,2212,872,725,585,432,331,231,402,13419,2013,Marajó
150250,CHAVES,,,4491,899,2621,2443,963,757,647,492,347,282,437,14379,2014,Marajó
150250,CHAVES,1104.0,1310.0,4551,936,2482,2543,969,792,624,519,334,289,376,16829,2015,Marajó
150250,CHAVES,1097.0,1363.0,4511,923,2399,2515,963,770,629,505,354,243,317,16589,2016,Marajó
150250,CHAVES,1265.0,1387.0,4502,941,2545,2573,994,796,634,520,364,225,355,17101,2017,Marajó
150250,CHAVES,1173.0,1338.0,4320,894,2489,2433,921,737,602,472,314,155,269,16117,2018,Marajó
150250,CHAVES,1257.0,1335.0,4253,865,2556,2469,925,763,594,467,326,140,334,16284,2019,Marajó
150250,CHAVES,1083.0,1320.0,4241,833,2516,2496,903,760,606,466,330,151,359,16064,2020,Marajó
150250,CHAVES,1044.0,1312.0,4251,897,2556,2553,986,805,601,489,358,190,387,16429,2021,Marajó
150250,CHAVES,1257.0,1429.0,4295,988,2610,2704,1016,853,662,514,415,229,452,17424,2022,Marajó
150250,CHAVES,1567.0,1464.0,4312,973,2724,2762,1050,893,695,559,440,260,454,18153,2023,Marajó
150250,CHAVES,1642.0,1532.0,4245,1002,2809,2806,1090,898,759,557,433,261,416,18450,2024,Marajó
150250,CHAVES,1550.0,1538.0,4315,962,2820,2758,1159,925,803,603,456,291,436,18616,2025,Marajó
150260,COLARES,,,1940,498,1333,1179,439,436,362,280,216,151,187,7021,2012,Guamá
150260,COLARES,,,1929,475,1206,1187,462,445,395,291,236,161,215,7002,2013,Guamá
150260,COLARES,,,1978,453,1400,1403,529,467,439,332,278,190,266,7735,2014,Guamá
150260,COLARES,409.0,483.0,1923,408,1294,1315,497,437,425,340,247,184,207,8169,2015,Guamá
150260,COLARES,397.0,465.0,1919,370,1190,1228,531,419,410,332,245,186,206,7898,2016,Guamá
150260,COLARES,575.0,503.0,1917,398,1175,1295,542,438,420,325,253,170,205,8216,2017,Guamá
150260,COLARES,667.0,554.0,1888,414,1182,1376,568,447,421,373,274,166,255,8585,2018,Guamá
150260,COLARES,703.0,584.0,1909,416,1264,1435,635,476,440,403,305,202,344,9116,2019,Guamá
150260,COLARES,528.0,623.0,1869,398,1214,1434,633,476,407,419,318,211,356,8886,2020,Guamá
150260,COLARES,426.0,580.0,1800,394,1149,1410,610,524,395,420,335,235,415,8693,2021,Guamá
150260,COLARES,537.0,608.0,1775,458,1173,1471,671,598,474,478,436,313,568,9560,2022,Guamá
150260,COLARES,626.0,576.0,1787,441,1170,1489,705,638,526,501,491,365,669,9984,2023,Guamá
150260,COLARES,651.0,569.0,1782,475,1219,1450,738,696,573,546,516,421,827,10463,2024,Guamá
150260,COLARES,615.0,547.0,1795,453,1248,1433,742,717,592,561,547,453,895,10598,2025,Guamá
150270,CONCEIÇÃO DO ARAGUAIA,1648.0,1486.0,4485,1107,3083,3556,1588,1753,1716,1675,1598,1518,3703,28916,2025,Araguaia
150270,CONCEIÇÃO DO ARAGUAIA,1663.0,1470.0,4541,1104,3091,3436,1628,1760,1656,1623,1531,1412,3437,28352,2024,Araguaia
150270,CONCEIÇÃO DO ARAGUAIA,1614.0,1453.0,4635,1085,3292,3546,1685,1861,1733,1659,1525,1337,3627,29052,2023,Araguaia
150270,CONCEIÇÃO DO ARAGUAIA,1389.0,1451.0,4678,1106,3273,3422,1682,1791,1732,1597,1448,1251,3669,28489,2022,Araguaia
150270,CONCEIÇÃO DO ARAGUAIA,1245.0,1379.0,4616,1109,3180,3164,1664,1695,1587,1424,1328,1130,3251,26772,2021,Araguaia
150270,CONCEIÇÃO DO ARAGUAIA,1191.0,1318.0,4598,1057,3089,2939,1586,1637,1425,1292,1167,1044,2855,25198,2020,Araguaia
150270,CONCEIÇÃO DO ARAGUAIA,1362.0,1359.0,4720,1083,3180,2973,1656,1552,1388,1206,1090,1054,2785,25408,2019,Araguaia
150270,CONCEIÇÃO DO ARAGUAIA,1440.0,1403.0,4852,1114,3149,2787,1592,1447,1274,1058,914,926,2339,24295,2018,Araguaia
150270,CONCEIÇÃO DO ARAGUAIA,1325.0,1406.0,5081,1223,3333,2788,1545,1442,1171,964,772,789,2090,23929,2017,Araguaia
150270,CONCEIÇÃO DO ARAGUAIA,1377.0,1521.0,5471,1327,3592,2995,1604,1495,1191,987,733,756,1737,24786,2016,Araguaia
150270,CONCEIÇÃO DO ARAGUAIA,1537.0,1643.0,5878,1405,3720,3351,1762,1574,1241,1037,780,780,1820,26528,2015,Araguaia
150270,CONCEIÇÃO DO ARAGUAIA,,,6292,1516,4093,3944,1850,1721,1377,1135,842,869,2625,26264,2014,Araguaia
150270,CONCEIÇÃO DO ARAGUAIA,,,6519,1518,3762,3929,1836,1655,1352,1043,816,844,2428,25702,2013,Araguaia
150270,CONCEIÇÃO DO ARAGUAIA,,,6556,1527,3501,3814,1832,1570,1259,969,731,746,2229,24734,2012,Araguaia
150275,CONCÓRDIA DO PARÁ,,,5187,1140,3161,2934,1130,963,759,540,425,316,460,17015,2012,Rio Capim
150275,CONCÓRDIA DO PARÁ,,,5297,1164,3182,3100,1204,1034,797,584,453,363,602,17780,2013,Rio Capim
150275,CONCÓRDIA DO PARÁ,,,5338,1151,3469,3276,1279,1081,876,637,496,401,671,18675,2014,Rio Capim
150275,CONCÓRDIA DO PARÁ,1732.0,1611.0,5163,1164,3387,3152,1252,1049,868,638,465,375,515,21371,2015,Rio Capim
150275,CONCÓRDIA DO PARÁ,1741.0,1579.0,5134,1142,3336,3123,1306,1048,849,675,471,370,493,21267,2016,Rio Capim
150275,CONCÓRDIA DO PARÁ,1664.0,1641.0,5032,1097,3355,3128,1292,1043,893,686,477,356,549,21213,2017,Rio Capim
150275,CONCÓRDIA DO PARÁ,1807.0,1689.0,5044,1090,3336,3225,1338,1068,938,689,475,330,529,21558,2018,Rio Capim
150275,CONCÓRDIA DO PARÁ,1827.0,1679.0,5012,1094,3332,3357,1401,1099,964,726,544,359,618,22012,2019,Rio Capim
150275,CONCÓRDIA DO PARÁ,1607.0,1594.0,5011,1107,3340,3368,1455,1140,1014,788,572,355,649,22000,2020,Rio Capim
150275,CONCÓRDIA DO PARÁ,1499.0,1575.0,4980,1153,3173,3393,1436,1235,1038,830,659,392,727,22090,2021,Rio Capim
150275,CONCÓRDIA DO PARÁ,1649.0,1653.0,5031,1190,3478,3790,1659,1402,1178,1015,775,494,843,24157,2022,Rio Capim
150275,CONCÓRDIA DO PARÁ,1832.0,1647.0,5034,1182,3509,3868,1679,1490,1230,1086,839,553,943,24892,2023,Rio Capim
150275,CONCÓRDIA DO PARÁ,1889.0,1567.0,4943,1143,3456,3833,1650,1530,1249,1091,847,559,926,24683,2024,Rio Capim
150275,CONCÓRDIA DO PARÁ,1880.0,1516.0,4852,1120,3315,3695,1605,1507,1263,1111,886,563,957,24270,2025,Rio Capim
150276,CUMARU DO NORTE,585.0,681.0,1711,370,947,1093,461,422,382,287,292,236,487,7954,2025,Araguaia
150276,CUMARU DO NORTE,657.0,618.0,1689,354,917,1059,451,394,364,267,272,207,432,7681,2024,Araguaia
150276,CUMARU DO NORTE,675.0,560.0,1649,304,915,1068,433,407,360,291,287,223,461,7633,2023,Araguaia
150276,CUMARU DO NORTE,544.0,491.0,1540,300,922,954,414,397,341,271,275,205,409,7063,2022,Araguaia
150276,CUMARU DO NORTE,468.0,460.0,1496,292,816,865,397,363,288,258,248,189,363,6503,2021,Araguaia
150276,CUMARU DO NORTE,476.0,468.0,1464,280,801,818,372,344,260,245,201,176,286,6191,2020,Araguaia
150276,CUMARU DO NORTE,508.0,484.0,1509,281,797,819,393,313,260,242,203,152,262,6223,2019,Araguaia
150276,CUMARU DO NORTE,502.0,513.0,1503,308,821,806,387,301,237,252,170,144,241,6185,2018,Araguaia
150276,CUMARU DO NORTE,488.0,526.0,1581,345,898,841,378,327,243,257,177,142,239,6442,2017,Araguaia
150276,CUMARU DO NORTE,476.0,541.0,1590,325,888,844,368,298,256,243,181,136,223,6369,2016,Araguaia
150276,CUMARU DO NORTE,451.0,486.0,1608,327,856,846,408,318,272,243,204,147,220,6386,2015,Araguaia
150276,CUMARU DO NORTE,,,1623,344,831,888,404,332,321,250,196,166,235,5590,2014,Araguaia
150276,CUMARU DO NORTE,,,1623,339,730,881,398,320,321,227,180,155,225,5399,2013,Araguaia
150276,CUMARU DO NORTE,,,1573,309,730,892,393,338,320,219,181,147,207,5309,2012,Araguaia
150277,CURIONÓPOLIS,1230.0,1058.0,3019,649,1802,1974,889,751,721,563,563,653,1620,15492,2025,Carajás
150277,CURIONÓPOLIS,1275.0,1090.0,3006,637,1806,1930,829,703,664,524,531,635,1468,15098,2024,Carajás
150277,CURIONÓPOLIS,1294.0,1060.0,3130,643,1955,2065,850,764,718,512,631,606,1524,15752,2023,Carajás
150277,CURIONÓPOLIS,1199.0,1028.0,3125,636,1898,1987,796,705,649,541,611,567,1407,15149,2022,Carajás
150277,CURIONÓPOLIS,924.0,961.0,2970,684,2004,1762,735,622,527,466,503,466,1161,13785,2021,Carajás
150277,CURIONÓPOLIS,934.0,1030.0,2959,691,1955,1733,676,640,473,479,458,447,1019,13494,2020,Carajás
150277,CURIONÓPOLIS,1151.0,1084.0,3063,686,1976,1711,703,617,471,465,471,452,1018,13868,2019,Carajás
150277,CURIONÓPOLIS,1175.0,1063.0,3110,637,1996,1704,702,599,465,493,444,437,863,13688,2018,Carajás
150277,CURIONÓPOLIS,1136.0,1053.0,3219,689,2110,1797,709,599,507,507,467,413,887,14093,2017,Carajás
150277,CURIONÓPOLIS,1142.0,1066.0,3327,774,2157,1871,742,608,483,545,492,419,827,14453,2016,Carajás
150277,CURIONÓPOLIS,1098.0,1095.0,3468,805,2200,1989,803,571,537,577,536,437,921,15037,2015,Carajás
150277,CURIONÓPOLIS,,,3675,865,2328,2115,850,614,571,636,536,491,965,13646,2014,Carajás
150277,CURIONÓPOLIS,,,3848,847,2342,2090,811,605,630,590,561,442,955,13721,2013,Carajás
150277,CURIONÓPOLIS,,,3834,829,2369,2044,745,642,660,592,546,459,923,13643,2012,Carajás
150280,CURRALINHO,,,7002,1334,3588,3509,1259,1010,715,565,432,312,402,20128,2012,Marajó
150280,CURRALINHO,,,7171,1391,3825,3723,1351,1084,764,602,475,354,473,21213,2013,Marajó
150280,CURRALINHO,,,7203,1443,4083,3970,1447,1178,798,641,500,383,542,22188,2014,Marajó
150280,CURRALINHO,1836.0,2149.0,7082,1473,4035,3965,1476,1171,845,643,489,353,394,25911,2015,Marajó
150280,CURRALINHO,1956.0,2068.0,7010,1522,4146,3992,1506,1149,852,676,500,321,340,26038,2016,Marajó
150280,CURRALINHO,2063.0,2031.0,6923,1494,4404,4074,1611,1146,944,667,483,325,374,26539,2017,Marajó
150280,CURRALINHO,2063.0,2075.0,6813,1468,4470,4218,1600,1187,967,653,457,261,295,26527,2018,Marajó
150280,CURRALINHO,2338.0,2089.0,6835,1460,4646,4386,1653,1295,1020,692,478,259,380,27531,2019,Marajó
150280,CURRALINHO,2274.0,2088.0,6689,1476,4632,4515,1640,1355,1045,734,484,233,389,27554,2020,Marajó
150280,CURRALINHO,2344.0,2117.0,6678,1522,4776,4708,1742,1440,1105,781,564,275,441,28493,2021,Marajó
150280,CURRALINHO,2226.0,2166.0,6573,1585,4959,5014,1784,1547,1177,916,621,341,501,29410,2022,Marajó
150280,CURRALINHO,2555.0,2265.0,6480,1598,5026,5188,1898,1593,1235,995,684,406,532,30455,2023,Marajó
150280,CURRALINHO,2639.0,2301.0,6496,1598,5089,5371,1918,1651,1331,1061,692,417,576,31140,2024,Marajó
150280,CURRALINHO,2605.0,2235.0,6573,1571,5160,5535,2061,1686,1434,1118,784,471,672,31905,2025,Marajó
150285,CURUÁ,,,3024,657,1448,1402,482,377,371,273,211,115,101,8461,2012,Baixo Amazonas
150285,CURUÁ,,,3164,619,1523,1455,540,395,384,312,249,128,104,8873,2013,Baixo Amazonas
150285,CURUÁ,,,3073,574,1520,1550,624,454,420,334,286,157,144,9136,2014,Baixo Amazonas
150285,CURUÁ,720.0,845.0,3057,596,1536,1612,647,486,434,374,290,179,171,10947,2015,Baixo Amazonas
150285,CURUÁ,810.0,792.0,3031,618,1662,1697,707,507,444,426,299,230,219,11442,2016,Baixo Amazonas
150285,CURUÁ,822.0,780.0,2938,611,1687,1699,750,524,438,447,323,254,315,11588,2017,Baixo Amazonas
150285,CURUÁ,837.0,774.0,2746,606,1642,1683,742,549,448,413,337,261,366,11404,2018,Baixo Amazonas
150285,CURUÁ,870.0,792.0,2596,658,1665,1721,775,590,478,421,343,290,438,11637,2019,Baixo Amazonas
150285,CURUÁ,723.0,772.0,2501,614,1728,1716,767,607,471,422,353,271,470,11415,2020,Baixo Amazonas
150285,CURUÁ,740.0,734.0,2535,591,1805,1802,788,688,490,417,419,286,538,11833,2021,Baixo Amazonas
150285,CURUÁ,834.0,777.0,2501,644,1844,1993,854,798,566,442,468,334,630,12685,2022,Baixo Amazonas
150285,CURUÁ,923.0,799.0,2443,645,1878,2072,889,835,594,475,467,376,659,13055,2023,Baixo Amazonas
150285,CURUÁ,838.0,852.0,2317,624,1883,2048,885,821,655,517,451,356,623,12870,2024,Baixo Amazonas
150285,CURUÁ,911.0,838.0,2366,612,1859,2086,950,856,729,519,490,406,654,13276,2025,Baixo Amazonas
150290,CURUÇÁ,,,6718,1374,3616,3544,1380,1150,1012,790,641,421,489,21135,2012,Guamá
150290,CURUÇÁ,,,6901,1425,4011,3870,1537,1229,1137,945,747,485,628,22915,2013,Guamá
150290,CURUÇÁ,,,7109,1556,4442,4356,1666,1394,1242,1088,859,611,846,25169,2014,Guamá
150290,CURUÇÁ,2113.0,1953.0,6906,1507,4276,4138,1683,1352,1233,1007,873,563,682,28286,2015,Guamá
150290,CURUÇÁ,2161.0,1930.0,6756,1472,4398,4203,1711,1415,1196,1022,858,575,707,28404,2016,Guamá
150290,CURUÇÁ,2203.0,1905.0,6696,1464,4535,4337,1806,1485,1215,1052,863,555,830,28946,2017,Guamá
150290,CURUÇÁ,2191.0,1941.0,6545,1525,4591,4445,1860,1547,1243,1079,855,510,725,29057,2018,Guamá
150290,CURUÇÁ,2099.0,1886.0,6311,1570,4447,4465,1890,1555,1290,1158,865,564,878,28978,2019,Guamá
150290,CURUÇÁ,1787.0,1828.0,6015,1502,4203,4329,1861,1546,1273,1193,862,603,907,27909,2020,Guamá
150290,CURUÇÁ,2027.0,1852.0,6009,1511,4480,4599,1992,1650,1457,1262,1021,728,1091,29679,2021,Guamá
150290,CURUÇÁ,2094.0,1910.0,5967,1486,4733,5060,2204,1903,1667,1458,1247,875,1361,31965,2022,Guamá
150290,CURUÇÁ,2203.0,1934.0,5766,1511,4691,5229,2268,2025,1765,1545,1354,978,1465,32734,2023,Guamá
150290,CURUÇÁ,2134.0,1864.0,5565,1519,4600,5088,2220,2099,1771,1592,1402,978,1565,32397,2024,Guamá
150290,CURUÇÁ,2008.0,1845.0,5559,1381,4567,5076,2218,2189,1880,1630,1525,1057,1696,32631,2025,Guamá
150293,DOM ELISEU,1807.0,1644.0,4923,1157,3298,3334,1629,1666,1416,1154,1068,988,2156,26240,2025,Rio Capim
150293,DOM ELISEU,1862.0,1680.0,4924,1173,3379,3352,1625,1630,1347,1106,1009,962,2112,26161,2024,Rio Capim
150293,DOM ELISEU,1803.0,1742.0,4953,1176,3501,3449,1775,1619,1334,1127,1069,949,2268,26765,2023,Rio Capim
150293,DOM ELISEU,1629.0,1701.0,5013,1183,3465,3506,1736,1587,1261,1120,1083,929,2303,26516,2022,Rio Capim
150293,DOM ELISEU,1558.0,1618.0,4819,1127,3283,3102,1518,1312,967,874,880,813,2010,23881,2021,Rio Capim
150293,DOM ELISEU,1530.0,1511.0,4771,1153,3156,2894,1429,1168,869,809,774,772,1808,22644,2020,Rio Capim
150293,DOM ELISEU,1827.0,1609.0,5056,1191,3189,3085,1521,1146,901,807,804,788,1789,23713,2019,Rio Capim
150293,DOM ELISEU,1860.0,1619.0,5291,1125,3147,3278,1519,1098,872,835,712,716,1581,23653,2018,Rio Capim
150293,DOM ELISEU,1861.0,1712.0,5646,1173,3286,3687,1573,1143,953,912,730,695,1535,24906,2017,Rio Capim
150293,DOM ELISEU,1696.0,1727.0,5832,1243,3052,3763,1558,1117,946,923,683,585,1250,24375,2016,Rio Capim
150293,DOM ELISEU,1769.0,1885.0,6405,1363,3518,4202,1594,1269,1103,968,780,644,1384,26884,2015,Rio Capim
150293,DOM ELISEU,,,6753,1396,3702,4295,1639,1315,1120,979,784,625,1298,23906,2014,Rio Capim
150293,DOM ELISEU,,,6826,1400,3295,3892,1484,1250,1080,881,712,563,1142,22525,2013,Rio Capim
150293,DOM ELISEU,,,7169,1420,3665,4143,1512,1304,1200,915,719,580,1066,23693,2012,Rio Capim
150295,ELDORADO DO CARAJÁS,1627.0,1368.0,3937,960,2789,2766,1365,1266,1148,1033,1079,1041,2434,22813,2025,Carajás
150295,ELDORADO DO CARAJÁS,1599.0,1323.0,3988,983,2759,2681,1335,1223,1094,986,1007,949,2278,22205,2024,Carajás
150295,ELDORADO DO CARAJÁS,1453.0,1278.0,4080,985,2827,2877,1358,1247,1109,997,1041,958,2391,22601,2023,Carajás
150295,ELDORADO DO CARAJÁS,1298.0,1326.0,4301,1006,2838,2845,1331,1240,1036,958,1022,872,2223,22296,2022,Carajás
150295,ELDORADO DO CARAJÁS,983.0,1281.0,4286,1002,2899,2651,1240,1141,887,884,903,743,1930,20830,2021,Carajás
150295,ELDORADO DO CARAJÁS,1087.0,1348.0,4400,980,2849,2500,1163,1057,816,840,766,664,1676,20146,2020,Carajás
150295,ELDORADO DO CARAJÁS,1422.0,1451.0,4689,992,2940,2713,1234,1080,893,843,818,696,1700,21471,2019,Carajás
150295,ELDORADO DO CARAJÁS,1530.0,1501.0,4851,1060,2899,2682,1276,1050,858,822,719,639,1455,21342,2018,Carajás
150295,ELDORADO DO CARAJÁS,1596.0,1568.0,5043,1088,2889,2877,1293,1000,813,727,559,490,1187,21130,2017,Carajás
150295,ELDORADO DO CARAJÁS,1742.0,1692.0,5402,1117,3040,3043,1358,974,864,748,571,488,913,21952,2016,Carajás
150295,ELDORADO DO CARAJÁS,1779.0,1686.0,5412,1093,2807,2996,1273,945,872,727,551,460,935,21536,2015,Carajás
150295,ELDORADO DO CARAJÁS,,,5258,1059,2501,2798,1163,895,746,645,501,422,865,16853,2014,Carajás
150295,ELDORADO DO CARAJÁS,,,5295,1087,2454,2587,1102,858,756,607,455,343,869,16413,2013,Carajás
150295,ELDORADO DO CARAJÁS,,,5599,1114,2646,2724,1210,938,827,643,459,407,804,17371,2012,Carajás
150300,FARO,,,1665,342,987,804,275,220,171,144,108,71,69,4856,2012,Baixo Amazonas
150300,FARO,,,1739,337,1058,921,309,252,186,160,133,102,96,5293,2013,Baixo Amazonas
150300,FARO,,,1754,353,1038,932,341,273,199,186,132,126,141,5475,2014,Baixo Amazonas
150300,FARO,528.0,452.0,1717,337,1009,928,326,291,213,197,134,130,147,6409,2015,Baixo Amazonas
150300,FARO,547.0,446.0,1671,340,1053,961,345,310,210,213,146,137,179,6558,2016,Baixo Amazonas
150300,FARO,575.0,442.0,1587,327,1043,1010,356,303,229,207,157,130,218,6584,2017,Baixo Amazonas
150300,FARO,601.0,498.0,1545,346,1061,1082,391,286,253,182,176,130,209,6760,2018,Baixo Amazonas
150300,FARO,674.0,504.0,1566,367,1105,1156,427,336,273,188,202,131,224,7153,2019,Baixo Amazonas
150300,FARO,576.0,499.0,1548,362,1106,1193,418,314,298,194,187,134,225,7054,2020,Baixo Amazonas
150300,FARO,569.0,523.0,1547,391,1115,1206,454,353,302,208,195,144,260,7267,2021,Baixo Amazonas
150300,FARO,565.0,549.0,1561,396,1384,1502,617,494,408,326,265,204,297,8568,2022,Baixo Amazonas
150300,FARO,618.0,554.0,1548,370,1390,1502,604,529,388,343,266,234,328,8674,2023,Baixo Amazonas
150300,FARO,598.0,539.0,1546,384,1238,1332,563,479,385,322,242,244,413,8285,2024,Baixo Amazonas
150300,FARO,553.0,521.0,1477,347,1206,1260,524,473,353,337,244,237,475,8007,2025,Baixo Amazonas
150304,FLORESTA DO ARAGUAIA,,,3019,637,1734,1734,779,580,494,313,225,225,480,10220,2012,Araguaia
150304,FLORESTA DO ARAGUAIA,,,3004,667,1840,1890,859,632,529,405,275,271,565,10937,2013,Araguaia
150304,FLORESTA DO ARAGUAIA,,,2964,654,1921,1985,912,668,570,457,329,281,638,11379,2014,Araguaia
150304,FLORESTA DO ARAGUAIA,955.0,906.0,2877,605,1830,1946,921,703,610,463,353,271,569,13009,2015,Araguaia
150304,FLORESTA DO ARAGUAIA,994.0,929.0,2823,621,1771,1968,862,751,564,505,350,271,521,12930,2016,Araguaia
150304,FLORESTA DO ARAGUAIA,1020.0,917.0,2842,577,1808,2000,873,778,568,506,347,263,502,13001,2017,Araguaia
150304,FLORESTA DO ARAGUAIA,984.0,882.0,2644,547,1632,1837,851,724,532,494,363,277,505,12272,2018,Araguaia
150304,FLORESTA DO ARAGUAIA,997.0,842.0,2588,528,1607,1863,853,740,542,492,405,297,639,12393,2019,Araguaia
150304,FLORESTA DO ARAGUAIA,839.0,821.0,2502,522,1559,1814,839,707,556,479,406,315,612,11971,2020,Araguaia
150304,FLORESTA DO ARAGUAIA,950.0,875.0,2636,531,1725,1935,903,753,629,532,505,361,745,13080,2021,Araguaia
150304,FLORESTA DO ARAGUAIA,977.0,927.0,2616,553,1738,2119,962,848,733,598,604,418,884,13977,2022,Araguaia
150304,FLORESTA DO ARAGUAIA,1091.0,949.0,2602,555,1691,2194,996,901,802,627,618,457,924,14407,2023,Araguaia
150304,FLORESTA DO ARAGUAIA,1073.0,905.0,2561,535,1638,2118,965,889,765,614,590,455,814,13922,2024,Araguaia
150304,FLORESTA DO ARAGUAIA,1013.0,880.0,2535,551,1594,2079,965,894,808,657,637,474,847,13934,2025,Araguaia
150307,GARRAFÃO DO NORTE,1401.0,1214.0,3611,884,2496,2982,1390,1266,1164,1037,916,598,792,19751,2025,Rio Capim
150307,GARRAFÃO DO NORTE,1401.0,1202.0,3760,912,2570,3042,1352,1284,1158,1013,845,563,756,19858,2024,Rio Capim
150307,GARRAFÃO DO NORTE,1366.0,1185.0,3966,973,2630,3103,1390,1250,1125,968,832,511,773,20072,2023,Rio Capim
150307,GARRAFÃO DO NORTE,1267.0,1172.0,4117,1031,2714,3098,1346,1192,1074,931,735,456,692,19825,2022,Rio Capim
150307,GARRAFÃO DO NORTE,1163.0,1213.0,4234,1082,2854,3023,1310,1124,983,845,627,404,584,19446,2021,Rio Capim
150307,GARRAFÃO DO NORTE,1154.0,1308.0,4354,1118,3083,2983,1284,1093,939,777,569,314,489,19465,2020,Rio Capim
150307,GARRAFÃO DO NORTE,1419.0,1374.0,4599,1120,3032,3005,1282,1113,922,753,554,284,512,19969,2019,Rio Capim
150307,GARRAFÃO DO NORTE,1418.0,1446.0,4851,1144,3144,3003,1245,1121,870,730,497,302,437,20208,2018,Rio Capim
150307,GARRAFÃO DO NORTE,1566.0,1447.0,5172,1153,3418,3089,1242,1103,877,704,483,322,446,21022,2017,Rio Capim
150307,GARRAFÃO DO NORTE,1637.0,1482.0,5458,1242,3394,3081,1244,1085,890,649,500,331,395,21388,2016,Rio Capim
150307,GARRAFÃO DO NORTE,1547.0,1512.0,5594,1247,3433,3105,1264,1065,914,658,473,364,635,21811,2015,Rio Capim
150307,GARRAFÃO DO NORTE,,,5855,1214,3498,3266,1335,1080,899,663,494,381,1002,19687,2014,Rio Capim
150307,GARRAFÃO DO NORTE,,,5949,1333,3275,3137,1304,1027,875,603,491,332,927,19253,2013,Rio Capim
150307,GARRAFÃO DO NORTE,,,6052,1341,3238,3069,1279,1017,833,596,443,331,850,19049,2012,Rio Capim
150309,GOIANÉSIA DO PARÁ,1104.0,1104.0,3423,903,2419,2588,1339,1484,1269,1048,968,733,1428,19810,2025,Lago Tucuruí
150309,GOIANÉSIA DO PARÁ,1245.0,1190.0,3573,909,2393,2585,1378,1472,1230,1023,948,746,1451,20143,2024,Lago Tucuruí
150309,GOIANÉSIA DO PARÁ,1314.0,1192.0,3720,936,2416,2754,1442,1458,1180,971,923,746,1585,20637,2023,Lago Tucuruí
150309,GOIANÉSIA DO PARÁ,1255.0,1179.0,3897,928,2459,2707,1442,1411,1128,923,871,709,1574,20483,2022,Lago Tucuruí
150309,GOIANÉSIA DO PARÁ,1185.0,1170.0,3973,901,2518,2590,1423,1283,973,830,726,662,1416,19650,2021,Lago Tucuruí
150309,GOIANÉSIA DO PARÁ,993.0,1137.0,3951,867,2469,2468,1369,1140,860,799,639,590,1263,18545,2020,Lago Tucuruí
150309,GOIANÉSIA DO PARÁ,1274.0,1238.0,4106,878,2478,2582,1386,1097,851,762,641,593,1173,19059,2019,Lago Tucuruí
150309,GOIANÉSIA DO PARÁ,1319.0,1297.0,4264,920,2476,2620,1342,1058,781,718,569,562,961,18887,2018,Lago Tucuruí
150309,GOIANÉSIA DO PARÁ,1373.0,1435.0,4588,1007,2650,2732,1386,1053,795,700,528,486,842,19575,2017,Lago Tucuruí
150309,GOIANÉSIA DO PARÁ,1405.0,1438.0,5015,1056,2811,2993,1426,1025,812,652,511,489,714,20347,2016,Lago Tucuruí
150309,GOIANÉSIA DO PARÁ,1452.0,1533.0,5289,1160,2975,3255,1430,1031,880,671,535,496,694,21401,2015,Lago Tucuruí
150309,GOIANÉSIA DO PARÁ,,,5797,1281,3535,3921,1584,1197,1011,767,673,604,1086,21456,2014,Lago Tucuruí
150309,GOIANÉSIA DO PARÁ,,,5651,1221,3367,3662,1458,1113,927,701,614,528,977,20219,2013,Lago Tucuruí
150309,GOIANÉSIA DO PARÁ,,,5565,1188,3251,3508,1374,1069,883,651,575,429,828,19321,2012,Lago Tucuruí
150310,GURUPÁ,,,6422,1360,3326,3161,1228,969,719,616,454,305,373,18933,2012,Marajó
150310,GURUPÁ,,,6481,1405,3623,3335,1266,1030,794,638,492,334,456,19854,2013,Marajó
150310,GURUPÁ,,,6990,1439,4012,3752,1386,1162,848,700,536,371,519,21715,2014,Marajó
150310,GURUPÁ,1986.0,2087.0,7053,1452,4118,3785,1423,1183,876,709,559,354,525,26110,2015,Marajó
150310,GURUPÁ,2196.0,2109.0,7151,1514,4490,3886,1460,1261,931,705,586,390,483,27162,2016,Marajó
150310,GURUPÁ,2059.0,2082.0,7085,1536,4635,3997,1498,1235,962,729,573,354,524,27269,2017,Marajó
150310,GURUPÁ,2484.0,2145.0,7037,1581,4779,4289,1564,1218,1000,773,556,312,448,28186,2018,Marajó
150310,GURUPÁ,2654.0,2213.0,6984,1570,4959,4535,1646,1261,1035,776,560,312,498,29003,2019,Marajó
150310,GURUPÁ,2328.0,2328.0,6890,1602,5043,4777,1681,1370,1061,807,575,313,465,29240,2020,Marajó
150310,GURUPÁ,2457.0,2353.0,6881,1565,5022,4955,1727,1425,1141,855,615,373,550,29919,2021,Marajó
150310,GURUPÁ,2419.0,2347.0,6783,1593,5127,5144,1849,1524,1215,936,667,446,673,30723,2022,Marajó
150310,GURUPÁ,2581.0,2351.0,6648,1598,5086,5229,1908,1639,1245,1015,755,520,821,31396,2023,Marajó
150310,GURUPÁ,2600.0,2304.0,6642,1603,5144,5270,1971,1693,1315,1075,742,536,865,31760,2024,Marajó
150310,GURUPÁ,2472.0,2307.0,6629,1525,4891,5174,2002,1657,1417,1092,759,546,976,31447,2025,Marajó
150320,IGARAPÉ-AÇU,,,6211,1532,3469,3448,1395,1201,998,747,525,369,466,20361,2012,Guamá
150320,IGARAPÉ-AÇU,,,6174,1450,3136,3238,1311,1131,933,706,498,379,570,19526,2013,Guamá
150320,IGARAPÉ-AÇU,,,6100,1310,3094,3298,1320,1138,935,746,493,385,696,19515,2014,Guamá
150320,IGARAPÉ-AÇU,1944.0,1719.0,5831,1275,3005,3171,1261,1097,963,741,571,399,652,22629,2015,Guamá
150320,IGARAPÉ-AÇU,1909.0,1682.0,5498,1488,3496,3571,1485,1262,1095,903,655,478,757,24279,2016,Guamá
150320,IGARAPÉ-AÇU,1819.0,1681.0,5313,1489,3745,3735,1653,1397,1185,1000,767,513,840,25137,2017,Guamá
150320,IGARAPÉ-AÇU,1783.0,1660.0,5126,1294,3791,3846,1760,1428,1281,1084,821,546,919,25339,2018,Guamá
150320,IGARAPÉ-AÇU,1760.0,1687.0,4968,1261,3913,3993,1809,1516,1355,1161,919,607,1075,26024,2019,Guamá
150320,IGARAPÉ-AÇU,1342.0,1573.0,4874,1143,3820,3942,1788,1536,1321,1194,924,638,1070,25165,2020,Guamá
150320,IGARAPÉ-AÇU,1300.0,1511.0,4894,1087,3771,4070,1832,1615,1380,1235,1038,694,1227,25654,2021,Guamá
150320,IGARAPÉ-AÇU,1345.0,1516.0,4880,1118,3782,4369,1981,1844,1533,1428,1179,896,1414,27285,2022,Guamá
150320,IGARAPÉ-AÇU,1617.0,1494.0,4824,1188,3725,4500,1962,1991,1598,1502,1281,992,1487,28161,2023,Guamá
150320,IGARAPÉ-AÇU,1512.0,1418.0,4658,1145,3455,4072,1883,1878,1607,1444,1249,936,1391,26648,2024,Guamá
150320,IGARAPÉ-AÇU,1489.0,1397.0,4613,1086,3475,4061,1905,1925,1645,1467,1333,935,1547,26878,2025,Guamá
150330,IGARAPÉ-MIRI,,,11359,2667,7726,7320,2813,2201,1769,1346,1057,792,1038,40088,2012,Tocantins
150330,IGARAPÉ-MIRI,,,11456,2630,7677,7642,2958,2247,1883,1444,1084,841,1224,41086,2013,Tocantins
150330,IGARAPÉ-MIRI,,,11683,2496,7939,8028,3137,2366,1989,1566,1163,937,1374,42678,2014,Tocantins
150330,IGARAPÉ-MIRI,2985.0,3684.0,11444,2351,7272,7596,3082,2273,1881,1422,1078,791,978,46837,2015,Tocantins
150330,IGARAPÉ-MIRI,3259.0,3552.0,11520,2329,7253,7580,3142,2420,1853,1411,1065,744,916,47044,2016,Tocantins
150330,IGARAPÉ-MIRI,3286.0,3375.0,11347,2319,7161,7631,3157,2560,1841,1534,1073,716,1133,47133,2017,Tocantins
150330,IGARAPÉ-MIRI,3119.0,3142.0,11035,2228,6548,7370,3099,2516,1785,1475,1053,616,1109,45095,2018,Tocantins
150330,IGARAPÉ-MIRI,3142.0,3152.0,10757,2230,6393,7522,3177,2628,1875,1525,1117,662,1432,45612,2019,Tocantins
150330,IGARAPÉ-MIRI,2343.0,3025.0,10336,2229,6207,7402,3115,2619,1901,1531,1061,668,1494,43931,2020,Tocantins
150330,IGARAPÉ-MIRI,2486.0,2985.0,10315,2294,5861,7441,3281,2788,2153,1613,1224,768,1683,44892,2021,Tocantins
150330,IGARAPÉ-MIRI,3092.0,3086.0,10564,2433,6538,8352,3677,3212,2622,1966,1569,981,1978,50070,2022,Tocantins
150330,IGARAPÉ-MIRI,3564.0,3202.0,10316,2517,6775,8415,3831,3358,2815,2040,1714,1105,2116,51768,2023,Tocantins
150330,IGARAPÉ-MIRI,3779.0,3169.0,10159,2641,7196,8547,3904,3482,2959,2169,1797,1178,2220,53200,2024,Tocantins
150330,IGARAPÉ-MIRI,3645.0,3127.0,9911,2532,7464,8659,4043,3594,3086,2354,1922,1246,2383,53966,2025,Tocantins
150340,INHANGAPI,,,1660,355,1166,1110,427,345,324,244,197,126,225,6179,2012,Guamá
150340,INHANGAPI,,,1715,336,1086,1115,448,367,334,257,212,141,264,6275,2013,Guamá
150340,INHANGAPI,,,1784,371,1230,1264,475,406,349,275,231,185,322,6892,2014,Guamá
150340,INHANGAPI,601.0,580.0,1719,417,1154,1229,463,399,332,274,225,166,241,7800,2015,Guamá
150340,INHANGAPI,660.0,555.0,1754,429,1182,1222,463,417,333,298,222,186,243,7964,2016,Guamá
150340,INHANGAPI,635.0,572.0,1686,407,1241,1236,500,425,325,312,243,174,267,8023,2017,Guamá
150340,INHANGAPI,605.0,543.0,1665,342,1154,1170,472,420,314,293,221,166,236,7601,2018,Guamá
150340,INHANGAPI,572.0,550.0,1533,329,1110,1189,487,404,339,305,235,176,284,7513,2019,Guamá
150340,INHANGAPI,485.0,518.0,1514,345,1036,1172,520,397,343,298,243,182,288,7341,2020,Guamá
150340,INHANGAPI,480.0,498.0,1535,341,1016,1215,536,428,370,310,274,205,328,7536,2021,Guamá
150340,INHANGAPI,555.0,480.0,1533,298,1041,1277,518,492,417,344,318,244,406,7923,2022,Guamá
150340,INHANGAPI,563.0,483.0,1459,321,1022,1248,567,502,440,387,334,268,461,8055,2023,Guamá
150340,INHANGAPI,550.0,494.0,1450,338,932,1225,590,503,442,415,353,266,484,8042,2024,Guamá
150340,INHANGAPI,519.0,518.0,1404,340,931,1182,607,549,451,418,351,281,494,8045,2025,Guamá
150345,IPIXUNA DO PARÁ,,,6190,1192,3068,2922,1143,981,795,633,490,371,619,18404,2012,Rio Capim
150345,IPIXUNA DO PARÁ,,,6161,1210,3294,3164,1167,1034,844,696,551,417,714,19252,2013,Rio Capim
150345,IPIXUNA DO PARÁ,,,6061,1290,3324,3260,1234,1090,886,727,565,476,786,19699,2014,Rio Capim
150345,IPIXUNA DO PARÁ,1672.0,1665.0,5832,1205,3077,3077,1180,1051,888,675,550,447,532,21851,2015,Rio Capim
150345,IPIXUNA DO PARÁ,1771.0,1675.0,5689,1115,3119,3025,1187,1016,879,716,553,419,504,21668,2016,Rio Capim
150345,IPIXUNA DO PARÁ,2019.0,1767.0,5757,1294,3253,3121,1292,1029,908,742,582,422,642,22828,2017,Rio Capim
150345,IPIXUNA DO PARÁ,2103.0,1795.0,5678,1259,3182,3110,1299,1058,894,766,598,452,674,22868,2018,Rio Capim
150345,IPIXUNA DO PARÁ,2175.0,1942.0,5687,1232,3367,3214,1377,1139,955,829,651,468,847,23883,2019,Rio Capim
150345,IPIXUNA DO PARÁ,1924.0,1879.0,5581,1264,3388,3211,1377,1168,962,869,650,466,904,23643,2020,Rio Capim
150345,IPIXUNA DO PARÁ,1993.0,1901.0,5624,1308,3618,3386,1490,1279,1098,944,768,546,1088,25043,2021,Rio Capim
150345,IPIXUNA DO PARÁ,2068.0,1970.0,5728,1293,3656,3693,1612,1493,1245,1083,919,703,1342,26805,2022,Rio Capim
150345,IPIXUNA DO PARÁ,2346.0,2030.0,5707,1371,3715,3814,1680,1559,1301,1142,978,775,1407,27825,2023,Rio Capim
150345,IPIXUNA DO PARÁ,2359.0,1990.0,5556,1301,3608,3621,1614,1541,1305,1116,955,782,1402,27150,2024,Rio Capim
150345,IPIXUNA DO PARÁ,2155.0,1975.0,5610,1154,3572,3635,1601,1551,1338,1157,1034,808,1564,27154,2025,Rio Capim
150350,IRITUIA,1589.0,1456.0,4361,1164,3256,3536,1754,1716,1494,1376,1208,731,1338,24979,2025,Rio Capim
150350,IRITUIA,1815.0,1464.0,4623,1150,3335,3683,1801,1679,1506,1308,1145,666,1338,25513,2024,Rio Capim
150350,IRITUIA,1743.0,1490.0,4746,1145,3588,4180,1884,1731,1520,1344,1104,732,1269,26476,2023,Rio Capim
150350,IRITUIA,1612.0,1473.0,4843,1171,3709,4201,1852,1681,1483,1241,1028,639,1099,26032,2022,Rio Capim
150350,IRITUIA,1538.0,1434.0,5025,1152,3570,3661,1620,1421,1232,1073,750,454,782,23712,2021,Rio Capim
150350,IRITUIA,1418.0,1488.0,5021,1146,3337,3428,1525,1287,1128,970,625,337,630,22340,2020,Rio Capim
150350,IRITUIA,1743.0,1522.0,5244,1171,3362,3528,1504,1317,1106,940,610,355,679,23081,2019,Rio Capim
150350,IRITUIA,1673.0,1642.0,5381,1259,3757,3617,1462,1254,1084,853,595,359,682,23618,2018,Rio Capim
150350,IRITUIA,1545.0,1676.0,5665,1266,3932,3519,1463,1272,1043,841,619,420,657,23918,2017,Rio Capim
150350,IRITUIA,1721.0,1724.0,5858,1255,3931,3472,1445,1255,1057,794,635,521,619,24287,2016,Rio Capim
150350,IRITUIA,1701.0,1800.0,5931,1249,3801,3431,1409,1228,1083,756,623,505,616,24133,2015,Rio Capim
150350,IRITUIA,,,6069,1292,3935,3607,1481,1250,1109,749,634,524,729,21379,2014,Rio Capim
150350,IRITUIA,,,6068,1371,3645,3388,1405,1222,974,746,615,436,600,20470,2013,Rio Capim
150350,IRITUIA,,,6039,1313,3518,3248,1400,1138,922,696,570,398,476,19718,2012,Rio Capim
150360,ITAITUBA,,,17195,3853,9549,8731,3359,2749,2305,1872,1506,1132,2844,55095,2012,Tapajós
150360,ITAITUBA,,,17050,4053,10237,9416,3551,2896,2441,2017,1671,1230,3157,57719,2013,Tapajós
150360,ITAITUBA,,,17008,4135,11097,10188,3943,3119,2597,2237,1812,1517,3678,61331,2014,Tapajós
150360,ITAITUBA,4533.0,4512.0,15842,3924,10418,9540,3788,2881,2455,2024,1726,1489,2685,65817,2015,Tapajós
150360,ITAITUBA,4631.0,4343.0,15142,3667,10046,8876,3655,2717,2237,1984,1590,1471,2788,63147,2016,Tapajós
150360,ITAITUBA,5120.0,4667.0,14812,3525,10498,9089,3825,2881,2267,2066,1717,1672,3825,65964,2017,Tapajós
150360,ITAITUBA,5322.0,4865.0,14283,3309,10314,9068,3968,2922,2213,2055,1809,1740,4107,65975,2018,Tapajós
150360,ITAITUBA,5475.0,4998.0,14162,3126,10485,9380,4116,3096,2303,2076,1888,1955,4683,67743,2019,Tapajós
150360,ITAITUBA,4335.0,4822.0,13725,3029,10039,9200,4074,3111,2295,2165,1841,1934,4776,65346,2020,Tapajós
150360,ITAITUBA,3846.0,4790.0,13951,3108,10110,9755,4229,3381,2463,2228,2038,2041,5439,67379,2021,Tapajós
150360,ITAITUBA,5154.0,5285.0,15103,3273,10688,11314,4757,3990,2983,2617,2412,2418,6369,76363,2022,Tapajós
150360,ITAITUBA,6115.0,5548.0,15607,3329,10877,12184,5018,4405,3307,2750,2629,2654,6450,80873,2023,Tapajós
150360,ITAITUBA,6298.0,5496.0,15620,3325,10108,11935,4779,4379,3318,2668,2599,2697,6209,79431,2024,Tapajós
150360,ITAITUBA,5799.0,5563.0,15517,3310,9807,11891,4801,4531,3575,2778,2823,2791,6667,79853,2025,Tapajós
150370,ITUPIRANGA,,,9421,2016,5146,5157,2010,1624,1567,1224,989,785,1211,31150,2012,Lago Tucuruí
150370,ITUPIRANGA,,,9441,2100,5390,5491,2125,1630,1557,1277,1057,798,1422,32288,2013,Lago Tucuruí
150370,ITUPIRANGA,,,9436,2072,5514,5743,2199,1796,1542,1372,1091,926,1648,33339,2014,Lago Tucuruí
150370,ITUPIRANGA,2701.0,2830.0,9042,1980,5036,5059,2087,1654,1372,1169,993,786,1214,35923,2015,Lago Tucuruí
150370,ITUPIRANGA,2874.0,2781.0,8844,1941,4835,4811,2059,1636,1276,1141,921,749,1213,35081,2016,Lago Tucuruí
150370,ITUPIRANGA,2813.0,2625.0,8430,1707,4659,4554,2015,1622,1215,1052,819,611,1167,33289,2017,Lago Tucuruí
150370,ITUPIRANGA,2638.0,2578.0,7911,1588,4325,4270,2027,1615,1209,1066,875,743,1334,32179,2018,Lago Tucuruí
150370,ITUPIRANGA,2595.0,2595.0,7709,1595,4475,4295,2098,1621,1287,1078,983,872,1805,33008,2019,Lago Tucuruí
150370,ITUPIRANGA,2436.0,2490.0,7517,1577,4506,4251,2037,1672,1272,1095,938,891,1822,32504,2020,Lago Tucuruí
150370,ITUPIRANGA,2622.0,2405.0,7613,1675,4672,4522,2154,1863,1460,1170,1079,1013,2143,34391,2021,Lago Tucuruí
150370,ITUPIRANGA,2897.0,2357.0,7580,1777,4814,4834,2379,2079,1660,1334,1256,1155,2569,36691,2022,Lago Tucuruí
150370,ITUPIRANGA,3138.0,2350.0,7352,1750,4828,4920,2421,2151,1753,1376,1294,1229,2625,37187,2023,Lago Tucuruí
150370,ITUPIRANGA,3001.0,2398.0,6988,1733,4628,4742,2266,2228,1748,1431,1287,1170,2510,36130,2024,Lago Tucuruí
150370,ITUPIRANGA,2914.0,2407.0,6922,1693,4744,4875,2260,2281,1930,1545,1362,1250,2687,36870,2025,Lago Tucuruí
150375,JACAREACANGA,,,3362,570,1401,1358,499,439,357,239,209,130,165,8729,2012,Tapajós
150375,JACAREACANGA,,,3555,652,1574,1403,518,458,383,276,220,155,198,9392,2013,Tapajós
150375,JACAREACANGA,,,3645,672,1741,1457,571,478,399,313,227,174,231,9908,2014,Tapajós
150375,JACAREACANGA,1274.0,1188.0,3674,702,1858,1486,580,474,375,302,236,141,203,12493,2015,Tapajós
150375,JACAREACANGA,1236.0,1259.0,3648,722,1928,1523,584,466,399,304,219,145,212,12645,2016,Tapajós
150375,JACAREACANGA,1347.0,1342.0,3658,725,1999,1609,621,476,403,331,217,182,352,13262,2017,Tapajós
150375,JACAREACANGA,1408.0,1406.0,3667,746,2036,1628,671,491,394,314,224,190,370,13545,2018,Tapajós
150375,JACAREACANGA,1541.0,1458.0,3814,753,2139,1695,700,529,418,329,243,219,415,14253,2019,Tapajós
150375,JACAREACANGA,1415.0,1516.0,3823,741,2267,1735,733,533,430,330,270,223,459,14475,2020,Tapajós
150375,JACAREACANGA,1577.0,1598.0,4047,827,2390,1921,799,578,466,370,311,232,522,15638,2021,Tapajós
150375,JACAREACANGA,1726.0,1691.0,4339,886,2595,2254,852,682,526,469,383,272,640,17315,2022,Tapajós
150375,JACAREACANGA,2051.0,1742.0,4548,872,2776,2450,846,760,570,486,389,312,655,18457,2023,Tapajós
150375,JACAREACANGA,2034.0,1771.0,4604,854,2840,2536,841,790,598,500,396,317,695,18776,2024,Tapajós
150375,JACAREACANGA,2018.0,1811.0,4689,872,2825,2662,858,808,600,530,394,357,773,19197,2025,Tapajós
150380,JACUNDÁ,1737.0,1620.0,4744,1209,2999,3297,1682,1822,1679,1405,1207,1022,2440,26863,2025,Lago Tucuruí
150380,JACUNDÁ,1901.0,1677.0,4972,1174,3102,3347,1763,1837,1589,1290,1150,1028,2388,27218,2024,Lago Tucuruí
150380,JACUNDÁ,1994.0,1762.0,5301,1204,3296,3561,1879,1838,1579,1327,1247,1118,2519,28625,2023,Lago Tucuruí
150380,JACUNDÁ,2023.0,1811.0,5523,1291,3376,3583,1913,1787,1514,1325,1254,1021,2388,28809,2022,Lago Tucuruí
150380,JACUNDÁ,2058.0,1958.0,5911,1337,3541,3609,1885,1711,1399,1207,1101,919,2112,28748,2021,Lago Tucuruí
150380,JACUNDÁ,2118.0,2029.0,6080,1359,3553,3545,1861,1618,1306,1157,967,880,1900,28373,2020,Lago Tucuruí
150380,JACUNDÁ,2407.0,2072.0,6223,1298,3527,3707,1847,1610,1266,1090,946,870,1832,28695,2019,Lago Tucuruí
150380,JACUNDÁ,2468.0,2047.0,6419,1245,3404,3667,1824,1492,1185,1016,817,734,1445,27763,2018,Lago Tucuruí
150380,JACUNDÁ,2336.0,2067.0,6455,1247,3386,3648,1761,1408,1169,1019,730,639,1348,27213,2017,Lago Tucuruí
150380,JACUNDÁ,2481.0,2119.0,6702,1356,3435,3796,1756,1416,1154,973,725,610,1097,27620,2016,Lago Tucuruí
150380,JACUNDÁ,2481.0,2271.0,6933,1465,3619,4023,1744,1433,1213,945,753,640,1211,28731,2015,Lago Tucuruí
150380,JACUNDÁ,,,7133,1468,3835,4258,1772,1439,1250,982,733,635,1339,24844,2014,Lago Tucuruí
150380,JACUNDÁ,,,7456,1501,3804,4160,1702,1381,1156,853,644,519,1085,24261,2013,Lago Tucuruí
150380,JACUNDÁ,,,7500,1461,3713,4111,1643,1361,1115,807,574,458,1155,23898,2012,Lago Tucuruí
150390,JURUTI,2917.0,2757.0,8305,1976,5487,5436,2281,2104,1732,1245,991,759,1419,37409,2025,Baixo Amazonas
150390,JURUTI,3017.0,2726.0,8292,1901,5276,5201,2260,1996,1565,1138,872,689,1298,36231,2024,Baixo Amazonas
150390,JURUTI,3084.0,2729.0,8383,1849,5220,5146,2205,1962,1503,1137,900,701,1404,36223,2023,Baixo Amazonas
150390,JURUTI,2427.0,2600.0,8148,1823,4587,4672,2086,1797,1380,1032,849,641,1363,33405,2022,Baixo Amazonas
150390,JURUTI,1554.0,2440.0,7832,1829,4827,4385,1881,1681,1217,908,733,537,1150,30974,2021,Baixo Amazonas
150390,JURUTI,2125.0,2566.0,7940,1758,4834,4283,1865,1574,1118,880,674,485,1014,31116,2020,Baixo Amazonas
150390,JURUTI,2808.0,2615.0,8266,1798,4793,4417,1902,1541,1120,860,693,539,1036,32388,2019,Baixo Amazonas
150390,JURUTI,2597.0,2596.0,8399,1781,4740,4213,1864,1472,1059,849,653,503,865,31591,2018,Baixo Amazonas
150390,JURUTI,2708.0,2691.0,8878,1910,4975,4379,1927,1490,1082,848,717,582,819,33006,2017,Baixo Amazonas
150390,JURUTI,2681.0,2725.0,9134,1949,4934,4409,1911,1449,1042,849,754,609,779,33225,2016,Baixo Amazonas
150390,JURUTI,2531.0,2803.0,9271,1969,5047,4511,1882,1400,1113,896,792,680,839,33734,2015,Baixo Amazonas
150390,JURUTI,,,9850,2061,5471,5029,1956,1520,1179,1005,885,704,990,30650,2014,Baixo Amazonas
150390,JURUTI,,,9775,1989,5169,4789,1858,1398,1114,953,836,626,856,29363,2013,Baixo Amazonas
150390,JURUTI,,,9620,1963,4719,4471,1769,1341,1061,936,792,504,687,27863,2012,Baixo Amazonas
150400,LIMOEIRO DO AJURU,,,5523,1155,3346,3307,1253,1059,766,585,468,274,373,18109,2012,Tocantins
150400,LIMOEIRO DO AJURU,,,5535,1151,3641,3521,1330,1087,826,617,528,311,488,19035,2013,Tocantins
150400,LIMOEIRO DO AJURU,,,5464,1198,3787,3668,1407,1146,850,684,568,362,595,19729,2014,Tocantins
150400,LIMOEIRO DO AJURU,1589.0,1548.0,5406,1222,3788,3743,1423,1115,943,677,563,382,556,22955,2015,Tocantins
150400,LIMOEIRO DO AJURU,1632.0,1471.0,5221,1250,3806,3797,1379,1148,905,722,503,364,452,22650,2016,Tocantins
150400,LIMOEIRO DO AJURU,1689.0,1461.0,5157,1239,3948,3862,1424,1156,975,723,495,348,428,22905,2017,Tocantins
150400,LIMOEIRO DO AJURU,1773.0,1425.0,4943,1198,4038,3970,1404,1191,958,722,521,285,305,22733,2018,Tocantins
150400,LIMOEIRO DO AJURU,1867.0,1427.0,4848,1198,4169,4178,1436,1278,1017,748,569,316,345,23396,2019,Tocantins
150400,LIMOEIRO DO AJURU,1723.0,1452.0,4731,1165,4221,4355,1456,1297,1016,847,555,320,339,23477,2020,Tocantins
150400,LIMOEIRO DO AJURU,1766.0,1506.0,4632,1143,4223,4582,1560,1327,1089,869,632,364,395,24088,2021,Tocantins
150400,LIMOEIRO DO AJURU,1866.0,1539.0,4606,1174,4236,4809,1726,1418,1186,987,704,435,515,25201,2022,Tocantins
150400,LIMOEIRO DO AJURU,1876.0,1555.0,4499,1135,4175,4899,1773,1444,1246,986,760,497,601,25446,2023,Tocantins
150400,LIMOEIRO DO AJURU,1874.0,1560.0,4403,1143,4109,4908,1841,1450,1289,1017,773,504,655,25526,2024,Tocantins
150400,LIMOEIRO DO AJURU,1718.0,1585.0,4295,1111,3998,5006,1975,1500,1359,1054,894,620,997,26112,2025,Tocantins
150405,MÃE DO RIO,1697.0,1517.0,4485,1086,3289,3350,1532,1553,1388,1218,1033,701,1499,24348,2025,Rio Capim
150405,MÃE DO RIO,1809.0,1536.0,4575,1166,3413,3403,1592,1535,1350,1198,934,645,1478,24634,2024,Rio Capim
150405,MÃE DO RIO,1881.0,1546.0,4831,1219,3537,3674,1670,1537,1400,1226,939,666,1587,25713,2023,Rio Capim
150405,MÃE DO RIO,1730.0,1570.0,4910,1267,3516,3581,1646,1466,1361,1127,877,626,1518,25195,2022,Rio Capim
150405,MÃE DO RIO,1734.0,1586.0,5096,1193,3707,3480,1596,1366,1251,1019,731,561,1329,24649,2021,Rio Capim
150405,MÃE DO RIO,1672.0,1610.0,5131,1164,3882,3401,1552,1289,1184,925,650,507,1178,24145,2020,Rio Capim
150405,MÃE DO RIO,1968.0,1641.0,5248,1219,3866,3414,1541,1319,1165,891,616,556,1132,24576,2019,Rio Capim
150405,MÃE DO RIO,1984.0,1697.0,5419,1305,3849,3337,1503,1311,1109,819,590,508,1002,24433,2018,Rio Capim
150405,MÃE DO RIO,1921.0,1725.0,5637,1405,3773,3243,1413,1284,1010,768,550,513,982,24224,2017,Rio Capim
150405,MÃE DO RIO,1914.0,1735.0,5827,1379,3655,3265,1367,1253,980,709,582,543,968,24177,2016,Rio Capim
150405,MÃE DO RIO,1881.0,1762.0,6057,1332,3676,3457,1379,1279,980,728,626,551,1041,24749,2015,Rio Capim
150405,MÃE DO RIO,,,6245,1410,3792,3805,1510,1340,1006,781,698,602,1554,22743,2014,Rio Capim
150405,MÃE DO RIO,,,6235,1407,3635,3647,1500,1262,925,733,660,577,1412,21993,2013,Rio Capim
150405,MÃE DO RIO,,,6197,1370,3608,3610,1513,1181,929,719,649,503,1296,21575,2012,Rio Capim
150410,MAGALHÃES BARATA,,,1623,368,998,968,383,314,252,259,193,169,208,5735,2012,Guamá
150410,MAGALHÃES BARATA,,,1568,354,980,970,395,324,255,265,215,156,237,5719,2013,Guamá
150410,MAGALHÃES BARATA,,,1536,362,990,1010,420,340,277,275,234,168,264,5876,2014,Guamá
150410,MAGALHÃES BARATA,359.0,392.0,1437,314,831,854,375,317,263,254,222,148,176,5942,2015,Guamá
150410,MAGALHÃES BARATA,373.0,391.0,1371,329,848,856,395,319,269,237,234,163,195,5980,2016,Guamá
150410,MAGALHÃES BARATA,385.0,383.0,1339,344,845,860,433,338,282,239,255,157,256,6116,2017,Guamá
150410,MAGALHÃES BARATA,365.0,379.0,1268,310,826,881,437,343,288,250,234,179,301,6061,2018,Guamá
150410,MAGALHÃES BARATA,337.0,382.0,1261,297,847,876,476,357,303,254,251,200,342,6183,2019,Guamá
150410,MAGALHÃES BARATA,301.0,364.0,1202,296,794,870,457,371,306,254,245,209,345,6014,2020,Guamá
150410,MAGALHÃES BARATA,334.0,335.0,1228,289,782,869,477,421,342,274,267,235,377,6230,2021,Guamá
150410,MAGALHÃES BARATA,358.0,303.0,1222,260,753,903,480,484,372,328,282,268,429,6442,2022,Guamá
150410,MAGALHÃES BARATA,359.0,302.0,1167,258,733,902,484,477,396,361,300,268,453,6460,2023,Guamá
150410,MAGALHÃES BARATA,381.0,308.0,1074,288,718,846,476,500,390,365,304,268,491,6409,2024,Guamá
150410,MAGALHÃES BARATA,367.0,329.0,1024,282,708,850,457,490,400,365,324,273,508,6377,2025,Guamá
150420,MARABÁ,9910.0,9990.0,29049,7087,18623,18494,9245,9253,7734,6038,5415,5142,11636,147616,2025,Carajás
150420,MARABÁ,10573.0,10069.0,29037,6851,17992,18287,9223,8921,7281,5882,5118,5110,11305,145649,2024,Carajás
150420,MARABÁ,10572.0,9840.0,29269,6671,18281,18819,9771,9072,7203,6065,5547,5390,12256,148756,2023,Carajás
150420,MARABÁ,9160.0,9157.0,28328,6532,16904,17588,9300,8292,6680,5733,5297,4927,12026,139924,2022,Carajás
150420,MARABÁ,6191.0,7608.0,24902,5670,14409,14021,7654,6596,5001,4505,4289,4002,10261,115109,2021,Carajás
150420,MARABÁ,5987.0,7481.0,24181,5273,13133,13292,6996,5837,4318,4057,3674,3696,9083,107008,2020,Carajás
150420,MARABÁ,7955.0,8117.0,26116,5440,13928,14721,7695,6163,4564,4178,4022,3831,9120,115850,2019,Carajás
150420,MARABÁ,7099.0,7750.0,26303,5381,12656,13742,7094,5458,4077,3713,3404,3379,7525,107581,2018,Carajás
150420,MARABÁ,6266.0,8033.0,28153,5979,13538,14692,7190,5548,4005,3468,2879,2780,6109,108640,2017,Carajás
150420,MARABÁ,6309.0,8843.0,31030,6546,15060,16904,7889,5869,4212,3585,2729,2490,5122,116588,2016,Carajás
150420,MARABÁ,7114.0,9550.0,32560,6834,16404,18393,8094,5959,4670,3699,2833,2372,4894,123376,2015,Carajás
150420,MARABÁ,,,32993,7053,18788,19405,8039,6245,4968,4063,2761,2329,5437,112081,2014,Carajás
150420,MARABÁ,,,31698,6677,17162,16852,7061,5566,4488,3401,2415,1925,4692,101937,2013,Carajás
150420,MARABÁ,,,28494,6048,15507,13548,6077,4904,4021,2815,2079,1449,3815,88757,2012,Carajás
150430,MARACANÃ,1503.0,1333.0,4191,1074,3579,4018,1766,1687,1493,1381,1215,927,1485,25652,2025,Guamá
150430,MARACANÃ,1637.0,1345.0,4280,1135,3685,4005,1737,1631,1474,1295,1118,868,1290,25500,2024,Guamá
150430,MARACANÃ,1626.0,1342.0,4508,1140,3780,4108,1739,1636,1476,1275,1123,815,1259,25827,2023,Guamá
150430,MARACANÃ,1495.0,1393.0,4718,1166,3755,4104,1760,1572,1452,1205,1057,767,1185,25629,2022,Guamá
150430,MARACANÃ,1393.0,1451.0,4772,1187,3808,4016,1648,1436,1311,1071,940,632,992,24657,2021,Guamá
150430,MARACANÃ,1471.0,1511.0,4869,1209,3955,3940,1629,1405,1238,1038,839,573,866,24543,2020,Guamá
150430,MARACANÃ,1666.0,1564.0,4977,1300,4046,3877,1641,1418,1165,992,841,552,849,24888,2019,Guamá
150430,MARACANÃ,1724.0,1525.0,5175,1312,4041,3723,1600,1357,1120,959,753,524,646,24459,2018,Guamá
150430,MARACANÃ,1707.0,1526.0,5420,1318,4096,3671,1536,1353,1102,947,783,545,652,24656,2017,Guamá
150430,MARACANÃ,1636.0,1545.0,5545,1354,3930,3640,1515,1346,1084,957,760,567,692,24571,2016,Guamá
150430,MARACANÃ,1599.0,1595.0,5646,1327,3713,3598,1466,1285,1110,876,788,535,676,24214,2015,Guamá
150430,MARACANÃ,,,5766,1306,3780,3630,1504,1235,1060,895,777,545,747,21245,2014,Guamá
150430,MARACANÃ,,,5877,1384,3761,3610,1448,1210,1017,821,727,483,613,20951,2013,Guamá
150430,MARACANÃ,,,5888,1376,3463,3328,1345,1099,943,788,677,386,474,19767,2012,Guamá
150440,MARAPANIM,,,4731,1048,2476,2767,1088,904,689,574,508,305,278,15368,2012,Guamá
150440,MARAPANIM,,,4666,1022,2732,2836,1151,953,735,613,548,357,336,15949,2013,Guamá
150440,MARAPANIM,,,4685,1046,2977,2937,1237,989,790,667,553,420,418,16719,2014,Guamá
150440,MARAPANIM,1075.0,1293.0,4483,1082,2957,2845,1226,953,828,621,572,401,375,18711,2015,Guamá
150440,MARAPANIM,1138.0,1225.0,4388,1064,2890,2778,1220,974,813,621,541,400,361,18413,2016,Guamá
150440,MARAPANIM,1261.0,1195.0,4250,1025,3018,2767,1253,1005,833,647,526,346,380,18506,2017,Guamá
150440,MARAPANIM,1266.0,1183.0,4032,1000,2985,2761,1249,1049,864,669,503,324,398,18283,2018,Guamá
150440,MARAPANIM,1190.0,1163.0,3799,954,2946,2783,1242,1111,889,711,569,333,587,18277,2019,Guamá
150440,MARAPANIM,1000.0,1145.0,3700,874,2875,2756,1269,1124,915,771,592,369,648,18038,2020,Guamá
150440,MARAPANIM,956.0,1121.0,3656,831,2841,2775,1291,1190,944,831,638,445,758,18277,2021,Guamá
150440,MARAPANIM,1138.0,1111.0,3600,847,2755,3055,1358,1316,1146,985,831,586,946,19674,2022,Guamá
150440,MARAPANIM,1274.0,1089.0,3530,863,2651,3092,1399,1403,1230,1081,922,687,1057,20278,2023,Guamá
150440,MARAPANIM,1298.0,1089.0,3473,890,2535,2993,1397,1353,1292,1108,927,710,1208,20273,2024,Guamá
150440,MARAPANIM,1218.0,1114.0,3384,867,2397,2960,1423,1432,1343,1154,1056,735,1329,20412,2025,Guamá
150442,MARITUBA,4503.0,4590.0,13921,3223,9298,10357,5136,5271,4704,3993,3445,2842,5634,76917,2025,Guajará
150442,MARITUBA,4830.0,4611.0,14201,3256,9339,10532,5301,5379,4798,4008,3353,2843,5658,78109,2024,Guajará
150442,MARITUBA,4977.0,4574.0,14399,3196,9380,11055,5531,5683,4870,4192,3429,2836,5852,79974,2023,Guajará
150442,MARITUBA,4596.0,4598.0,14337,3187,9135,10815,5526,5472,4663,4051,3249,2685,5506,77820,2022,Guajará
150442,MARITUBA,3810.0,4409.0,13433,2948,8213,9181,4820,4520,3685,3198,2503,2251,4732,67703,2021,Guajará
150442,MARITUBA,3206.0,4240.0,12555,2837,7807,8526,4367,3933,3165,2727,2092,1872,4025,61352,2020,Guajará
150442,MARITUBA,4178.0,4425.0,12968,3014,7802,8887,4465,3943,3103,2566,2040,1782,3709,62882,2019,Guajará
150442,MARITUBA,4336.0,4296.0,13256,3019,7742,8661,4557,3701,2877,2274,1761,1597,2901,60978,2018,Guajará
150442,MARITUBA,4343.0,4263.0,13824,3202,8011,8920,4621,3738,2891,2095,1547,1343,2342,61140,2017,Guajará
150442,MARITUBA,4351.0,4252.0,14466,3248,8118,9187,4649,3703,2758,1883,1434,1251,1966,61266,2016,Guajará
150442,MARITUBA,4147.0,4326.0,14907,3222,8327,9227,4542,3600,2663,1803,1376,1171,1886,61197,2015,Guajará
150442,MARITUBA,,,15199,3343,9101,9583,4706,3912,2889,1981,1462,1254,2808,56238,2014,Guajará
150442,MARITUBA,,,15150,3325,8702,9358,4386,3652,2525,1734,1314,1093,2560,53799,2013,Guajará
150442,MARITUBA,,,15018,3251,8114,8846,4221,3350,2224,1554,1166,1043,2358,51145,2012,Guajará
150445,MEDICILÂNDIA,,,4350,886,2508,2790,1073,939,770,584,406,278,488,15072,2012,Xingu
150445,MEDICILÂNDIA,,,4434,892,2581,2898,1193,940,823,633,449,312,553,15708,2013,Xingu
150445,MEDICILÂNDIA,,,4360,890,2757,2953,1290,963,868,676,509,385,637,16288,2014,Xingu
150445,MEDICILÂNDIA,1254.0,1178.0,4225,894,2431,2763,1296,937,826,664,485,363,485,17801,2015,Xingu
150445,MEDICILÂNDIA,1452.0,1243.0,4109,973,2495,2772,1334,976,826,690,456,416,514,18256,2016,Xingu
150445,MEDICILÂNDIA,1527.0,1302.0,4091,973,2597,2786,1382,1009,831,697,494,390,625,18704,2017,Xingu
150445,MEDICILÂNDIA,1561.0,1310.0,4028,907,2697,2811,1445,1077,834,701,537,402,637,18947,2018,Xingu
150445,MEDICILÂNDIA,1580.0,1370.0,3999,872,2820,2963,1411,1204,849,758,567,481,815,19689,2019,Xingu
150445,MEDICILÂNDIA,1364.0,1300.0,3943,857,2744,2858,1420,1223,873,754,592,423,859,19210,2020,Xingu
150445,MEDICILÂNDIA,1474.0,1380.0,4115,900,2841,2970,1458,1330,982,814,658,461,1029,20412,2021,Xingu
150445,MEDICILÂNDIA,1665.0,1395.0,4209,1006,3236,3616,1657,1655,1246,1001,835,577,1190,23288,2022,Xingu
150445,MEDICILÂNDIA,1866.0,1460.0,4292,1022,3314,3687,1598,1745,1363,1022,880,658,1220,24127,2023,Xingu
150445,MEDICILÂNDIA,1795.0,1479.0,4160,999,3199,3535,1551,1570,1320,947,831,608,1088,23082,2024,Xingu
150445,MEDICILÂNDIA,1716.0,1493.0,4179,920,2926,3584,1526,1553,1348,962,842,621,1063,22733,2025,Xingu
150450,MELGAÇO,2193.0,2128.0,5876,1322,3730,3523,1307,1023,891,599,529,325,548,23994,2025,Marajó
150450,MELGAÇO,2373.0,2135.0,5918,1294,4012,3730,1253,1061,872,612,477,354,538,24629,2024,Marajó
150450,MELGAÇO,2372.0,2069.0,5994,1325,3979,3704,1252,1043,816,619,452,361,579,24565,2023,Marajó
150450,MELGAÇO,1958.0,2012.0,6035,1329,3931,3537,1188,1030,778,584,448,311,572,23713,2022,Marajó
150450,MELGAÇO,1976.0,2023.0,6133,1301,3558,3044,1072,926,655,531,383,263,483,22348,2021,Marajó
150450,MELGAÇO,1946.0,2081.0,6081,1221,3491,2888,1021,870,604,513,356,233,439,21744,2020,Marajó
150450,MELGAÇO,2333.0,2101.0,6140,1172,3469,2775,1028,816,588,461,377,205,436,21901,2019,Marajó
150450,MELGAÇO,2341.0,2118.0,6140,1182,3312,2689,993,781,575,431,356,196,346,21460,2018,Marajó
150450,MELGAÇO,2314.0,2056.0,6222,1198,3156,2598,994,749,568,451,324,221,398,21249,2017,Marajó
150450,MELGAÇO,1914.0,2078.0,6150,1116,2920,2478,967,704,562,438,327,245,306,20205,2016,Marajó
150450,MELGAÇO,2038.0,2138.0,6288,1163,3021,2542,960,698,590,440,331,269,399,20877,2015,Marajó
150450,MELGAÇO,,,6238,1192,3030,2566,936,708,557,464,321,273,435,16720,2014,Marajó
150450,MELGAÇO,,,6113,1113,2905,2488,877,698,513,443,317,251,398,16116,2013,Marajó
150450,MELGAÇO,,,5843,1088,2721,2317,837,686,490,417,297,241,341,15278,2012,Marajó
150460,MOCAJUBA,2301.0,1863.0,5540,1395,4775,5341,2117,1826,1539,1270,876,431,830,30104,2025,Tocantins
150460,MOCAJUBA,2364.0,1855.0,5636,1432,4961,5478,2152,1858,1529,1202,879,567,1097,31010,2024,Tocantins
150460,MOCAJUBA,2257.0,1832.0,5641,1472,4815,5244,2042,1706,1390,1059,881,551,1046,29936,2023,Tocantins
150460,MOCAJUBA,2131.0,1870.0,5731,1529,4769,5167,1957,1606,1309,1034,746,492,928,29269,2022,Tocantins
150460,MOCAJUBA,2051.0,1909.0,5994,1491,4828,4877,1823,1408,1186,905,635,421,759,28287,2021,Tocantins
150460,MOCAJUBA,1956.0,1950.0,6063,1507,4719,4534,1690,1343,1078,887,577,343,654,27301,2020,Tocantins
150460,MOCAJUBA,2275.0,1939.0,6282,1470,4861,4456,1713,1326,1042,859,578,373,650,27824,2019,Tocantins
150460,MOCAJUBA,2326.0,1931.0,6494,1434,4722,4359,1640,1246,974,806,524,352,541,27349,2018,Tocantins
150460,MOCAJUBA,2304.0,1916.0,6469,1476,4509,4182,1534,1203,952,727,526,404,542,26744,2017,Tocantins
150460,MOCAJUBA,2075.0,1887.0,6485,1469,4321,4058,1434,1172,915,685,550,433,485,25969,2016,Tocantins
150460,MOCAJUBA,1945.0,1865.0,6580,1353,4057,3830,1387,1106,915,658,550,406,468,25120,2015,Tocantins
150460,MOCAJUBA,,,6648,1384,3905,3840,1334,1067,870,618,560,374,1147,21747,2014,Tocantins
150460,MOCAJUBA,,,6527,1417,3758,3659,1256,1011,833,585,540,349,1081,21016,2013,Tocantins
150460,MOCAJUBA,,,6381,1342,3556,3344,1215,944,711,558,519,342,991,19903,2012,Tocantins
150470,MOJU,,,13683,3040,6940,6151,2490,2118,1658,1273,1006,765,1064,40188,2012,Tocantins
150470,MOJU,,,14104,3113,7948,7182,2773,2265,1805,1366,1133,810,1234,43733,2013,Tocantins
150470,MOJU,,,14436,3194,8749,7764,2936,2438,1936,1520,1192,939,1401,46505,2014,Tocantins
150470,MOJU,4370.0,4313.0,14167,3038,8448,7470,2759,2189,1929,1420,1054,750,977,52884,2015,Tocantins
150470,MOJU,4632.0,4290.0,14270,2984,8742,7727,2867,2230,1926,1432,1055,745,872,53772,2016,Tocantins
150470,MOJU,4473.0,4227.0,13936,2919,8693,7729,2959,2317,1942,1476,1040,665,936,53312,2017,Tocantins
150470,MOJU,4429.0,4118.0,13505,2827,8545,7691,2977,2332,1902,1508,1069,706,1133,52742,2018,Tocantins
150470,MOJU,4623.0,4322.0,13297,2935,9093,8367,3164,2620,2095,1714,1298,877,1979,56384,2019,Tocantins
150470,MOJU,3565.0,4226.0,13000,2937,9220,8559,3264,2614,2093,1849,1320,877,2032,55556,2020,Tocantins
150470,MOJU,3144.0,4136.0,12856,2961,9427,9134,3478,2807,2242,2010,1474,1015,2273,56957,2021,Tocantins
150470,MOJU,3723.0,4051.0,12604,3018,9513,10115,3868,3241,2673,2287,1794,1247,2681,60815,2022,Tocantins
150470,MOJU,4203.0,4018.0,12347,2932,9287,10438,4097,3448,2840,2395,1918,1425,2802,62150,2023,Tocantins
150470,MOJU,4241.0,3964.0,11981,2875,8613,9538,3968,3331,2798,2326,1880,1339,2201,59055,2024,Tocantins
150470,MOJU,4241.0,3990.0,12043,2803,8498,9495,4059,3522,2935,2409,2145,1451,2439,60030,2025,Tocantins
150475,MOJUÍ DOS CAMPOS,,,173,45,97,125,57,48,47,33,28,24,22,699,2013,Baixo Amazonas
150475,MOJUÍ DOS CAMPOS,,,1614,311,644,833,404,323,253,224,141,66,53,4866,2014,Baixo Amazonas
150475,MOJUÍ DOS CAMPOS,797.0,721.0,2716,565,1200,1417,698,581,465,418,240,148,168,10134,2015,Baixo Amazonas
150475,MOJUÍ DOS CAMPOS,993.0,870.0,3113,706,1638,1719,849,732,582,512,331,203,262,12510,2016,Baixo Amazonas
150475,MOJUÍ DOS CAMPOS,1075.0,999.0,3262,713,1889,1965,958,790,642,590,420,265,420,13988,2017,Baixo Amazonas
150475,MOJUÍ DOS CAMPOS,1053.0,1049.0,3320,711,2027,2068,1023,835,666,624,405,299,532,14612,2018,Baixo Amazonas
150475,MOJUÍ DOS CAMPOS,1149.0,1053.0,3263,754,2174,2132,1061,923,768,681,490,368,703,15519,2019,Baixo Amazonas
150475,MOJUÍ DOS CAMPOS,918.0,1015.0,3148,761,2185,2149,1026,945,778,661,523,389,768,15266,2020,Baixo Amazonas
150475,MOJUÍ DOS CAMPOS,1025.0,1030.0,3308,789,2177,2330,1118,1059,889,744,669,472,942,16552,2021,Baixo Amazonas
150475,MOJUÍ DOS CAMPOS,1226.0,1117.0,3367,844,2369,2672,1232,1213,1042,889,866,624,1125,18586,2022,Baixo Amazonas
150475,MOJUÍ DOS CAMPOS,1348.0,1148.0,3325,830,2390,2749,1286,1254,1100,954,946,696,1280,19306,2023,Baixo Amazonas
150475,MOJUÍ DOS CAMPOS,1362.0,1122.0,3254,803,2340,2667,1270,1254,1136,973,906,718,1227,19032,2024,Baixo Amazonas
150475,MOJUÍ DOS CAMPOS,1364.0,1122.0,3340,734,2294,2674,1269,1284,1178,997,918,767,1296,19237,2025,Baixo Amazonas
150480,MONTE ALEGRE,3563.0,3092.0,8941,1955,6194,7860,3400,3329,3004,2515,1943,1267,2004,49067,2025,Baixo Amazonas
150480,MONTE ALEGRE,3780.0,2991.0,9076,2068,6297,7736,3349,3248,2918,2407,1831,1184,1935,48820,2024,Baixo Amazonas
150480,MONTE ALEGRE,3734.0,2985.0,9103,2190,6298,7658,3373,3237,2840,2297,1827,1186,2065,48793,2023,Baixo Amazonas
150480,MONTE ALEGRE,3213.0,2951.0,9129,2187,6078,7371,3302,3109,2736,2178,1740,1123,2043,47160,2022,Baixo Amazonas
150480,MONTE ALEGRE,2562.0,3016.0,9125,2053,6266,6758,3159,2909,2444,1903,1522,1001,1775,44493,2021,Baixo Amazonas
150480,MONTE ALEGRE,2586.0,3025.0,9099,2107,6415,6624,3106,2832,2329,1834,1338,882,1541,43718,2020,Baixo Amazonas
150480,MONTE ALEGRE,3143.0,3037.0,9250,2306,6477,6689,3112,2852,2282,1792,1312,927,1569,44748,2019,Baixo Amazonas
150480,MONTE ALEGRE,3264.0,2968.0,9700,2417,6643,6720,3138,2822,2230,1773,1260,886,1457,45278,2018,Baixo Amazonas
150480,MONTE ALEGRE,3430.0,3020.0,10350,2524,7321,6843,3172,2857,2239,1850,1348,966,1526,47446,2017,Baixo Amazonas
150480,MONTE ALEGRE,3286.0,3079.0,10858,2569,7240,6678,3087,2694,2146,1786,1323,1033,1419,47198,2016,Baixo Amazonas
150480,MONTE ALEGRE,2999.0,3103.0,11269,2696,7253,6459,2978,2600,2058,1668,1248,1036,1327,46694,2015,Baixo Amazonas
150480,MONTE ALEGRE,,,12002,2785,7641,6940,3072,2686,2174,1711,1337,1122,1471,42941,2014,Baixo Amazonas
150480,MONTE ALEGRE,,,12189,2852,7272,6643,2953,2518,2118,1591,1241,978,1232,41587,2013,Baixo Amazonas
150480,MONTE ALEGRE,,,12341,2878,6886,6367,2926,2439,2007,1528,1128,785,918,40203,2012,Baixo Amazonas
150490,MUANÁ,,,6216,1264,2847,3265,1392,1165,753,604,454,264,255,18479,2012,Marajó
150490,MUANÁ,2232.0,1942.0,5714,1417,4739,5373,2210,2031,1751,1374,1026,632,1119,31560,2025,Marajó
150490,MUANÁ,2355.0,1879.0,5846,1413,4726,5334,2115,2075,1661,1336,948,624,1155,31467,2024,Marajó
150490,MUANÁ,2350.0,1960.0,5998,1434,4657,5278,2148,2022,1597,1302,919,654,1134,31453,2023,Marajó
150490,MUANÁ,2236.0,1991.0,6149,1510,4655,5214,2146,1931,1517,1284,820,593,1073,31119,2022,Marajó
150490,MUANÁ,2131.0,1997.0,6233,1456,4673,4970,2072,1811,1403,1109,727,504,925,30011,2021,Marajó
150490,MUANÁ,2054.0,1959.0,6283,1395,4573,4783,2043,1678,1324,1003,673,422,789,28979,2020,Marajó
150490,MUANÁ,2349.0,1951.0,6382,1457,4548,4676,2089,1610,1288,929,668,410,733,29090,2019,Marajó
150490,MUANÁ,2276.0,1926.0,6537,1426,4527,4488,2000,1535,1243,863,627,385,557,28390,2018,Marajó
150490,MUANÁ,2295.0,1971.0,6638,1435,4452,4375,1918,1505,1264,784,603,381,490,28111,2017,Marajó
150490,MUANÁ,2187.0,2016.0,6690,1428,4260,4278,1848,1436,1147,779,599,364,344,27376,2016,Marajó
150490,MUANÁ,2060.0,2043.0,6663,1382,3950,4146,1720,1359,1055,766,568,346,315,26373,2015,Marajó
150490,MUANÁ,,,6603,1386,3817,4092,1657,1385,967,758,578,361,392,21996,2014,Marajó
150490,MUANÁ,,,6546,1350,3435,3849,1569,1272,879,700,524,324,320,20768,2013,Marajó
150495,NOVA ESPERANÇA DO PIRIÁ,,,4146,870,2370,2447,892,752,561,425,336,214,247,13260,2012,Rio Capim
150495,NOVA ESPERANÇA DO PIRIÁ,,,4301,904,2645,2659,967,775,617,456,359,238,296,14217,2013,Rio Capim
150495,NOVA ESPERANÇA DO PIRIÁ,,,4548,913,2956,2921,1078,865,686,503,383,252,354,15459,2014,Rio Capim
150495,NOVA ESPERANÇA DO PIRIÁ,1519.0,1368.0,4387,952,2996,2897,1093,872,709,493,370,240,283,18179,2015,Rio Capim
150495,NOVA ESPERANÇA DO PIRIÁ,1463.0,1369.0,4382,894,2990,2932,1110,870,714,515,369,240,245,18093,2016,Rio Capim
150495,NOVA ESPERANÇA DO PIRIÁ,1449.0,1365.0,4261,907,3054,2962,1127,899,733,563,376,215,207,18118,2017,Rio Capim
150495,NOVA ESPERANÇA DO PIRIÁ,1554.0,1350.0,4166,904,2921,3024,1191,920,727,591,374,198,177,18097,2018,Rio Capim
150495,NOVA ESPERANÇA DO PIRIÁ,1549.0,1308.0,3949,892,2903,3068,1242,960,792,626,395,220,251,18155,2019,Rio Capim
150495,NOVA ESPERANÇA DO PIRIÁ,1292.0,1282.0,3898,862,2752,3041,1248,995,814,672,424,220,269,17769,2020,Rio Capim
150495,NOVA ESPERANÇA DO PIRIÁ,1363.0,1305.0,3911,855,2823,3162,1339,1068,870,741,485,294,335,18551,2021,Rio Capim
150495,NOVA ESPERANÇA DO PIRIÁ,1296.0,1251.0,3758,878,2741,3147,1389,1191,968,836,572,360,434,18821,2022,Rio Capim
150495,NOVA ESPERANÇA DO PIRIÁ,1337.0,1184.0,3580,851,2564,2991,1341,1181,974,827,618,385,476,18309,2023,Rio Capim
150495,NOVA ESPERANÇA DO PIRIÁ,1326.0,1146.0,3421,863,2521,2895,1282,1172,965,869,643,405,556,18064,2024,Rio Capim
150495,NOVA ESPERANÇA DO PIRIÁ,1232.0,1100.0,3349,801,2440,2811,1204,1221,982,866,717,437,679,17839,2025,Rio Capim
150497,NOVA IPIXUNA,609.0,552.0,1621,363,964,1099,579,597,537,463,432,354,868,9038,2025,Lago Tucuruí
150497,NOVA IPIXUNA,,,2669,566,1603,1765,699,529,495,378,325,268,541,9838,2012,Lago Tucuruí
150497,NOVA IPIXUNA,,,2634,580,1607,1806,726,549,507,401,336,305,601,10052,2013,Lago Tucuruí
150497,NOVA IPIXUNA,,,2609,610,1650,1792,752,584,520,423,357,322,669,10288,2014,Lago Tucuruí
150497,NOVA IPIXUNA,615.0,641.0,2420,572,1455,1453,678,523,436,368,301,269,434,10165,2015,Lago Tucuruí
150497,NOVA IPIXUNA,592.0,583.0,2311,496,1355,1297,638,466,382,348,273,255,376,9372,2016,Lago Tucuruí
150497,NOVA IPIXUNA,625.0,572.0,2136,431,1234,1190,595,433,364,342,270,222,438,8852,2017,Lago Tucuruí
150497,NOVA IPIXUNA,648.0,590.0,2042,420,1176,1161,601,449,390,357,338,248,520,8940,2018,Lago Tucuruí
150497,NOVA IPIXUNA,661.0,620.0,2020,452,1199,1192,619,519,421,392,361,299,605,9360,2019,Lago Tucuruí
150497,NOVA IPIXUNA,496.0,585.0,1909,445,1153,1143,574,510,405,367,324,285,610,8806,2020,Lago Tucuruí
150497,NOVA IPIXUNA,442.0,570.0,1883,463,1179,1128,616,558,434,377,378,300,694,9022,2021,Lago Tucuruí
150497,NOVA IPIXUNA,544.0,569.0,1790,466,1144,1194,651,613,498,438,413,338,809,9467,2022,Lago Tucuruí
150497,NOVA IPIXUNA,547.0,575.0,1722,448,1095,1171,648,638,524,463,426,369,869,9495,2023,Lago Tucuruí
150497,NOVA IPIXUNA,549.0,548.0,1622,388,960,1065,599,585,512,447,411,338,805,8829,2024,Lago Tucuruí
150500,NOVA TIMBOTEUA,497.0,396.0,1399,351,1069,1222,638,734,623,569,578,410,750,9236,2025,Rio Caeté
150500,NOVA TIMBOTEUA,491.0,389.0,1416,346,1087,1228,647,721,607,562,513,407,704,9118,2024,Rio Caeté
150500,NOVA TIMBOTEUA,483.0,422.0,1435,349,1104,1299,645,704,621,563,524,388,650,9187,2023,Rio Caeté
150500,NOVA TIMBOTEUA,462.0,476.0,1453,352,1129,1314,649,677,578,541,490,362,550,9033,2022,Rio Caeté
150500,NOVA TIMBOTEUA,413.0,500.0,1444,370,1145,1279,624,614,532,514,461,305,455,8656,2021,Rio Caeté
150500,NOVA TIMBOTEUA,433.0,478.0,1438,380,1137,1255,647,578,502,483,399,251,407,8388,2020,Rio Caeté
150500,NOVA TIMBOTEUA,530.0,450.0,1523,368,1164,1273,657,570,503,462,398,253,384,8535,2019,Rio Caeté
150500,NOVA TIMBOTEUA,582.0,435.0,1585,409,1103,1328,643,557,494,457,340,252,354,8539,2018,Rio Caeté
150500,NOVA TIMBOTEUA,593.0,424.0,1672,439,1176,1308,675,535,508,443,323,243,332,8671,2017,Rio Caeté
150500,NOVA TIMBOTEUA,559.0,463.0,1754,389,1179,1311,635,530,505,420,330,227,245,8547,2016,Rio Caeté
150500,NOVA TIMBOTEUA,492.0,510.0,1807,396,1173,1385,630,547,525,389,345,238,256,8693,2015,Rio Caeté
150500,NOVA TIMBOTEUA,,,1833,430,1148,1487,632,554,500,402,353,243,282,7864,2014,Rio Caeté
150500,NOVA TIMBOTEUA,,,1854,415,1103,1427,613,535,494,362,344,233,236,7616,2013,Rio Caeté
150500,NOVA TIMBOTEUA,,,1933,424,1247,1526,601,548,481,349,324,210,210,7853,2012,Rio Caeté
150503,NOVO PROGRESSO,1658.0,1521.0,3934,785,2127,2736,1070,1134,871,739,760,869,1990,20194,2025,Tapajós
150503,NOVO PROGRESSO,1631.0,1408.0,3720,702,2011,2543,1050,1056,748,654,702,827,1828,18880,2024,Tapajós
150503,NOVO PROGRESSO,1581.0,1355.0,3606,707,2183,2446,1018,1017,710,658,681,758,1873,18593,2023,Tapajós
150503,NOVO PROGRESSO,1183.0,1194.0,3363,707,2055,2134,932,877,604,589,564,705,1736,16643,2022,Tapajós
150503,NOVO PROGRESSO,711.0,1030.0,2794,608,1664,1641,768,637,454,418,436,611,1456,13228,2021,Tapajós
150503,NOVO PROGRESSO,771.0,953.0,2621,556,1448,1511,725,517,391,383,361,536,1269,12042,2020,Tapajós
150503,NOVO PROGRESSO,1001.0,1045.0,2754,566,1516,1578,734,550,407,404,393,581,1154,12683,2019,Tapajós
150503,NOVO PROGRESSO,989.0,948.0,2750,570,1410,1476,677,509,388,365,345,517,948,11892,2018,Tapajós
150503,NOVO PROGRESSO,944.0,928.0,2870,598,1390,1504,676,514,428,332,322,468,784,11758,2017,Tapajós
150503,NOVO PROGRESSO,650.0,788.0,2770,536,1154,1298,619,433,349,311,257,331,535,10031,2016,Tapajós
150503,NOVO PROGRESSO,704.0,931.0,3199,654,1428,1590,681,564,437,414,292,322,542,11758,2015,Tapajós
150503,NOVO PROGRESSO,,,3339,740,1821,1777,730,686,648,509,335,311,713,11609,2014,Tapajós
150503,NOVO PROGRESSO,,,3057,654,1747,1507,706,650,604,445,308,272,618,10568,2013,Tapajós
150503,NOVO PROGRESSO,,,3170,642,1636,1518,713,682,590,392,300,273,569,10485,2012,Tapajós
150506,NOVO REPARTIMENTO,3656.0,3110.0,8997,2058,6197,6819,3050,3036,2526,1811,1638,1347,2666,46911,2025,Lago Tucuruí
150506,NOVO REPARTIMENTO,3801.0,3043.0,8917,2141,5835,6567,2932,2811,2272,1673,1410,1227,2439,45068,2024,Lago Tucuruí
150506,NOVO REPARTIMENTO,3624.0,2993.0,8767,2090,5717,6367,2931,2723,2081,1532,1437,1160,2456,43878,2023,Lago Tucuruí
150506,NOVO REPARTIMENTO,2994.0,2789.0,8697,1929,5293,5893,2755,2478,1892,1429,1290,1072,2288,40799,2022,Lago Tucuruí
150506,NOVO REPARTIMENTO,2226.0,2427.0,7944,1722,4043,4458,2275,1969,1307,1040,994,858,1864,33127,2021,Lago Tucuruí
150506,NOVO REPARTIMENTO,1668.0,2286.0,7659,1610,3670,4041,2132,1778,1083,960,798,698,1572,29955,2020,Lago Tucuruí
150506,NOVO REPARTIMENTO,2005.0,2407.0,8006,1674,3732,4203,2212,1722,1158,963,890,695,1506,31173,2019,Lago Tucuruí
150506,NOVO REPARTIMENTO,2117.0,2408.0,8284,1656,3650,4176,2197,1607,1108,925,752,548,1124,30552,2018,Lago Tucuruí
150506,NOVO REPARTIMENTO,2234.0,2730.0,9373,1884,4354,4839,2393,1839,1259,1028,848,539,1107,34427,2017,Lago Tucuruí
150506,NOVO REPARTIMENTO,2312.0,2867.0,10016,2021,4808,5242,2516,1814,1385,1124,898,651,1016,36670,2016,Lago Tucuruí
150506,NOVO REPARTIMENTO,2502.0,2965.0,10842,2183,5369,5688,2675,1881,1600,1209,1011,695,1268,39888,2015,Lago Tucuruí
150506,NOVO REPARTIMENTO,,,11770,2386,6559,6443,2771,2167,1781,1472,1073,873,1406,38701,2014,Lago Tucuruí
150506,NOVO REPARTIMENTO,,,11945,2457,6389,6329,2661,2098,1742,1331,1018,770,1219,37959,2013,Lago Tucuruí
150506,NOVO REPARTIMENTO,,,12008,2526,5785,5935,2551,2013,1650,1251,887,691,985,36282,2012,Lago Tucuruí
150510,ÓBIDOS,3071.0,2805.0,8004,1982,5678,5942,2668,2843,2505,2074,1782,1383,2963,43700,2025,Baixo Amazonas
150510,ÓBIDOS,3235.0,2787.0,8156,2044,5595,5932,2639,2823,2367,2032,1681,1342,2836,43469,2024,Baixo Amazonas
150510,ÓBIDOS,3268.0,2750.0,8257,1953,5598,5888,2705,2746,2326,1950,1675,1298,2716,43130,2023,Baixo Amazonas
150510,ÓBIDOS,2919.0,2513.0,8241,1940,5337,5639,2658,2610,2166,1811,1529,1162,2520,41045,2022,Baixo Amazonas
150510,ÓBIDOS,2386.0,2371.0,8182,1871,4849,4974,2408,2259,1844,1455,1282,901,2133,36915,2021,Baixo Amazonas
150510,ÓBIDOS,2168.0,2406.0,8069,1832,4895,4885,2384,2027,1647,1390,1116,778,1890,35487,2020,Baixo Amazonas
150510,ÓBIDOS,2460.0,2500.0,8298,1853,4922,4950,2442,2011,1627,1356,1097,800,1897,36213,2019,Baixo Amazonas
150510,ÓBIDOS,2350.0,2621.0,8619,1795,4862,5011,2396,1969,1536,1315,1036,773,1722,36005,2018,Baixo Amazonas
150510,ÓBIDOS,2636.0,2660.0,8990,1845,5110,5191,2463,2008,1588,1356,1031,887,1706,37471,2017,Baixo Amazonas
150510,ÓBIDOS,2557.0,2740.0,9295,1951,5073,5269,2475,1990,1588,1364,990,857,1441,37590,2016,Baixo Amazonas
150510,ÓBIDOS,2463.0,2753.0,9304,1935,5169,5386,2369,1956,1636,1279,990,849,1530,37619,2015,Baixo Amazonas
150510,ÓBIDOS,,,9605,1906,5444,5734,2396,2050,1712,1347,1045,883,1850,33972,2014,Baixo Amazonas
150510,ÓBIDOS,,,9479,1901,5282,5574,2321,1933,1640,1234,975,778,1619,32736,2013,Baixo Amazonas
150510,ÓBIDOS,,,9385,1902,5056,5335,2273,1859,1562,1135,970,723,1384,31584,2012,Baixo Amazonas
150520,OEIRAS DO PARÁ,2529.0,2278.0,6795,1652,5196,5479,1970,1682,1394,1146,750,339,394,31604,2025,Tocantins
150520,OEIRAS DO PARÁ,2782.0,2227.0,6872,1656,5233,5413,1923,1641,1372,1076,703,343,379,31620,2024,Tocantins
150520,OEIRAS DO PARÁ,2799.0,2233.0,6986,1621,5261,5300,1870,1639,1325,1002,678,369,535,31618,2023,Tocantins
150520,OEIRAS DO PARÁ,2549.0,2208.0,7040,1643,5212,5141,1803,1532,1260,941,646,315,521,30811,2022,Tocantins
150520,OEIRAS DO PARÁ,2477.0,2200.0,7025,1572,5096,4787,1701,1400,1141,830,589,285,457,29560,2021,Tocantins
150520,OEIRAS DO PARÁ,1901.0,2079.0,6794,1470,4647,4329,1610,1281,1038,770,493,262,408,27082,2020,Tocantins
150520,OEIRAS DO PARÁ,2401.0,2204.0,6870,1509,4657,4207,1583,1278,979,744,495,254,416,27597,2019,Tocantins
150520,OEIRAS DO PARÁ,2551.0,2200.0,7046,1479,4652,4114,1569,1245,938,709,473,241,376,27593,2018,Tocantins
150520,OEIRAS DO PARÁ,2457.0,2211.0,7129,1452,4568,3992,1513,1219,899,683,421,220,225,26989,2017,Tocantins
150520,OEIRAS DO PARÁ,2400.0,2184.0,7091,1446,4329,3790,1478,1172,854,625,414,273,254,26310,2016,Tocantins
150520,OEIRAS DO PARÁ,2382.0,2266.0,7045,1477,4162,3717,1426,1121,864,596,438,311,320,26125,2015,Tocantins
150520,OEIRAS DO PARÁ,,,7072,1492,4095,3706,1420,1100,813,605,438,342,381,21464,2014,Tocantins
150520,OEIRAS DO PARÁ,,,7006,1429,3707,3441,1311,1012,748,562,415,291,331,20253,2013,Tocantins
150520,OEIRAS DO PARÁ,,,6842,1343,3166,3156,1224,932,692,497,390,252,265,18759,2012,Tocantins
150530,ORIXIMINÁ,,,11668,2474,5834,5202,2144,1843,1407,1020,801,550,1077,34020,2012,Baixo Amazonas
150530,ORIXIMINÁ,,,11807,2463,5677,5437,2259,1923,1513,1109,917,654,1211,34970,2013,Baixo Amazonas
150530,ORIXIMINÁ,,,12004,2528,5916,5752,2442,1977,1653,1249,1001,747,1389,36658,2014,Baixo Amazonas
150530,ORIXIMINÁ,3247.0,3396.0,11515,2430,5659,5365,2387,1856,1568,1190,985,749,1321,41668,2015,Baixo Amazonas
150530,ORIXIMINÁ,3404.0,3331.0,11393,2499,5918,5422,2511,1913,1588,1196,973,775,1196,42119,2016,Baixo Amazonas
150530,ORIXIMINÁ,3361.0,3211.0,11231,2461,6256,5542,2571,1991,1608,1279,995,818,1492,42816,2017,Baixo Amazonas
150530,ORIXIMINÁ,3218.0,3325.0,10852,2337,6159,5443,2457,1946,1539,1253,960,815,1545,41849,2018,Baixo Amazonas
150530,ORIXIMINÁ,3287.0,3382.0,10598,2311,6336,5603,2578,2068,1630,1316,1030,850,1780,42769,2019,Baixo Amazonas
150530,ORIXIMINÁ,2442.0,3229.0,10231,2289,6414,5514,2560,2118,1584,1332,1027,841,1859,41440,2020,Baixo Amazonas
150530,ORIXIMINÁ,3119.0,3188.0,10439,2403,6077,5714,2617,2298,1756,1421,1153,905,2066,43156,2021,Baixo Amazonas
150530,ORIXIMINÁ,3548.0,3382.0,10569,2470,6225,6088,2820,2487,1962,1572,1348,1021,2323,45815,2022,Baixo Amazonas
150530,ORIXIMINÁ,4317.0,3726.0,10671,2511,6748,6466,3004,2739,2203,1756,1506,1244,2506,49397,2023,Baixo Amazonas
150530,ORIXIMINÁ,4224.0,4003.0,10567,2628,7073,6773,3129,2915,2344,1891,1578,1346,2661,51132,2024,Baixo Amazonas
150530,ORIXIMINÁ,3955.0,4005.0,10676,2527,7111,7025,3135,3076,2596,2021,1703,1530,3285,52645,2025,Baixo Amazonas
150540,OURÉM,862.0,802.0,2416,606,1709,2129,1006,1057,894,831,742,523,973,14550,2025,Rio Capim
150540,OURÉM,921.0,816.0,2490,604,1764,2185,1025,1039,894,792,682,499,896,14607,2024,Rio Capim
150540,OURÉM,916.0,812.0,2582,569,1878,2284,1086,1027,874,775,674,487,901,14865,2023,Rio Capim
150540,OURÉM,887.0,824.0,2639,593,1851,2301,1063,1019,867,740,622,463,874,14743,2022,Rio Capim
150540,OURÉM,836.0,857.0,2566,611,1925,2130,995,876,768,626,522,407,761,13880,2021,Rio Capim
150540,OURÉM,781.0,851.0,2569,581,1937,2090,1007,806,691,591,468,319,676,13367,2020,Rio Capim
150540,OURÉM,968.0,905.0,2592,653,1979,2138,990,835,669,582,470,317,697,13795,2019,Rio Capim
150540,OURÉM,1004.0,851.0,2724,652,1978,2144,963,783,656,562,455,308,616,13696,2018,Rio Capim
150540,OURÉM,1005.0,875.0,2845,675,2012,2143,942,769,635,542,415,300,570,13728,2017,Rio Capim
150540,OURÉM,1010.0,888.0,2960,673,2081,2136,918,730,653,509,418,316,534,13826,2016,Rio Capim
150540,OURÉM,1000.0,945.0,3093,671,2114,2265,884,749,651,525,403,308,530,14138,2015,Rio Capim
150540,OURÉM,,,3122,777,2199,2332,893,762,666,528,393,332,680,12684,2014,Rio Capim
150540,OURÉM,,,3209,797,2070,2295,851,741,626,496,385,263,564,12297,2013,Rio Capim
150540,OURÉM,,,3295,739,2262,2265,858,699,582,466,359,228,522,12275,2012,Rio Capim
150543,OURILÂNDIA DO NORTE,,,4090,795,2029,2280,939,691,587,407,324,252,557,12951,2013,Araguaia
150543,OURILÂNDIA DO NORTE,,,3664,730,1715,2040,848,649,529,391,297,238,549,11650,2012,Araguaia
150543,OURILÂNDIA DO NORTE,1400.0,1555.0,4546,958,2936,3261,1484,1339,1146,923,860,760,1632,22800,2025,Araguaia
150543,OURILÂNDIA DO NORTE,1545.0,1636.0,4592,965,2998,3268,1434,1288,1087,890,779,702,1536,22720,2024,Araguaia
150543,OURILÂNDIA DO NORTE,1674.0,1662.0,4701,1045,3049,3304,1513,1310,1105,903,827,696,1630,23419,2023,Araguaia
150543,OURILÂNDIA DO NORTE,1513.0,1630.0,4739,1009,2966,3237,1480,1244,1045,845,819,670,1584,22781,2022,Araguaia
150543,OURILÂNDIA DO NORTE,1273.0,1454.0,4403,896,2646,2768,1198,1024,834,686,677,554,1349,19762,2021,Araguaia
150543,OURILÂNDIA DO NORTE,1399.0,1503.0,4337,864,2543,2729,1146,974,761,675,585,537,1182,19235,2020,Araguaia
150543,OURILÂNDIA DO NORTE,1746.0,1572.0,4454,856,2535,2821,1186,933,755,675,585,555,1143,19816,2019,Araguaia
150543,OURILÂNDIA DO NORTE,1661.0,1504.0,4430,850,2440,2751,1187,922,689,635,501,513,904,18987,2018,Araguaia
150543,OURILÂNDIA DO NORTE,1621.0,1486.0,4329,866,2358,2762,1125,885,608,552,432,401,780,18205,2017,Araguaia
150543,OURILÂNDIA DO NORTE,1559.0,1527.0,4220,860,2251,2683,1079,834,613,531,358,375,608,17498,2016,Araguaia
150543,OURILÂNDIA DO NORTE,1530.0,1503.0,4270,890,2267,2625,1104,780,666,489,382,371,568,17445,2015,Araguaia
150543,OURILÂNDIA DO NORTE,,,4296,893,2352,2630,1080,815,699,520,391,334,641,14651,2014,Araguaia
150548,PACAJÁ,,,7219,1484,2336,3432,1413,1183,986,725,662,477,803,20720,2012,Xingu
150548,PACAJÁ,,,7270,1570,2876,3647,1489,1185,1067,825,688,524,901,22042,2013,Xingu
150548,PACAJÁ,,,7311,1689,3620,3948,1657,1297,1159,938,725,597,1025,23966,2014,Xingu
150548,PACAJÁ,2513.0,2298.0,7336,1618,3899,4031,1785,1345,1214,967,735,580,895,29216,2015,Xingu
150548,PACAJÁ,2574.0,2308.0,7253,1499,4124,4027,1830,1351,1144,995,678,531,748,29062,2016,Xingu
150548,PACAJÁ,2797.0,2400.0,7292,1515,4613,4309,1985,1502,1212,1016,705,543,817,30706,2017,Xingu
150548,PACAJÁ,2702.0,2374.0,7295,1522,4671,4363,2061,1569,1212,1048,781,561,868,31027,2018,Xingu
150548,PACAJÁ,2767.0,2423.0,7173,1493,4789,4602,2088,1677,1285,1165,903,671,1058,32094,2019,Xingu
150548,PACAJÁ,2356.0,2395.0,7041,1467,4727,4575,2090,1776,1299,1201,939,698,1076,31640,2020,Xingu
150548,PACAJÁ,2290.0,2333.0,7099,1491,4823,4814,2188,1913,1442,1256,1048,755,1303,32755,2021,Xingu
150548,PACAJÁ,2443.0,2337.0,6989,1574,4755,5276,2376,2152,1709,1413,1232,911,1588,34755,2022,Xingu
150548,PACAJÁ,2677.0,2402.0,6906,1616,4499,5499,2415,2272,1796,1445,1333,1003,1703,35566,2023,Xingu
150548,PACAJÁ,2672.0,2300.0,6889,1528,4353,5330,2408,2264,1882,1486,1398,1115,2203,35828,2024,Xingu
150548,PACAJÁ,2467.0,2185.0,6647,1387,4075,5143,2366,2290,1972,1488,1468,1171,2422,35081,2025,Xingu
150549,PALESTINA DO PARÁ,408.0,332.0,975,224,656,746,355,335,327,266,259,183,426,5492,2025,Carajás
150549,PALESTINA DO PARÁ,436.0,352.0,1027,260,680,767,358,347,321,238,244,201,400,5631,2024,Carajás
150549,PALESTINA DO PARÁ,439.0,350.0,1089,255,721,817,381,345,323,251,252,224,419,5866,2023,Carajás
150549,PALESTINA DO PARÁ,420.0,353.0,1165,282,778,869,384,368,308,263,230,209,391,6020,2022,Carajás
150549,PALESTINA DO PARÁ,406.0,374.0,1219,293,798,865,377,324,270,252,206,157,342,5883,2021,Carajás
150549,PALESTINA DO PARÁ,394.0,391.0,1273,287,823,881,364,306,251,246,172,144,311,5843,2020,Carajás
150549,PALESTINA DO PARÁ,442.0,426.0,1319,299,850,921,384,303,234,232,179,133,302,6024,2019,Carajás
150549,PALESTINA DO PARÁ,494.0,444.0,1360,312,918,944,380,306,234,226,172,119,241,6150,2018,Carajás
150549,PALESTINA DO PARÁ,512.0,442.0,1462,331,959,1039,385,288,214,214,167,108,198,6319,2017,Carajás
150549,PALESTINA DO PARÁ,546.0,473.0,1518,319,1044,1059,356,280,225,218,147,125,185,6495,2016,Carajás
150549,PALESTINA DO PARÁ,512.0,469.0,1543,308,1068,1087,364,272,254,202,163,139,243,6624,2015,Carajás
150549,PALESTINA DO PARÁ,,,1623,360,1197,1189,391,291,265,244,181,167,330,6238,2014,Carajás
150549,PALESTINA DO PARÁ,,,1602,348,1113,1121,371,288,251,226,190,188,287,5985,2013,Carajás
150549,PALESTINA DO PARÁ,,,1609,318,1153,1123,365,281,236,217,205,165,276,5948,2012,Carajás
150550,PARAGOMINAS,,,17449,3686,9082,10559,4171,3342,2603,1869,1408,1043,1641,56853,2013,Rio Capim
150550,PARAGOMINAS,,,17249,3758,9583,10993,4423,3511,2752,2108,1514,1165,1876,58932,2014,Rio Capim
150550,PARAGOMINAS,4110.0,4039.0,12214,2989,8321,8517,4223,4291,3421,2670,2491,2020,4771,64077,2025,Rio Capim
150550,PARAGOMINAS,4410.0,4265.0,12717,3054,8760,9144,4545,4348,3437,2748,2427,2038,4738,66631,2024,Rio Capim
150550,PARAGOMINAS,4278.0,4250.0,13206,3137,9232,9440,4614,4419,3450,2779,2517,2069,4833,68224,2023,Rio Capim
150550,PARAGOMINAS,4100.0,4163.0,13445,3175,9247,9209,4562,4245,3223,2702,2332,1965,4747,67115,2022,Rio Capim
150550,PARAGOMINAS,4061.0,4137.0,13409,3052,8840,8585,4334,3756,2676,2419,1967,1753,4144,63133,2021,Rio Capim
150550,PARAGOMINAS,3952.0,4052.0,13334,2893,8195,8104,4072,3315,2375,2226,1672,1629,3607,59426,2020,Rio Capim
150550,PARAGOMINAS,4522.0,4083.0,13486,2949,7961,8056,3950,3084,2292,2049,1641,1596,3340,59009,2019,Rio Capim
150550,PARAGOMINAS,4461.0,4115.0,14031,2931,7587,7834,3801,2863,2064,1882,1418,1319,2640,56946,2018,Rio Capim
150550,PARAGOMINAS,4658.0,4526.0,15213,3120,8113,8670,4121,2943,2223,1735,1349,1248,2342,60261,2017,Rio Capim
150550,PARAGOMINAS,4683.0,4897.0,16133,3401,8281,9643,4345,3013,2395,1776,1362,1117,1821,62867,2016,Rio Capim
150550,PARAGOMINAS,4543.0,5052.0,16388,3554,8133,9909,4205,2974,2486,1730,1382,1030,1676,63062,2015,Rio Capim
150550,PARAGOMINAS,,,17210,3417,8686,9868,3841,3207,2401,1708,1322,900,1407,53967,2012,Rio Capim
150553,PARAUAPEBAS,9657.0,9698.0,27846,5974,15167,19136,10348,9351,6832,4965,4133,3738,7526,134371,2024,Carajás
150553,PARAUAPEBAS,10164.0,9268.0,27198,5658,14892,19466,10357,9087,6632,4970,4142,3714,7538,133086,2023,Carajás
150553,PARAUAPEBAS,8792.0,8241.0,25285,5361,13045,17716,9503,7956,5617,4431,3790,3280,6987,120004,2022,Carajás
150553,PARAUAPEBAS,6836.0,7013.0,21810,4547,11245,14739,8029,6235,4391,3667,3138,2784,5821,100255,2021,Carajás
150553,PARAUAPEBAS,5497.0,6347.0,19142,3872,9893,12748,6735,5079,3502,3086,2495,2367,4988,85751,2020,Carajás
150553,PARAUAPEBAS,5623.0,6049.0,17910,3702,9070,11753,5821,4273,3022,2590,2155,2199,4636,78803,2019,Carajás
150553,PARAUAPEBAS,4778.0,5478.0,17093,3390,7838,10620,5335,3676,2585,2142,1745,1854,3683,70217,2018,Carajás
150553,PARAUAPEBAS,4718.0,5615.0,18451,3672,8601,11594,5562,3732,2501,2068,1616,1573,3191,72894,2017,Carajás
150553,PARAUAPEBAS,4698.0,5777.0,19690,3994,9300,12569,5679,3641,2554,1974,1483,1269,2504,75132,2016,Carajás
150553,PARAUAPEBAS,5352.0,6235.0,20822,4202,10037,13521,5815,3774,2755,2016,1510,1305,2258,79602,2015,Carajás
150553,PARAUAPEBAS,,,19622,3672,8643,12279,4975,3193,2272,1731,1287,1155,1745,60574,2014,Carajás
150553,PARAUAPEBAS,,,20822,4780,12241,12881,5475,4268,3337,2265,1589,1177,1798,70633,2013,Carajás
150553,PARAUAPEBAS,,,20232,4606,11343,11700,5094,4048,3197,2034,1402,957,1443,66056,2012,Carajás
150553,PARAUAPEBAS,9037.0,9740.0,27092,6139,14985,18310,9609,9197,6939,5104,4344,3852,7719,132067,2025,Carajás
150555,PAU DARCO,466.0,405.0,1177,265,746,867,437,392,401,367,383,292,717,6915,2025,Araguaia
150555,PAU DARCO,,,1062,284,788,670,346,296,259,180,153,127,290,4455,2012,Araguaia
150555,PAU DARCO,,,1086,279,832,748,329,310,274,186,164,135,326,4669,2013,Araguaia
150555,PAU DARCO,,,1087,285,874,786,347,306,306,233,164,160,363,4911,2014,Araguaia
150555,PAU DARCO,407.0,341.0,1035,243,728,727,311,267,269,201,186,144,261,5120,2015,Araguaia
150555,PAU DARCO,412.0,350.0,982,231,723,707,300,277,249,213,191,157,286,5078,2016,Araguaia
150555,PAU DARCO,391.0,359.0,947,219,668,712,287,298,251,226,189,156,328,5031,2017,Araguaia
150555,PAU DARCO,362.0,338.0,922,201,636,671,276,270,253,241,199,166,360,4895,2018,Araguaia
150555,PAU DARCO,363.0,342.0,934,191,619,689,312,275,259,253,225,184,451,5097,2019,Araguaia
150555,PAU DARCO,332.0,337.0,945,207,616,715,313,285,251,288,225,190,458,5162,2020,Araguaia
150555,PAU DARCO,356.0,312.0,975,211,623,735,336,294,285,287,240,208,518,5380,2021,Araguaia
150555,PAU DARCO,410.0,333.0,1052,206,659,813,384,309,370,318,286,245,576,5961,2022,Araguaia
150555,PAU DARCO,484.0,369.0,1081,229,662,816,398,364,351,353,319,264,619,6309,2023,Araguaia
150555,PAU DARCO,501.0,411.0,1160,257,697,851,416,396,366,368,342,278,652,6695,2024,Araguaia
150560,PEIXE-BOI,,,1413,298,875,1142,482,375,344,271,217,163,210,5790,2014,Rio Caeté
150560,PEIXE-BOI,,,1446,286,880,1108,426,336,311,249,191,123,158,5514,2012,Rio Caeté
150560,PEIXE-BOI,,,1433,283,916,1146,439,368,328,252,207,139,191,5702,2013,Rio Caeté
150560,PEIXE-BOI,290.0,297.0,954,254,700,817,450,512,453,408,353,290,507,6285,2025,Rio Caeté
150560,PEIXE-BOI,295.0,284.0,978,238,750,823,468,495,456,366,345,273,435,6206,2024,Rio Caeté
150560,PEIXE-BOI,294.0,297.0,956,238,769,833,486,510,420,360,355,282,441,6241,2023,Rio Caeté
150560,PEIXE-BOI,281.0,290.0,944,240,796,809,483,499,402,327,324,241,378,6014,2022,Rio Caeté
150560,PEIXE-BOI,283.0,273.0,986,261,788,799,486,443,368,304,290,203,322,5806,2021,Rio Caeté
150560,PEIXE-BOI,282.0,279.0,983,266,746,814,468,401,352,299,245,162,279,5576,2020,Rio Caeté
150560,PEIXE-BOI,326.0,291.0,1032,268,767,833,483,407,333,286,236,148,253,5663,2019,Rio Caeté
150560,PEIXE-BOI,320.0,303.0,1057,282,760,866,473,363,309,285,219,142,214,5593,2018,Rio Caeté
150560,PEIXE-BOI,329.0,305.0,1180,308,799,927,492,394,291,259,226,141,211,5862,2017,Rio Caeté
150560,PEIXE-BOI,339.0,334.0,1279,315,813,1012,489,402,307,256,207,135,179,6067,2016,Rio Caeté
150560,PEIXE-BOI,368.0,382.0,1331,317,832,1094,482,397,325,261,212,156,179,6336,2015,Rio Caeté
150563,PIÇARRA,,,2312,530,1321,1411,636,549,459,318,228,213,280,8257,2013,Carajás
150563,PIÇARRA,,,2236,523,1377,1423,632,604,444,379,238,214,308,8378,2014,Carajás
150563,PIÇARRA,599.0,615.0,2152,483,1300,1387,615,582,464,360,247,200,308,9312,2015,Carajás
150563,PIÇARRA,605.0,616.0,2031,453,1120,1235,553,499,377,308,223,171,220,8411,2016,Carajás
150563,PIÇARRA,611.0,592.0,1910,406,1131,1128,509,498,395,295,233,141,272,8121,2017,Carajás
150563,PIÇARRA,579.0,564.0,1768,382,1039,1028,507,439,364,327,215,145,277,7634,2018,Carajás
150563,PIÇARRA,571.0,558.0,1689,388,980,999,497,401,392,296,246,176,357,7550,2019,Carajás
150563,PIÇARRA,577.0,540.0,1675,376,1003,994,505,417,374,311,250,161,380,7563,2020,Carajás
150563,PIÇARRA,595.0,559.0,1735,355,1080,1043,544,459,406,331,291,196,449,8043,2021,Carajás
150563,PIÇARRA,682.0,581.0,1749,375,1091,1102,611,493,504,390,340,250,528,8696,2022,Carajás
150563,PIÇARRA,734.0,630.0,1751,412,1088,1232,604,546,521,435,392,276,576,9197,2023,Carajás
150563,PIÇARRA,718.0,606.0,1765,374,1070,1219,582,582,483,481,399,298,557,9134,2024,Carajás
150563,PIÇARRA,727.0,625.0,1730,377,1056,1226,639,603,543,523,445,339,584,9417,2025,Carajás
150563,PIÇARRA,,,2393,547,1329,1373,676,514,429,315,227,191,237,8231,2012,Carajás
150565,PLACAS,,,2860,613,1777,1840,692,591,559,469,315,235,322,10273,2013,Xingu
150565,PLACAS,,,2952,582,1846,1953,737,639,577,542,369,284,428,10909,2014,Xingu
150565,PLACAS,964.0,870.0,3017,593,1876,1980,781,644,588,537,403,291,444,12988,2015,Xingu
150565,PLACAS,1010.0,865.0,3063,623,1884,2066,822,691,580,564,414,294,433,13309,2016,Xingu
150565,PLACAS,1061.0,844.0,2982,628,1954,2094,884,714,594,544,433,306,451,13489,2017,Xingu
150565,PLACAS,1097.0,871.0,2900,653,1950,2186,891,780,606,578,465,311,522,13810,2018,Xingu
150565,PLACAS,1087.0,910.0,2827,654,1921,2264,904,787,617,575,523,346,619,14034,2019,Xingu
150565,PLACAS,960.0,918.0,2770,639,1965,2220,957,814,616,596,533,365,605,13958,2020,Xingu
150565,PLACAS,1025.0,926.0,2811,701,2107,2307,1050,858,700,588,600,413,702,14788,2021,Xingu
150565,PLACAS,1059.0,933.0,2850,730,2191,2484,1121,979,771,647,634,477,809,15685,2022,Xingu
150565,PLACAS,1175.0,955.0,2816,743,2313,2505,1185,999,857,677,683,549,883,16340,2023,Xingu
150565,PLACAS,1163.0,990.0,2721,741,2357,2490,1224,996,951,722,688,629,916,16588,2024,Xingu
150565,PLACAS,1111.0,972.0,2780,647,2292,2511,1183,1097,969,737,731,656,1049,16735,2025,Xingu
150565,PLACAS,,,2804,603,1719,1708,663,585,532,438,286,213,270,9821,2012,Xingu
150570,PONTA DE PEDRAS,,,4690,948,2951,3186,1172,967,737,581,442,245,287,16206,2012,Marajó
150570,PONTA DE PEDRAS,,,4794,972,3158,3456,1276,1010,828,631,487,301,325,17238,2013,Marajó
150570,PONTA DE PEDRAS,,,4937,997,3324,3711,1379,1068,885,720,541,345,367,18274,2014,Marajó
150570,PONTA DE PEDRAS,1365.0,1366.0,4889,961,3260,3709,1406,1076,867,723,551,366,339,20878,2015,Marajó
150570,PONTA DE PEDRAS,1476.0,1394.0,4820,1015,3254,3720,1437,1106,857,728,574,379,332,21092,2016,Marajó
150570,PONTA DE PEDRAS,1500.0,1376.0,4803,998,3190,3621,1467,1128,905,693,561,399,357,20998,2017,Marajó
150570,PONTA DE PEDRAS,1485.0,1330.0,4620,1013,3074,3502,1418,1098,860,686,555,355,342,20338,2018,Marajó
150570,PONTA DE PEDRAS,1421.0,1310.0,4432,1069,2996,3434,1435,1104,849,720,558,348,463,20139,2019,Marajó
150570,PONTA DE PEDRAS,1221.0,1279.0,4244,1002,3027,3363,1436,1123,860,680,574,350,470,19629,2020,Marajó
150570,PONTA DE PEDRAS,1370.0,1291.0,4179,1037,3225,3495,1499,1242,936,746,619,415,558,20612,2021,Marajó
150570,PONTA DE PEDRAS,1455.0,1289.0,4194,1066,3596,4020,1704,1505,1157,989,765,556,845,23141,2022,Marajó
150570,PONTA DE PEDRAS,1568.0,1353.0,4069,1025,3672,4033,1753,1574,1202,1033,802,601,943,23628,2023,Marajó
150570,PONTA DE PEDRAS,1580.0,1295.0,4008,1058,3561,3946,1699,1573,1227,1016,824,607,986,23380,2024,Marajó
150570,PONTA DE PEDRAS,1559.0,1299.0,3972,1025,3576,4003,1737,1637,1328,1075,854,644,1118,23827,2025,Marajó
150580,PORTEL,5045.0,4753.0,12550,2797,8493,7972,2836,2483,2097,1668,1166,938,2327,55125,2025,Marajó
150580,PORTEL,,,11485,2085,4726,4083,1702,1262,953,780,648,470,680,28874,2012,Marajó
150580,PORTEL,,,12395,2404,5063,4669,1861,1396,1034,877,679,543,784,31705,2013,Marajó
150580,PORTEL,,,13023,2489,5449,4962,1998,1474,1019,918,701,558,782,33373,2014,Marajó
150580,PORTEL,3304.0,3935.0,12774,2564,5421,4733,1888,1490,1021,847,663,523,625,39788,2015,Marajó
150580,PORTEL,3352.0,4012.0,12739,2662,5875,4731,1931,1545,1045,839,673,513,640,40557,2016,Marajó
150580,PORTEL,3397.0,3886.0,12445,2557,6248,5015,2056,1655,1175,867,722,485,862,41370,2017,Marajó
150580,PORTEL,3338.0,3711.0,11948,2420,6282,5062,2073,1730,1244,865,744,465,1110,40992,2018,Marajó
150580,PORTEL,3299.0,3585.0,11800,2361,6333,5263,2134,1847,1377,899,785,548,1410,41641,2019,Marajó
150580,PORTEL,2538.0,3415.0,11469,2438,6417,5263,2177,1845,1423,966,764,581,1535,40831,2020,Marajó
150580,PORTEL,2386.0,3308.0,11327,2506,6925,5614,2265,1965,1547,1045,865,670,1778,42201,2021,Marajó
150580,PORTEL,3821.0,3781.0,11898,2608,7573,6340,2458,2154,1715,1221,942,850,2128,47489,2022,Marajó
150580,PORTEL,5105.0,4248.0,12123,2688,8073,6892,2599,2243,1850,1372,966,956,2273,51388,2023,Marajó
150580,PORTEL,5198.0,4541.0,12214,2772,8443,7514,2699,2336,1990,1515,1000,958,2327,53507,2024,Marajó
150590,PORTO DE MOZ,,,6341,1227,2992,2446,1008,803,589,420,278,194,246,16544,2012,Xingu
150590,PORTO DE MOZ,,,6537,1338,3333,2713,1054,854,659,473,327,201,305,17794,2013,Xingu
150590,PORTO DE MOZ,,,6662,1368,3610,3008,1152,934,724,530,357,239,370,18954,2014,Xingu
150590,PORTO DE MOZ,1603.0,2080.0,6598,1355,3612,2998,1210,951,760,541,384,236,381,22709,2015,Xingu
150590,PORTO DE MOZ,1403.0,2008.0,6505,1365,3712,3013,1225,977,745,578,371,257,330,22489,2016,Xingu
150590,PORTO DE MOZ,2305.0,2189.0,6638,1386,4188,3285,1299,1031,811,611,402,300,508,24953,2017,Xingu
150590,PORTO DE MOZ,2478.0,2172.0,6708,1430,4424,3666,1423,1085,862,678,428,346,609,26309,2018,Xingu
150590,PORTO DE MOZ,2652.0,2244.0,6673,1446,4558,4059,1517,1206,904,740,539,419,936,27893,2019,Xingu
150590,PORTO DE MOZ,2303.0,2201.0,6693,1461,4605,4244,1528,1254,964,747,570,420,999,27989,2020,Xingu
150590,PORTO DE MOZ,2246.0,2213.0,6649,1484,4756,4524,1607,1302,1043,770,641,467,1131,28833,2021,Xingu
150590,PORTO DE MOZ,2225.0,2232.0,6612,1529,4730,4962,1720,1461,1163,898,714,522,1298,30066,2022,Xingu
150590,PORTO DE MOZ,2419.0,2236.0,6598,1491,4819,5116,1751,1518,1197,956,768,561,1315,30745,2023,Xingu
150590,PORTO DE MOZ,2509.0,2212.0,6512,1494,4710,5085,1778,1529,1250,954,776,589,1144,30542,2024,Xingu
150590,PORTO DE MOZ,2386.0,2234.0,6518,1445,4710,5170,1846,1556,1290,1046,818,631,1206,30856,2025,Xingu
150600,PRAINHA,2695.0,2489.0,7134,1499,4853,5872,2253,2089,1743,1359,1121,804,1288,35199,2025,Baixo Amazonas
150600,PRAINHA,2785.0,2388.0,7162,1558,5044,5855,2313,2035,1646,1316,1013,758,975,34848,2024,Baixo Amazonas
150600,PRAINHA,2829.0,2398.0,7125,1581,5297,5925,2353,2050,1611,1255,1011,747,904,35086,2023,Baixo Amazonas
150600,PRAINHA,2380.0,2423.0,7113,1624,5381,5780,2286,1991,1513,1221,979,622,855,34168,2022,Baixo Amazonas
150600,PRAINHA,2108.0,2476.0,7193,1692,5492,5442,2147,1828,1360,1080,851,520,712,32901,2021,Baixo Amazonas
150600,PRAINHA,2289.0,2429.0,7179,1651,5401,5151,2065,1669,1245,1036,762,442,587,31906,2020,Baixo Amazonas
150600,PRAINHA,2782.0,2361.0,7292,1716,5421,5059,2001,1605,1237,1003,758,444,565,32244,2019,Baixo Amazonas
150600,PRAINHA,2638.0,2370.0,7300,1679,5282,4783,1935,1506,1184,914,722,418,457,31188,2018,Baixo Amazonas
150600,PRAINHA,2587.0,2389.0,7507,1674,5266,4619,1870,1472,1157,928,675,450,533,31127,2017,Baixo Amazonas
150600,PRAINHA,2345.0,2397.0,7652,1728,5072,4481,1853,1435,1098,912,673,456,455,30557,2016,Baixo Amazonas
150600,PRAINHA,2237.0,2279.0,7762,1779,4891,4450,1782,1400,1127,908,685,500,524,30324,2015,Baixo Amazonas
150600,PRAINHA,,,7987,1808,4813,4636,1788,1426,1145,948,729,562,685,26527,2014,Baixo Amazonas
150600,PRAINHA,,,7877,1755,4460,4382,1708,1342,1073,899,683,510,601,25290,2013,Baixo Amazonas
150600,PRAINHA,,,7819,1680,4375,4194,1604,1310,1048,812,657,453,511,24463,2012,Baixo Amazonas
150610,PRIMAVERA,599.0,568.0,1527,348,1098,1330,664,648,545,515,452,361,551,9206,2023,Rio Caeté
150610,PRIMAVERA,571.0,563.0,1553,368,1162,1360,658,636,507,483,438,329,503,9131,2022,Rio Caeté
150610,PRIMAVERA,560.0,582.0,1557,373,1166,1289,604,544,448,422,366,267,415,8593,2021,Rio Caeté
150610,PRIMAVERA,572.0,555.0,1510,399,1220,1252,600,516,435,424,343,234,357,8417,2020,Rio Caeté
150610,PRIMAVERA,673.0,533.0,1598,421,1229,1259,601,519,430,417,351,211,338,8580,2019,Rio Caeté
150610,PRIMAVERA,558.0,486.0,1587,412,1177,1238,607,468,436,371,324,191,306,8161,2018,Rio Caeté
150610,PRIMAVERA,528.0,497.0,1637,411,1189,1228,586,455,431,344,279,168,286,8039,2017,Rio Caeté
150610,PRIMAVERA,508.0,485.0,1664,395,1174,1236,528,462,408,333,272,176,280,7921,2016,Rio Caeté
150610,PRIMAVERA,451.0,450.0,1814,400,1135,1255,526,465,437,350,267,181,340,8071,2015,Rio Caeté
150610,PRIMAVERA,,,1839,449,1177,1308,563,461,443,359,258,199,363,7419,2014,Rio Caeté
150610,PRIMAVERA,,,1945,456,1194,1358,550,482,419,361,262,206,357,7590,2013,Rio Caeté
150610,PRIMAVERA,,,1947,447,1232,1366,536,465,409,316,260,199,291,7468,2012,Rio Caeté
150610,PRIMAVERA,594.0,527.0,1470,369,1064,1229,642,607,575,477,504,377,586,9021,2024,Rio Caeté
150610,PRIMAVERA,533.0,519.0,1490,359,993,1190,629,640,569,517,504,385,606,8934,2025,Rio Caeté
150611,QUATIPURU,513.0,500.0,1542,366,976,1185,628,684,611,556,508,429,722,9220,2025,Rio Caeté
150611,QUATIPURU,537.0,522.0,1594,392,1061,1238,674,671,585,532,490,434,702,9432,2024,Rio Caeté
150611,QUATIPURU,572.0,545.0,1648,387,1138,1355,669,693,576,507,494,402,680,9666,2023,Rio Caeté
150611,QUATIPURU,572.0,565.0,1666,384,1261,1360,702,672,546,506,471,367,604,9676,2022,Rio Caeté
150611,QUATIPURU,593.0,571.0,1700,427,1353,1371,652,582,498,438,416,295,468,9364,2021,Rio Caeté
150611,QUATIPURU,603.0,556.0,1684,438,1289,1315,630,523,449,403,360,242,406,8898,2020,Rio Caeté
150611,QUATIPURU,702.0,538.0,1752,460,1298,1360,647,525,455,393,373,206,393,9102,2019,Rio Caeté
150611,QUATIPURU,668.0,540.0,1829,513,1244,1274,639,475,420,375,326,187,286,8776,2018,Rio Caeté
150611,QUATIPURU,653.0,578.0,1974,511,1294,1354,635,461,446,391,317,194,303,9111,2017,Rio Caeté
150611,QUATIPURU,627.0,589.0,2156,473,1261,1352,631,486,429,410,294,195,277,9180,2016,Rio Caeté
150611,QUATIPURU,615.0,616.0,2211,465,1302,1439,596,487,454,401,301,205,293,9385,2015,Rio Caeté
150611,QUATIPURU,,,2306,483,1353,1543,604,521,443,433,293,217,336,8532,2014,Rio Caeté
150611,QUATIPURU,,,2331,501,1322,1534,579,514,440,390,273,202,281,8367,2013,Rio Caeté
150611,QUATIPURU,,,2384,498,1332,1482,539,521,401,360,270,181,232,8200,2012,Rio Caeté
150613,REDENÇÃO,,,8814,2121,5090,4899,2267,1815,1519,1116,839,724,1875,31079,2013,Araguaia
150613,REDENÇÃO,,,8876,2073,4904,4679,2163,1816,1422,967,776,660,1645,29981,2012,Araguaia
150613,REDENÇÃO,3255.0,3209.0,8748,1901,4897,6360,2876,2728,2509,2061,2005,1953,4526,47028,2025,Araguaia
150613,REDENÇÃO,3423.0,3184.0,8564,1837,4925,6271,2800,2749,2387,1926,1930,1891,4497,46384,2024,Araguaia
150613,REDENÇÃO,3456.0,3151.0,8484,1792,5246,6333,2854,2810,2369,2004,1975,1916,4803,47193,2023,Araguaia
150613,REDENÇÃO,3151.0,2956.0,8266,1740,5241,6034,2762,2683,2295,1966,1924,1799,4809,45626,2022,Araguaia
150613,REDENÇÃO,2559.0,2650.0,7572,1569,4738,5081,2411,2271,1853,1726,1617,1487,4177,39711,2021,Araguaia
150613,REDENÇÃO,2430.0,2443.0,7208,1508,4372,4630,2243,2007,1638,1582,1421,1399,3688,36569,2020,Araguaia
150613,REDENÇÃO,2887.0,2545.0,7589,1552,4564,4846,2383,2035,1615,1535,1396,1462,3598,38007,2019,Araguaia
150613,REDENÇÃO,2750.0,2466.0,7386,1595,4125,4572,2292,1810,1441,1371,1217,1217,3034,35276,2018,Araguaia
150613,REDENÇÃO,2610.0,2544.0,7911,1735,4125,4695,2335,1857,1482,1343,1043,1116,2870,35666,2017,Araguaia
150613,REDENÇÃO,2375.0,2525.0,8280,1838,4333,4697,2332,1739,1383,1144,892,988,2253,34779,2016,Araguaia
150613,REDENÇÃO,1933.0,2605.0,8727,1974,5175,5159,2431,1961,1596,1208,968,887,2171,36795,2015,Araguaia
150613,REDENÇÃO,,,9148,2094,5473,5364,2496,2018,1682,1289,973,894,2349,33780,2014,Araguaia
150616,RIO MARIA,,,2120,454,1045,1230,544,459,338,224,178,182,583,7357,2012,Araguaia
150616,RIO MARIA,,,2143,473,1071,1252,565,478,360,252,199,208,629,7630,2013,Araguaia
150616,RIO MARIA,,,2191,482,1178,1400,634,524,423,312,247,246,700,8337,2014,Araguaia
150616,RIO MARIA,525.0,658.0,2118,454,1111,1376,636,534,432,319,259,257,644,9323,2015,Araguaia
150616,RIO MARIA,563.0,619.0,2088,449,1107,1322,658,541,421,366,282,256,666,9338,2016,Araguaia
150616,RIO MARIA,555.0,577.0,1921,409,1014,1246,622,504,434,372,297,275,747,8973,2017,Araguaia
150616,RIO MARIA,580.0,535.0,1861,389,1038,1174,598,521,440,397,327,292,799,8951,2018,Araguaia
150616,RIO MARIA,614.0,543.0,1835,405,1104,1168,625,529,474,452,363,352,938,9402,2019,Araguaia
150616,RIO MARIA,524.0,555.0,1804,405,1154,1213,635,581,502,498,364,359,959,9553,2020,Araguaia
150616,RIO MARIA,638.0,612.0,1868,448,1287,1414,710,659,588,538,465,428,1068,10723,2021,Araguaia
150616,RIO MARIA,701.0,642.0,1937,481,1384,1601,774,745,703,631,582,491,1249,11921,2022,Araguaia
150616,RIO MARIA,753.0,653.0,1918,453,1386,1622,776,772,728,663,604,553,1291,12172,2023,Araguaia
150616,RIO MARIA,768.0,684.0,1870,442,1350,1562,775,805,711,652,630,549,1229,12027,2024,Araguaia
150616,RIO MARIA,730.0,681.0,1929,466,1339,1492,751,820,762,660,669,545,1193,12037,2025,Araguaia
150618,RONDON DO PARÁ,1467.0,1253.0,3746,881,2346,2670,1358,1476,1351,1191,1111,990,2194,22034,2025,Rio Capim
150618,RONDON DO PARÁ,1580.0,1255.0,3952,947,2523,2818,1463,1501,1352,1165,1044,956,2091,22647,2024,Rio Capim
150618,RONDON DO PARÁ,1525.0,1281.0,4208,992,2669,2948,1521,1542,1357,1191,1058,967,2235,23494,2023,Rio Capim
150618,RONDON DO PARÁ,1313.0,1264.0,4214,997,2605,2863,1494,1476,1235,1136,997,893,2211,22698,2022,Rio Capim
150618,RONDON DO PARÁ,1116.0,1259.0,4124,934,2494,2562,1378,1268,1029,982,890,751,1942,20729,2021,Rio Capim
150618,RONDON DO PARÁ,960.0,1195.0,4136,881,2457,2471,1334,1159,956,861,803,668,1730,19611,2020,Rio Capim
150618,RONDON DO PARÁ,1250.0,1224.0,4351,870,2456,2540,1337,1174,950,843,803,695,1708,20201,2019,Rio Capim
150618,RONDON DO PARÁ,1363.0,1227.0,4562,909,2443,2577,1372,1146,927,808,752,664,1530,20280,2018,Rio Capim
150618,RONDON DO PARÁ,1373.0,1369.0,4910,983,2641,2758,1414,1155,926,786,655,589,1360,20919,2017,Rio Capim
150618,RONDON DO PARÁ,1317.0,1496.0,5286,1061,2712,2836,1441,1166,952,801,598,553,1058,21277,2016,Rio Capim
150618,RONDON DO PARÁ,1276.0,1596.0,5478,1149,2796,3079,1490,1192,1018,785,601,522,955,21937,2015,Rio Capim
150618,RONDON DO PARÁ,,,5899,1349,3570,3977,1789,1445,1259,1033,739,602,1104,22766,2014,Rio Capim
150618,RONDON DO PARÁ,,,6133,1404,3702,4130,1770,1444,1230,932,729,559,959,22992,2013,Rio Capim
150618,RONDON DO PARÁ,,,6135,1353,3680,3994,1671,1423,1183,857,681,521,839,22337,2012,Rio Capim
150619,RURÓPOLIS,,,4336,936,2520,2498,950,855,720,651,451,377,605,14899,2012,Tapajós
150619,RURÓPOLIS,,,4406,966,2676,2640,1027,857,764,643,531,414,682,15606,2013,Tapajós
150619,RURÓPOLIS,,,4316,963,2835,2817,1082,880,766,691,566,456,822,16194,2014,Tapajós
150619,RURÓPOLIS,1300.0,1138.0,4134,957,2686,2633,1055,831,761,596,594,416,645,17746,2015,Tapajós
150619,RURÓPOLIS,1283.0,1187.0,3995,889,2620,2529,1073,837,731,600,557,393,581,17275,2016,Tapajós
150619,RURÓPOLIS,1337.0,1146.0,3845,833,2538,2436,1059,822,721,594,532,403,684,16950,2017,Tapajós
150619,RURÓPOLIS,1450.0,1181.0,3760,898,2483,2534,1124,914,725,608,524,468,817,17486,2018,Tapajós
150619,RURÓPOLIS,1485.0,1196.0,3752,962,2544,2554,1206,945,774,608,568,501,918,18013,2019,Tapajós
150619,RURÓPOLIS,1311.0,1215.0,3735,885,2674,2558,1219,955,750,661,513,526,968,17970,2020,Tapajós
150619,RURÓPOLIS,1389.0,1299.0,3789,927,2878,2765,1298,1093,801,713,566,569,1119,19206,2021,Tapajós
150619,RURÓPOLIS,1480.0,1357.0,3901,960,3006,3015,1361,1261,931,804,673,657,1343,20749,2022,Tapajós
150619,RURÓPOLIS,1555.0,1329.0,3857,920,2961,3001,1408,1297,1016,846,713,667,1395,20965,2023,Tapajós
150619,RURÓPOLIS,1500.0,1259.0,3756,899,2746,2862,1313,1285,1015,834,681,669,1360,20179,2024,Tapajós
150619,RURÓPOLIS,1404.0,1213.0,3736,879,2707,2803,1373,1328,1119,853,791,698,1469,20373,2025,Tapajós
150620,SALINÓPOLIS,1897.0,1674.0,5368,1383,4257,4671,2105,1917,1528,1232,1095,848,2057,30032,2024,Rio Caeté
150620,SALINÓPOLIS,1698.0,1487.0,5220,1357,4031,4451,2038,1767,1480,1218,1013,786,1980,28526,2023,Rio Caeté
150620,SALINÓPOLIS,1305.0,1389.0,5062,1262,3853,4201,1930,1624,1367,1161,929,732,1882,26697,2022,Rio Caeté
150620,SALINÓPOLIS,730.0,1162.0,4731,1148,3708,3701,1638,1350,1054,926,696,594,1609,23047,2021,Rio Caeté
150620,SALINÓPOLIS,790.0,1263.0,4766,1149,3597,3554,1545,1258,1005,852,623,543,1480,22425,2020,Rio Caeté
150620,SALINÓPOLIS,1027.0,1328.0,4845,1172,3496,3547,1441,1179,955,780,585,506,1331,22192,2019,Rio Caeté
150620,SALINÓPOLIS,935.0,1336.0,4934,1122,3418,3450,1347,1104,879,702,502,448,1101,21278,2018,Rio Caeté
150620,SALINÓPOLIS,1012.0,1362.0,5204,1195,3698,3583,1357,1155,898,680,507,432,1017,22100,2017,Rio Caeté
150620,SALINÓPOLIS,1069.0,1372.0,5306,1222,3826,3561,1374,1102,868,665,465,439,798,22067,2016,Rio Caeté
150620,SALINÓPOLIS,1109.0,1454.0,5437,1304,3974,3593,1423,1127,934,652,472,449,805,22733,2015,Rio Caeté
150620,SALINÓPOLIS,,,5567,1360,4156,3666,1420,1183,985,703,480,447,1040,21007,2014,Rio Caeté
150620,SALINÓPOLIS,,,5404,1370,3889,3313,1328,1119,914,611,472,406,886,19712,2013,Rio Caeté
150620,SALINÓPOLIS,,,5527,1334,3749,3170,1297,1088,858,570,464,347,805,19209,2012,Rio Caeté
150620,SALINÓPOLIS,1887.0,1801.0,5424,1336,4369,4745,2142,2090,1661,1354,1211,910,2177,31107,2025,Rio Caeté
150630,SALVATERRA,,,3871,890,2554,2483,1040,818,627,484,370,272,506,13915,2012,Marajó
150630,SALVATERRA,,,3941,885,2517,2607,1056,859,659,518,385,297,525,14249,2013,Marajó
150630,SALVATERRA,,,4033,893,2680,2667,1102,961,695,563,438,328,619,14979,2014,Marajó
150630,SALVATERRA,1314.0,1243.0,3942,906,2704,2710,1090,924,720,571,441,275,463,17303,2015,Marajó
150630,SALVATERRA,1304.0,1241.0,3850,907,2704,2746,1053,929,718,573,458,269,395,17147,2016,Marajó
150630,SALVATERRA,1404.0,1222.0,3827,859,2719,2793,1075,920,753,592,472,275,430,17341,2017,Marajó
150630,SALVATERRA,1318.0,1163.0,3697,833,2602,2715,1102,914,743,606,480,278,487,16938,2018,Marajó
150630,SALVATERRA,1266.0,1174.0,3593,792,2560,2745,1088,913,800,602,490,332,557,16912,2019,Marajó
150630,SALVATERRA,1115.0,1154.0,3534,768,2520,2746,1106,940,790,664,522,335,541,16735,2020,Marajó
150630,SALVATERRA,1156.0,1231.0,3556,829,2573,2885,1207,983,906,755,574,415,654,17724,2021,Marajó
150630,SALVATERRA,1173.0,1181.0,3597,826,2472,3092,1322,1142,1041,922,677,499,767,18711,2022,Marajó
150630,SALVATERRA,1201.0,1165.0,3507,823,2537,3074,1362,1239,1079,983,758,540,794,19062,2023,Marajó
150630,SALVATERRA,1176.0,1103.0,3495,828,2366,2908,1324,1163,1057,983,716,551,822,18492,2024,Marajó
150630,SALVATERRA,1205.0,1070.0,3451,792,2434,2954,1333,1247,1143,1008,823,571,859,18890,2025,Marajó
150635,SANTA BÁRBARA DO PARÁ,880.0,827.0,2841,670,1599,1924,1034,1059,913,802,810,668,1276,15303,2025,Guajará
150635,SANTA BÁRBARA DO PARÁ,901.0,851.0,2879,696,1703,1965,1101,1031,968,842,763,666,1261,15627,2024,Guajará
150635,SANTA BÁRBARA DO PARÁ,948.0,940.0,3025,670,1780,2082,1130,1091,950,869,782,680,1293,16240,2023,Guajará
150635,SANTA BÁRBARA DO PARÁ,922.0,981.0,3093,659,1812,2133,1118,1064,917,848,753,622,1222,16144,2022,Guajará
150635,SANTA BÁRBARA DO PARÁ,847.0,908.0,2930,591,1709,1938,977,882,736,714,623,494,1066,14415,2021,Guajará
150635,SANTA BÁRBARA DO PARÁ,772.0,884.0,2734,532,1669,1782,866,763,649,609,505,428,891,13084,2020,Guajará
150635,SANTA BÁRBARA DO PARÁ,937.0,863.0,2718,532,1715,1811,842,779,640,535,497,393,842,13104,2019,Guajará
150635,SANTA BÁRBARA DO PARÁ,924.0,889.0,2721,576,1681,1772,837,723,615,505,462,361,705,12771,2018,Guajará
150635,SANTA BÁRBARA DO PARÁ,786.0,851.0,2779,661,1701,1776,871,728,629,504,428,340,547,12601,2017,Guajará
150635,SANTA BÁRBARA DO PARÁ,699.0,847.0,2838,699,1691,1824,892,722,623,507,388,317,465,12512,2016,Guajará
150635,SANTA BÁRBARA DO PARÁ,717.0,881.0,2980,695,1831,1995,916,785,672,510,388,334,487,13191,2015,Guajará
150635,SANTA BÁRBARA DO PARÁ,,,3298,789,2162,2381,1087,933,777,604,422,379,679,13511,2014,Guajará
150635,SANTA BÁRBARA DO PARÁ,,,3341,811,2117,2334,1030,880,714,565,405,352,611,13160,2013,Guajará
150635,SANTA BÁRBARA DO PARÁ,,,3321,725,2031,2252,969,848,628,473,342,301,518,12408,2012,Guajará
150640,SANTA CRUZ DO ARARI,456.0,429.0,1347,301,941,1104,439,434,369,285,235,129,243,6712,2025,Marajó
150640,SANTA CRUZ DO ARARI,479.0,416.0,1364,310,958,1118,427,420,369,276,206,128,245,6716,2024,Marajó
150640,SANTA CRUZ DO ARARI,469.0,414.0,1377,333,957,1125,456,431,346,276,230,132,275,6821,2023,Marajó
150640,SANTA CRUZ DO ARARI,467.0,415.0,1424,322,992,1112,454,426,329,280,226,123,257,6827,2022,Marajó
150640,SANTA CRUZ DO ARARI,424.0,483.0,1465,297,1032,1119,451,401,308,249,201,110,232,6772,2021,Marajó
150640,SANTA CRUZ DO ARARI,460.0,479.0,1456,316,1021,1073,442,385,285,238,172,101,196,6624,2020,Marajó
150640,SANTA CRUZ DO ARARI,505.0,497.0,1433,324,1008,1049,432,379,273,222,163,97,192,6574,2019,Marajó
150640,SANTA CRUZ DO ARARI,526.0,454.0,1443,317,997,993,412,352,261,216,151,63,153,6338,2018,Marajó
150640,SANTA CRUZ DO ARARI,535.0,443.0,1480,312,968,892,413,315,260,212,131,54,136,6151,2017,Marajó
150640,SANTA CRUZ DO ARARI,483.0,428.0,1456,341,905,805,368,293,240,201,111,44,96,5771,2016,Marajó
150640,SANTA CRUZ DO ARARI,401.0,446.0,1395,318,810,747,366,277,225,171,105,36,75,5372,2015,Marajó
150640,SANTA CRUZ DO ARARI,,,1373,276,788,751,376,265,224,177,115,56,82,4483,2014,Marajó
150640,SANTA CRUZ DO ARARI,,,1243,270,660,676,311,246,195,141,95,49,50,3936,2013,Marajó
150640,SANTA CRUZ DO ARARI,,,1223,274,592,653,293,238,187,128,85,55,50,3778,2012,Marajó
150650,SANTA IZABEL DO PARÁ,,,8748,2004,4980,5757,2457,2004,1464,1147,863,642,977,31043,2012,Guamá
150650,SANTA IZABEL DO PARÁ,,,8889,2000,5389,6075,2560,2076,1613,1273,928,714,1116,32633,2013,Guamá
150650,SANTA IZABEL DO PARÁ,,,8935,1961,5699,6304,2719,2275,1767,1370,1009,803,1313,34155,2014,Guamá
150650,SANTA IZABEL DO PARÁ,2269.0,2517.0,8631,1940,5292,5890,2622,2182,1691,1296,1029,766,1318,37443,2015,Guamá
150650,SANTA IZABEL DO PARÁ,2129.0,2467.0,8178,1865,4819,5292,2452,1988,1570,1163,957,695,1178,34753,2016,Guamá
150650,SANTA IZABEL DO PARÁ,2158.0,2392.0,7733,1779,4595,5024,2325,1935,1569,1154,937,672,1344,33617,2017,Guamá
150650,SANTA IZABEL DO PARÁ,2514.0,2253.0,7265,1658,4227,4716,2202,1809,1510,1107,941,673,1295,32170,2018,Guamá
150650,SANTA IZABEL DO PARÁ,2374.0,2325.0,7123,1640,4247,4799,2236,1901,1559,1251,961,728,1578,32722,2019,Guamá
150650,SANTA IZABEL DO PARÁ,1733.0,2225.0,6766,1580,4077,4533,2236,1827,1483,1235,939,742,1634,31010,2020,Guamá
150650,SANTA IZABEL DO PARÁ,1839.0,2245.0,6923,1565,4123,4661,2364,2026,1667,1384,1087,901,1841,32626,2021,Guamá
150650,SANTA IZABEL DO PARÁ,2193.0,2356.0,7211,1636,4338,5165,2581,2357,2006,1748,1381,1067,2187,36226,2022,Guamá
150650,SANTA IZABEL DO PARÁ,2453.0,2395.0,7261,1600,4484,5357,2625,2542,2101,1874,1486,1178,2299,37655,2023,Guamá
150650,SANTA IZABEL DO PARÁ,2464.0,2398.0,7115,1622,4370,5168,2586,2475,2069,1804,1484,1156,2322,37033,2024,Guamá
150650,SANTA IZABEL DO PARÁ,2408.0,2465.0,7151,1672,4452,5268,2556,2613,2168,1903,1600,1214,2573,38043,2025,Guamá
150655,SANTA LUZIA DO PARÁ,,,4149,921,2695,2916,1008,870,717,587,494,355,797,15509,2013,Rio Caeté
150655,SANTA LUZIA DO PARÁ,,,4052,951,2768,3016,1074,921,729,614,515,390,870,15900,2014,Rio Caeté
150655,SANTA LUZIA DO PARÁ,931.0,1078.0,3809,921,2508,2762,1060,874,704,574,458,344,479,16502,2015,Rio Caeté
150655,SANTA LUZIA DO PARÁ,1037.0,1101.0,3684,825,2538,2635,1106,889,703,617,445,342,451,16373,2016,Rio Caeté
150655,SANTA LUZIA DO PARÁ,1097.0,1077.0,3663,822,2549,2665,1141,928,747,635,470,360,519,16673,2017,Rio Caeté
150655,SANTA LUZIA DO PARÁ,1195.0,1031.0,3611,833,2522,2594,1171,913,762,626,482,359,539,16638,2018,Rio Caeté
150655,SANTA LUZIA DO PARÁ,1230.0,1012.0,3453,842,2529,2596,1160,951,833,644,535,385,625,16795,2019,Rio Caeté
150655,SANTA LUZIA DO PARÁ,998.0,1037.0,3328,806,2547,2576,1156,930,846,658,539,360,598,16379,2020,Rio Caeté
150655,SANTA LUZIA DO PARÁ,870.0,1061.0,3284,766,2530,2598,1123,1022,866,679,594,388,677,16458,2021,Rio Caeté
150655,SANTA LUZIA DO PARÁ,1095.0,1032.0,3244,824,2360,2645,1213,1093,953,751,664,457,805,17136,2022,Rio Caeté
150655,SANTA LUZIA DO PARÁ,1155.0,1053.0,3173,819,2383,2616,1228,1158,959,801,691,486,797,17319,2023,Rio Caeté
150655,SANTA LUZIA DO PARÁ,1144.0,1013.0,3111,743,2288,2493,1179,1151,961,845,667,472,754,16821,2024,Rio Caeté
150655,SANTA LUZIA DO PARÁ,1143.0,1027.0,3063,707,2308,2473,1193,1155,992,879,731,501,868,17040,2025,Rio Caeté
150655,SANTA LUZIA DO PARÁ,,,4145,899,2739,2804,1009,826,689,566,468,300,741,15186,2012,Rio Caeté
150658,SANTA MARIA DAS BARREIRAS,,,3279,690,1526,1801,824,742,679,529,461,311,354,11196,2012,Araguaia
150658,SANTA MARIA DAS BARREIRAS,,,3289,717,1564,1879,847,759,724,559,484,341,419,11582,2013,Araguaia
150658,SANTA MARIA DAS BARREIRAS,,,3343,684,1683,1924,929,747,755,649,530,401,515,12160,2014,Araguaia
150658,SANTA MARIA DAS BARREIRAS,846.0,866.0,3237,650,1652,1807,888,770,710,621,523,388,462,13420,2015,Araguaia
150658,SANTA MARIA DAS BARREIRAS,866.0,862.0,3115,659,1653,1718,838,758,688,626,492,396,507,13178,2016,Araguaia
150658,SANTA MARIA DAS BARREIRAS,885.0,820.0,2987,642,1615,1620,840,727,680,662,482,383,570,12913,2017,Araguaia
150658,SANTA MARIA DAS BARREIRAS,883.0,742.0,2769,608,1475,1523,815,686,653,647,529,390,640,12360,2018,Araguaia
150658,SANTA MARIA DAS BARREIRAS,888.0,801.0,2683,590,1475,1568,812,722,644,671,583,445,798,12680,2019,Araguaia
150658,SANTA MARIA DAS BARREIRAS,769.0,795.0,2559,586,1525,1534,809,741,688,678,585,487,843,12599,2020,Araguaia
150658,SANTA MARIA DAS BARREIRAS,766.0,854.0,2538,632,1660,1657,909,811,757,751,691,559,1028,13613,2021,Araguaia
150658,SANTA MARIA DAS BARREIRAS,851.0,826.0,2584,618,1782,1758,951,910,844,809,790,605,1242,14570,2022,Araguaia
150658,SANTA MARIA DAS BARREIRAS,887.0,848.0,2504,600,1791,1788,950,947,851,803,822,654,1300,14745,2023,Araguaia
150658,SANTA MARIA DAS BARREIRAS,870.0,829.0,2386,608,1758,1741,923,942,850,788,794,656,1266,14411,2024,Araguaia
150658,SANTA MARIA DAS BARREIRAS,818.0,801.0,2294,593,1706,1710,856,942,878,804,811,719,1348,14280,2025,Araguaia
150660,SANTA MARIA DO PARÁ,,,4005,877,2640,2723,1247,1069,832,558,442,349,714,15456,2012,Guamá
150660,SANTA MARIA DO PARÁ,,,3882,915,2678,2834,1286,1082,863,658,456,411,814,15879,2013,Guamá
150660,SANTA MARIA DO PARÁ,,,3926,877,2814,3018,1334,1134,954,708,498,455,935,16653,2014,Guamá
150660,SANTA MARIA DO PARÁ,901.0,1016.0,3730,798,2591,2731,1276,1113,935,697,476,411,702,17377,2015,Guamá
150660,SANTA MARIA DO PARÁ,984.0,985.0,3606,825,2541,2680,1237,1129,939,747,500,424,651,17248,2016,Guamá
150660,SANTA MARIA DO PARÁ,1064.0,989.0,3413,823,2421,2554,1162,1101,944,756,515,393,688,16823,2017,Guamá
150660,SANTA MARIA DO PARÁ,1103.0,949.0,3276,832,2305,2538,1130,1069,896,725,547,352,677,16399,2018,Guamá
150660,SANTA MARIA DO PARÁ,1109.0,947.0,3151,800,2298,2493,1209,1083,922,778,603,400,798,16591,2019,Guamá
150660,SANTA MARIA DO PARÁ,970.0,892.0,2990,767,2264,2433,1224,1045,924,798,647,403,843,16200,2020,Guamá
150660,SANTA MARIA DO PARÁ,1030.0,942.0,2991,748,2314,2477,1275,1078,971,889,719,463,945,16842,2021,Guamá
150660,SANTA MARIA DO PARÁ,1089.0,941.0,2924,705,2299,2656,1290,1158,1117,998,840,562,1086,17665,2022,Guamá
150660,SANTA MARIA DO PARÁ,1121.0,1042.0,2857,676,2288,2666,1351,1244,1192,1019,923,700,1276,18355,2023,Guamá
150660,SANTA MARIA DO PARÁ,1106.0,1052.0,2893,739,2305,2654,1347,1319,1232,1058,955,710,1295,18665,2024,Guamá
150660,SANTA MARIA DO PARÁ,1111.0,1051.0,2920,732,2331,2688,1310,1376,1224,1075,1001,753,1360,18932,2025,Guamá
150670,SANTANA DO ARAGUAIA,2060.0,1860.0,4752,1057,2921,3100,1335,1244,1128,938,880,886,2161,24322,2025,Araguaia
150670,SANTANA DO ARAGUAIA,2232.0,1804.0,4720,1065,3103,3181,1346,1242,1126,923,887,860,2099,24588,2024,Araguaia
150670,SANTANA DO ARAGUAIA,2139.0,1813.0,4722,1033,3533,3457,1388,1312,1190,991,961,924,2100,25563,2023,Araguaia
150670,SANTANA DO ARAGUAIA,1856.0,1682.0,4620,1070,3470,3240,1336,1220,1100,897,901,855,2063,24310,2022,Araguaia
150670,SANTANA DO ARAGUAIA,1664.0,1571.0,4397,985,3194,2719,1139,1007,828,759,690,726,1775,21454,2021,Araguaia
150670,SANTANA DO ARAGUAIA,1352.0,1462.0,4084,894,2828,2362,1002,863,697,610,541,598,1525,18818,2020,Araguaia
150670,SANTANA DO ARAGUAIA,1724.0,1472.0,4286,981,2789,2436,1033,914,701,661,577,638,1449,19661,2019,Araguaia
150670,SANTANA DO ARAGUAIA,1679.0,1458.0,4409,974,2668,2378,1063,905,687,610,566,554,1169,19120,2018,Araguaia
150670,SANTANA DO ARAGUAIA,1716.0,1440.0,4643,946,2578,2467,1132,910,703,639,559,547,1131,19411,2017,Araguaia
150670,SANTANA DO ARAGUAIA,1607.0,1489.0,4659,994,2606,2514,1143,884,737,652,562,535,930,19312,2016,Araguaia
150670,SANTANA DO ARAGUAIA,1566.0,1438.0,4658,948,2558,2505,1102,895,730,645,548,482,895,18970,2015,Araguaia
150670,SANTANA DO ARAGUAIA,,,4721,997,2707,2600,1140,936,820,669,595,522,1211,16918,2014,Araguaia
150670,SANTANA DO ARAGUAIA,,,4572,999,2431,2384,1042,891,721,617,495,471,1055,15678,2013,Araguaia
150670,SANTANA DO ARAGUAIA,,,4470,980,2306,2265,991,854,676,570,463,391,927,14893,2012,Araguaia
150680,SANTARÉM,17005.0,16620.0,47823,11295,33845,36728,16225,15688,13348,10582,8994,8033,17882,254068,2025,Baixo Amazonas
150680,SANTARÉM,17759.0,16276.0,47602,11069,32905,36038,16314,15088,12752,10058,8568,7789,16931,249149,2024,Baixo Amazonas
150680,SANTARÉM,17810.0,16297.0,47738,10655,33710,37948,16743,15295,12524,10054,8762,7843,17250,252629,2023,Baixo Amazonas
150680,SANTARÉM,15707.0,15611.0,46931,10415,32532,36400,16120,14490,11634,9509,8302,7379,16663,241693,2022,Baixo Amazonas
150680,SANTARÉM,11055.0,14548.0,43422,9632,29305,31411,14065,12243,9605,7729,6721,6175,14601,210512,2021,Baixo Amazonas
150680,SANTARÉM,11541.0,14221.0,42070,9324,27793,29214,13192,11020,8481,7076,5948,5631,13063,198574,2020,Baixo Amazonas
150680,SANTARÉM,14161.0,14351.0,43118,9196,28163,29763,13094,10796,8179,6894,5849,5374,12507,201445,2019,Baixo Amazonas
150680,SANTARÉM,13052.0,13809.0,43156,9118,27386,27943,12602,9960,7575,6567,5385,4674,10938,192165,2018,Baixo Amazonas
150680,SANTARÉM,13251.0,14402.0,45261,9807,29571,29641,12896,10227,7934,6643,5485,4597,9864,199579,2017,Baixo Amazonas
150680,SANTARÉM,12143.0,14578.0,46544,10082,29397,28925,12434,9986,7873,6550,5396,4479,7567,195954,2016,Baixo Amazonas
150680,SANTARÉM,11967.0,14519.0,47811,10458,29611,28843,12223,9849,8296,6806,5600,4486,7449,197918,2015,Baixo Amazonas
150680,SANTARÉM,,,49856,10899,32273,30660,12425,10554,9048,7434,5810,4581,7600,181140,2014,Baixo Amazonas
150680,SANTARÉM,,,49903,10954,30160,28211,11605,9884,8662,6782,5313,3888,6110,171472,2013,Baixo Amazonas
150680,SANTARÉM,,,48951,10720,27969,25892,10902,9418,8136,6325,4735,3246,5109,161403,2012,Baixo Amazonas
150690,SANTARÉM NOVO,395.0,337.0,974,240,722,926,447,420,366,337,296,263,374,6097,2025,Rio Caeté
150690,SANTARÉM NOVO,,,1401,330,874,957,327,295,257,203,165,101,155,5065,2012,Rio Caeté
150690,SANTARÉM NOVO,,,1353,324,954,959,353,311,239,217,180,129,190,5209,2013,Rio Caeté
150690,SANTARÉM NOVO,,,1338,333,970,1011,392,326,269,246,181,150,243,5459,2014,Rio Caeté
150690,SANTARÉM NOVO,389.0,360.0,1328,324,1005,1010,403,325,288,251,195,148,252,6278,2015,Rio Caeté
150690,SANTARÉM NOVO,409.0,373.0,1269,299,961,972,391,335,266,261,197,145,227,6105,2016,Rio Caeté
150690,SANTARÉM NOVO,450.0,353.0,1279,293,1009,978,419,323,286,263,203,160,250,6266,2017,Rio Caeté
150690,SANTARÉM NOVO,1021.0,381.0,1235,272,1108,1056,420,335,288,242,229,153,240,6980,2018,Rio Caeté
150690,SANTARÉM NOVO,1675.0,453.0,1239,272,1135,1159,473,362,325,270,256,154,456,8229,2019,Rio Caeté
150690,SANTARÉM NOVO,697.0,517.0,1155,253,991,1045,432,350,298,262,241,161,411,6813,2020,Rio Caeté
150690,SANTARÉM NOVO,530.0,648.0,1176,259,951,1095,439,369,328,275,256,200,467,6993,2021,Rio Caeté
150690,SANTARÉM NOVO,450.0,749.0,1093,288,853,1098,457,426,342,319,280,216,479,7050,2022,Rio Caeté
150690,SANTARÉM NOVO,423.0,663.0,1184,282,834,1121,458,443,366,334,285,256,480,7129,2023,Rio Caeté
150690,SANTARÉM NOVO,428.0,353.0,1065,272,775,969,470,407,351,343,291,266,379,6369,2024,Rio Caeté
150700,SANTO ANTÔNIO DO TAUÁ,1519.0,1430.0,4244,982,2963,3307,1478,1490,1246,1044,954,731,1474,22862,2024,Guamá
150700,SANTO ANTÔNIO DO TAUÁ,1533.0,1430.0,4418,968,3013,3398,1533,1571,1303,1138,1013,820,1688,23826,2025,Guamá
150700,SANTO ANTÔNIO DO TAUÁ,,,4675,997,2725,2908,1245,982,747,550,462,379,504,16174,2014,Guamá
150700,SANTO ANTÔNIO DO TAUÁ,,,4651,1074,2471,2759,1159,885,684,478,460,299,376,15296,2013,Guamá
150700,SANTO ANTÔNIO DO TAUÁ,,,4587,1053,2182,2579,1049,855,596,477,400,223,248,14249,2012,Guamá
150700,SANTO ANTÔNIO DO TAUÁ,1451.0,1431.0,4633,992,2819,2885,1248,1021,760,566,485,373,551,19215,2015,Guamá
150700,SANTO ANTÔNIO DO TAUÁ,1406.0,1432.0,4500,978,2823,2781,1271,1049,740,584,483,356,547,18950,2016,Guamá
150700,SANTO ANTÔNIO DO TAUÁ,1463.0,1407.0,4395,972,2835,2715,1294,1013,757,591,477,319,571,18809,2017,Guamá
150700,SANTO ANTÔNIO DO TAUÁ,1523.0,1347.0,4200,969,2743,2649,1226,1000,764,616,467,354,605,18463,2018,Guamá
150700,SANTO ANTÔNIO DO TAUÁ,1411.0,1361.0,4050,953,2645,2657,1237,999,834,647,503,406,724,18427,2019,Guamá
150700,SANTO ANTÔNIO DO TAUÁ,1128.0,1303.0,3980,850,2658,2614,1260,998,827,673,495,401,734,17921,2020,Guamá
150700,SANTO ANTÔNIO DO TAUÁ,1121.0,1358.0,3984,874,2806,2792,1284,1122,934,743,582,479,849,18928,2021,Guamá
150700,SANTO ANTÔNIO DO TAUÁ,1247.0,1370.0,4205,986,2954,3163,1451,1362,1128,938,777,604,1089,21274,2022,Guamá
150700,SANTO ANTÔNIO DO TAUÁ,1494.0,1408.0,4228,981,3052,3290,1481,1450,1214,984,918,670,1246,22416,2023,Guamá
150710,SÃO CAETANO DE ODIVELAS,695.0,708.0,2162,511,1572,1921,930,922,823,707,650,491,846,12938,2025,Guamá
150710,SÃO CAETANO DE ODIVELAS,771.0,712.0,2177,539,1617,1974,947,893,804,684,613,493,801,13025,2024,Guamá
150710,SÃO CAETANO DE ODIVELAS,818.0,713.0,2293,561,1704,2086,981,948,807,705,617,479,808,13520,2023,Guamá
150710,SÃO CAETANO DE ODIVELAS,755.0,712.0,2394,564,1722,2133,1005,923,769,674,564,424,775,13414,2022,Guamá
150710,SÃO CAETANO DE ODIVELAS,641.0,696.0,2352,588,1804,2042,958,816,721,584,499,348,660,12709,2021,Guamá
150710,SÃO CAETANO DE ODIVELAS,648.0,712.0,2418,589,1831,2006,901,819,676,560,459,323,593,12535,2020,Guamá
150710,SÃO CAETANO DE ODIVELAS,789.0,733.0,2491,590,1868,1991,908,820,667,531,476,287,563,12714,2019,Guamá
150710,SÃO CAETANO DE ODIVELAS,775.0,752.0,2542,611,1863,1928,896,772,633,526,412,273,495,12478,2018,Guamá
150710,SÃO CAETANO DE ODIVELAS,833.0,804.0,2774,671,2151,2152,1009,817,704,563,438,372,665,13953,2017,Guamá
150710,SÃO CAETANO DE ODIVELAS,896.0,830.0,2919,671,2175,2223,981,823,702,567,448,391,694,14320,2016,Guamá
150710,SÃO CAETANO DE ODIVELAS,887.0,893.0,2945,712,2218,2212,969,793,677,538,461,371,641,14317,2015,Guamá
150710,SÃO CAETANO DE ODIVELAS,,,3115,736,2217,2240,949,779,629,546,417,357,629,12614,2014,Guamá
150710,SÃO CAETANO DE ODIVELAS,,,3143,748,2005,1928,780,663,531,411,345,274,468,11296,2013,Guamá
150710,SÃO CAETANO DE ODIVELAS,,,3128,696,1701,1713,689,578,420,333,269,136,214,9877,2012,Guamá
150715,SÃO DOMINGOS DO ARAGUAIA,,,3985,844,2598,2322,944,725,616,434,367,250,433,13518,2012,Carajás
150715,SÃO DOMINGOS DO ARAGUAIA,,,3984,875,2479,2373,966,765,652,501,382,319,596,13892,2013,Carajás
150715,SÃO DOMINGOS DO ARAGUAIA,,,3900,862,2523,2430,1033,802,660,557,428,352,714,14261,2014,Carajás
150715,SÃO DOMINGOS DO ARAGUAIA,1121.0,1148.0,3793,791,2219,2225,960,746,641,524,400,340,720,15628,2015,Carajás
150715,SÃO DOMINGOS DO ARAGUAIA,1129.0,1087.0,3668,793,2123,2162,901,745,586,545,371,341,669,15120,2016,Carajás
150715,SÃO DOMINGOS DO ARAGUAIA,1322.0,1145.0,4683,818,2153,2192,1154,842,620,589,402,373,733,17026,2017,Carajás
150715,SÃO DOMINGOS DO ARAGUAIA,1177.0,1053.0,3617,706,1920,1915,944,748,587,526,422,320,738,14673,2018,Carajás
150715,SÃO DOMINGOS DO ARAGUAIA,1089.0,1005.0,3360,724,1975,1829,962,787,620,524,466,358,891,14590,2019,Carajás
150715,SÃO DOMINGOS DO ARAGUAIA,825.0,957.0,3171,764,1935,1774,923,807,603,545,445,361,942,14052,2020,Carajás
150715,SÃO DOMINGOS DO ARAGUAIA,987.0,970.0,3190,773,1959,1845,983,826,656,549,542,385,1085,14750,2021,Carajás
150715,SÃO DOMINGOS DO ARAGUAIA,1090.0,1002.0,3181,773,2155,2111,1043,979,808,650,625,471,1276,16164,2022,Carajás
150715,SÃO DOMINGOS DO ARAGUAIA,1219.0,987.0,2942,677,2042,2085,1018,925,838,655,638,526,1325,15877,2023,Carajás
150715,SÃO DOMINGOS DO ARAGUAIA,1235.0,1000.0,2779,670,1918,1953,944,909,855,639,594,529,1206,15231,2024,Carajás
150715,SÃO DOMINGOS DO ARAGUAIA,1183.0,959.0,2768,655,1870,1974,889,942,875,662,618,539,1189,15123,2025,Carajás
150720,SÃO DOMINGOS DO CAPIM,1769.0,1532.0,4846,1378,3710,3886,1611,1622,1414,1183,1075,661,848,25535,2025,Guamá
150720,SÃO DOMINGOS DO CAPIM,1801.0,1481.0,4970,1363,3680,3851,1618,1571,1383,1129,1000,610,751,25208,2024,Guamá
150720,SÃO DOMINGOS DO CAPIM,1845.0,1534.0,5194,1330,3841,4096,1704,1574,1397,1157,1009,583,823,26087,2023,Guamá
150720,SÃO DOMINGOS DO CAPIM,1771.0,1520.0,5488,1340,3917,4100,1722,1505,1363,1119,925,534,782,26086,2022,Guamá
150720,SÃO DOMINGOS DO CAPIM,1540.0,1557.0,5747,1308,3896,3592,1526,1338,1148,975,741,437,635,24440,2021,Guamá
150720,SÃO DOMINGOS DO CAPIM,1489.0,1604.0,5920,1351,3933,3492,1511,1323,1048,933,635,389,547,24175,2020,Guamá
150720,SÃO DOMINGOS DO CAPIM,1876.0,1716.0,6037,1416,3894,3468,1489,1343,1026,914,614,370,553,24716,2019,Guamá
150720,SÃO DOMINGOS DO CAPIM,1842.0,1822.0,6244,1312,3852,3362,1455,1258,1008,827,564,361,434,24341,2018,Guamá
150720,SÃO DOMINGOS DO CAPIM,1824.0,1910.0,6400,1320,3805,3446,1456,1244,1026,820,579,449,504,24783,2017,Guamá
150720,SÃO DOMINGOS DO CAPIM,1853.0,1942.0,6594,1462,3849,3592,1490,1243,1035,818,589,495,580,25542,2016,Guamá
150720,SÃO DOMINGOS DO CAPIM,1973.0,2061.0,6727,1402,3859,3746,1528,1228,1080,780,616,514,737,26251,2015,Guamá
150720,SÃO DOMINGOS DO CAPIM,,,6856,1416,3886,4002,1595,1232,1070,778,635,577,897,22944,2014,Guamá
150720,SÃO DOMINGOS DO CAPIM,,,6756,1444,3742,3885,1502,1223,1018,716,630,529,802,22247,2013,Guamá
150720,SÃO DOMINGOS DO CAPIM,,,6710,1390,3354,3643,1432,1179,939,680,638,434,702,21101,2012,Guamá
150730,SÃO FÉLIX DO XINGU,,,8648,1617,3693,4182,1698,1368,984,617,461,362,878,24508,2012,Araguaia
150730,SÃO FÉLIX DO XINGU,,,8890,1700,4097,4344,1807,1442,1088,681,513,377,946,25885,2013,Araguaia
150730,SÃO FÉLIX DO XINGU,,,9147,1812,4588,4693,1978,1570,1202,863,582,416,1067,27918,2014,Araguaia
150730,SÃO FÉLIX DO XINGU,2620.0,2935.0,9137,1832,4441,4878,2113,1559,1225,873,621,420,635,33289,2015,Araguaia
150730,SÃO FÉLIX DO XINGU,2698.0,2925.0,9151,1794,4486,5042,2263,1619,1178,914,655,438,604,33767,2016,Araguaia
150730,SÃO FÉLIX DO XINGU,2823.0,2858.0,9114,1831,4561,5244,2395,1728,1268,969,724,492,832,34839,2017,Araguaia
150730,SÃO FÉLIX DO XINGU,3046.0,2757.0,8887,1764,4514,5223,2419,1778,1259,1060,769,595,1088,35159,2018,Araguaia
150730,SÃO FÉLIX DO XINGU,3163.0,2822.0,8882,1831,4763,5438,2561,1930,1390,1134,874,697,1384,36869,2019,Araguaia
150730,SÃO FÉLIX DO XINGU,2510.0,2845.0,8576,1783,4829,5223,2538,1991,1401,1182,887,750,1552,36067,2020,Araguaia
150730,SÃO FÉLIX DO XINGU,2842.0,3060.0,9030,1918,5220,5766,2847,2345,1658,1358,1119,888,1896,39947,2021,Araguaia
150730,SÃO FÉLIX DO XINGU,3059.0,3223.0,9307,2031,5597,6373,3086,2703,2068,1668,1413,1095,2264,43887,2022,Araguaia
150730,SÃO FÉLIX DO XINGU,3520.0,3349.0,9489,1966,5831,6839,3240,2946,2308,1844,1594,1212,2502,46640,2023,Araguaia
150730,SÃO FÉLIX DO XINGU,3450.0,3222.0,9176,1881,5678,6627,3115,2918,2382,1918,1580,1336,2485,45768,2024,Araguaia
150730,SÃO FÉLIX DO XINGU,3350.0,3145.0,8909,1938,5523,6491,2973,2951,2396,1925,1717,1374,2551,45243,2025,Araguaia
150740,SÃO FRANCISCO DO PARÁ,700.0,688.0,2398,578,1707,1867,853,664,609,520,429,316,495,11824,2015,Guamá
150740,SÃO FRANCISCO DO PARÁ,675.0,657.0,2298,551,1639,1772,846,657,579,497,419,302,449,11341,2016,Guamá
150740,SÃO FRANCISCO DO PARÁ,687.0,667.0,2259,555,1574,1670,818,686,575,508,397,304,461,11161,2017,Guamá
150740,SÃO FRANCISCO DO PARÁ,733.0,662.0,2209,532,1494,1600,798,694,528,462,380,263,393,10748,2018,Guamá
150740,SÃO FRANCISCO DO PARÁ,776.0,680.0,2204,527,1531,1659,820,726,569,494,422,298,495,11201,2019,Guamá
150740,SÃO FRANCISCO DO PARÁ,679.0,651.0,2134,516,1495,1611,802,730,585,538,441,319,531,11032,2020,Guamá
150740,SÃO FRANCISCO DO PARÁ,670.0,639.0,2168,507,1556,1682,810,786,629,584,490,372,619,11512,2021,Guamá
150740,SÃO FRANCISCO DO PARÁ,700.0,655.0,2102,496,1604,1768,881,841,715,642,590,421,747,12162,2022,Guamá
150740,SÃO FRANCISCO DO PARÁ,735.0,675.0,2092,508,1582,1840,879,891,785,651,613,495,847,12593,2023,Guamá
150740,SÃO FRANCISCO DO PARÁ,762.0,701.0,2122,517,1653,1850,918,914,840,693,648,543,954,13115,2024,Guamá
150740,SÃO FRANCISCO DO PARÁ,,,2487,606,1750,1910,848,679,604,535,417,304,491,10631,2014,Guamá
150740,SÃO FRANCISCO DO PARÁ,742.0,676.0,2101,535,1632,1843,916,942,837,717,700,557,982,13180,2025,Guamá
150740,SÃO FRANCISCO DO PARÁ,,,2537,599,1639,1808,739,614,560,439,342,215,310,9802,2012,Guamá
150740,SÃO FRANCISCO DO PARÁ,,,2560,606,1738,1875,791,639,607,484,398,253,422,10373,2013,Guamá
150745,SÃO GERALDO DO ARAGUAIA,,,4675,965,2728,2888,1130,873,717,573,434,373,780,16136,2012,Carajás
150745,SÃO GERALDO DO ARAGUAIA,,,4414,1019,2688,2863,1141,882,741,596,464,393,855,16056,2013,Carajás
150745,SÃO GERALDO DO ARAGUAIA,,,4228,1022,2681,2871,1170,911,796,601,491,410,944,16125,2014,Carajás
150745,SÃO GERALDO DO ARAGUAIA,1126.0,1229.0,3930,936,2466,2472,1066,861,704,529,420,353,639,16731,2015,Carajás
150745,SÃO GERALDO DO ARAGUAIA,1055.0,1159.0,3656,852,2267,2130,1021,813,643,493,367,300,519,15275,2016,Carajás
150745,SÃO GERALDO DO ARAGUAIA,1032.0,1102.0,3509,797,2127,2041,970,787,623,505,368,312,648,14821,2017,Carajás
150745,SÃO GERALDO DO ARAGUAIA,1161.0,1076.0,3353,749,2014,1928,941,809,636,522,402,354,787,14732,2018,Carajás
150745,SÃO GERALDO DO ARAGUAIA,1125.0,1045.0,3238,683,2001,1922,939,808,627,550,454,374,910,14676,2019,Carajás
150745,SÃO GERALDO DO ARAGUAIA,859.0,1006.0,3094,674,1934,1847,885,788,594,547,438,366,934,13966,2020,Carajás
150745,SÃO GERALDO DO ARAGUAIA,1017.0,1091.0,3222,711,2002,1926,941,870,656,584,517,403,1029,14969,2021,Carajás
150745,SÃO GERALDO DO ARAGUAIA,1322.0,1176.0,3384,686,2171,2234,1087,995,848,689,647,554,1197,16990,2022,Carajás
150745,SÃO GERALDO DO ARAGUAIA,1395.0,1181.0,3356,709,2099,2305,1124,1064,925,741,690,658,1258,17505,2023,Carajás
150745,SÃO GERALDO DO ARAGUAIA,1345.0,1197.0,3334,753,2074,2333,1120,1077,946,769,723,634,1244,17549,2024,Carajás
150745,SÃO GERALDO DO ARAGUAIA,1261.0,1190.0,3322,765,2030,2347,1069,1060,998,794,777,617,1260,17490,2025,Carajás
150746,SÃO JOÃO DA PONTA,,,1033,227,670,724,283,238,224,159,166,104,119,3947,2013,Guamá
150746,SÃO JOÃO DA PONTA,,,1051,250,624,724,270,230,194,145,145,77,104,3814,2012,Guamá
150746,SÃO JOÃO DA PONTA,303.0,265.0,853,225,588,746,390,369,321,286,273,218,384,5221,2025,Guamá
150746,SÃO JOÃO DA PONTA,296.0,290.0,860,239,582,763,387,359,320,284,256,210,346,5192,2024,Guamá
150746,SÃO JOÃO DA PONTA,307.0,308.0,970,208,673,826,433,372,322,293,270,203,335,5520,2023,Guamá
150746,SÃO JOÃO DA PONTA,322.0,313.0,976,219,708,844,436,355,311,279,250,175,284,5472,2022,Guamá
150746,SÃO JOÃO DA PONTA,337.0,302.0,994,227,697,840,380,308,286,250,205,155,239,5220,2021,Guamá
150746,SÃO JOÃO DA PONTA,328.0,296.0,975,236,693,819,363,295,232,244,178,139,199,4997,2020,Guamá
150746,SÃO JOÃO DA PONTA,358.0,312.0,983,250,719,795,360,293,236,230,175,137,186,5034,2019,Guamá
150746,SÃO JOÃO DA PONTA,427.0,361.0,992,228,646,767,315,266,221,213,147,135,152,4870,2018,Guamá
150746,SÃO JOÃO DA PONTA,281.0,276.0,997,203,628,725,290,249,214,194,140,133,111,4441,2017,Guamá
150746,SÃO JOÃO DA PONTA,289.0,284.0,991,206,630,715,278,235,217,188,141,127,93,4394,2016,Guamá
150746,SÃO JOÃO DA PONTA,307.0,301.0,1008,204,651,749,278,218,234,176,153,123,118,4520,2015,Guamá
150746,SÃO JOÃO DA PONTA,,,1036,203,716,744,292,241,230,182,159,130,124,4057,2014,Guamá
150747,SÃO JOÃO DE PIRABAS,1007.0,927.0,3113,766,2193,2507,1200,1083,908,814,651,515,951,16635,2022,Rio Caeté
150747,SÃO JOÃO DE PIRABAS,888.0,936.0,3147,803,2143,2388,1095,973,794,703,557,426,833,15686,2021,Rio Caeté
150747,SÃO JOÃO DE PIRABAS,869.0,956.0,3212,783,2173,2367,1076,919,750,640,532,351,733,15361,2020,Rio Caeté
150747,SÃO JOÃO DE PIRABAS,1000.0,991.0,3306,772,2198,2454,1054,884,744,587,528,349,708,15575,2019,Rio Caeté
150747,SÃO JOÃO DE PIRABAS,1019.0,1042.0,3486,763,2302,2507,1027,837,721,568,512,323,553,15660,2018,Rio Caeté
150747,SÃO JOÃO DE PIRABAS,1083.0,1091.0,3711,782,2406,2614,1077,829,741,581,515,362,580,16372,2017,Rio Caeté
150747,SÃO JOÃO DE PIRABAS,938.0,1104.0,3715,782,2428,2567,1038,820,697,566,503,373,540,16071,2016,Rio Caeté
150747,SÃO JOÃO DE PIRABAS,1119.0,1149.0,3806,821,2536,2657,1053,839,681,606,498,375,580,16720,2015,Rio Caeté
150747,SÃO JOÃO DE PIRABAS,,,3854,854,2522,2614,1034,857,656,628,485,354,589,14447,2014,Rio Caeté
150747,SÃO JOÃO DE PIRABAS,,,3982,936,2500,2503,954,798,606,586,461,291,488,14105,2013,Rio Caeté
150747,SÃO JOÃO DE PIRABAS,,,4117,945,2370,2430,897,735,575,541,431,241,381,13663,2012,Rio Caeté
150747,SÃO JOÃO DE PIRABAS,1010.0,957.0,2902,684,1945,2266,1200,1155,1036,931,827,665,1126,16704,2025,Rio Caeté
150747,SÃO JOÃO DE PIRABAS,1088.0,944.0,2940,720,2050,2374,1210,1127,1014,898,740,648,1055,16808,2024,Rio Caeté
150747,SÃO JOÃO DE PIRABAS,1124.0,959.0,3040,721,2154,2501,1230,1111,1000,876,729,608,991,17044,2023,Rio Caeté
150750,SÃO JOÃO DO ARAGUAIA,843.0,784.0,2522,567,1730,1470,553,414,380,362,304,234,393,10556,2015,Carajás
150750,SÃO JOÃO DO ARAGUAIA,833.0,768.0,2275,557,1493,1546,767,725,652,532,527,509,1092,12276,2025,Carajás
150750,SÃO JOÃO DO ARAGUAIA,,,2356,543,1474,1164,461,371,327,265,243,151,249,7604,2012,Carajás
150750,SÃO JOÃO DO ARAGUAIA,,,2417,580,1494,1265,483,370,358,287,279,177,329,8039,2013,Carajás
150750,SÃO JOÃO DO ARAGUAIA,908.0,828.0,2546,552,1797,1549,576,426,377,378,327,251,401,10916,2016,Carajás
150750,SÃO JOÃO DO ARAGUAIA,978.0,841.0,2658,554,1758,1608,639,455,405,368,328,281,408,11281,2017,Carajás
150750,SÃO JOÃO DO ARAGUAIA,1021.0,831.0,2585,541,1712,1590,649,480,434,393,364,302,460,11362,2018,Carajás
150750,SÃO JOÃO DO ARAGUAIA,945.0,849.0,2585,537,1671,1617,677,551,453,378,430,317,578,11588,2019,Carajás
150750,SÃO JOÃO DO ARAGUAIA,750.0,857.0,2535,522,1655,1629,669,567,446,395,400,343,600,11368,2020,Carajás
150750,SÃO JOÃO DO ARAGUAIA,731.0,829.0,2522,557,1662,1669,738,608,492,429,462,389,718,11806,2021,Carajás
150750,SÃO JOÃO DO ARAGUAIA,778.0,824.0,2455,600,1627,1781,768,705,565,522,516,455,891,12487,2022,Carajás
150750,SÃO JOÃO DO ARAGUAIA,902.0,785.0,2445,598,1616,1766,789,752,568,555,525,492,988,12781,2023,Carajás
150750,SÃO JOÃO DO ARAGUAIA,887.0,791.0,2314,575,1468,1646,778,721,617,516,474,491,1021,12299,2024,Carajás
150750,SÃO JOÃO DO ARAGUAIA,,,2505,615,1726,1418,562,410,362,375,297,224,411,8905,2014,Carajás
150760,SÃO MIGUEL DO GUAMÁ,,,9997,2136,5271,5269,2156,1784,1425,1002,723,532,1071,31366,2013,Guamá
150760,SÃO MIGUEL DO GUAMÁ,,,10062,2125,5215,4781,1924,1612,1264,865,620,449,911,29828,2012,Guamá
150760,SÃO MIGUEL DO GUAMÁ,,,9728,2149,5620,5517,2315,1875,1558,1137,784,632,1262,32577,2014,Guamá
150760,SÃO MIGUEL DO GUAMÁ,2498.0,2690.0,9121,2079,5250,5243,2208,1834,1496,1064,797,584,1003,35867,2015,Guamá
150760,SÃO MIGUEL DO GUAMÁ,2643.0,2632.0,8937,1987,5244,5063,2208,1767,1430,1079,812,555,989,35346,2016,Guamá
150760,SÃO MIGUEL DO GUAMÁ,2812.0,2502.0,8793,1938,5460,5050,2218,1805,1466,1119,848,555,1080,35646,2017,Guamá
150760,SÃO MIGUEL DO GUAMÁ,2764.0,2468.0,8418,1833,5397,4856,2234,1741,1451,1122,824,551,1001,34660,2018,Guamá
150760,SÃO MIGUEL DO GUAMÁ,2748.0,2495.0,8137,1909,5589,4940,2310,1901,1539,1241,900,624,1250,35583,2019,Guamá
150760,SÃO MIGUEL DO GUAMÁ,2085.0,2477.0,7830,1846,5578,4896,2296,1861,1563,1258,895,655,1269,34509,2020,Guamá
150760,SÃO MIGUEL DO GUAMÁ,1998.0,2419.0,7759,1804,5618,5088,2332,1994,1625,1327,1033,759,1430,35186,2021,Guamá
150760,SÃO MIGUEL DO GUAMÁ,2440.0,2441.0,7780,1864,5377,5291,2490,2277,1863,1548,1319,930,1729,37349,2022,Guamá
150760,SÃO MIGUEL DO GUAMÁ,2736.0,2493.0,7724,1816,5409,5409,2470,2408,1936,1660,1417,992,1810,38280,2023,Guamá
150760,SÃO MIGUEL DO GUAMÁ,2585.0,2486.0,7549,1840,5363,5272,2426,2376,1950,1617,1386,922,1759,37531,2024,Guamá
150760,SÃO MIGUEL DO GUAMÁ,2337.0,2427.0,7380,1804,5466,5327,2373,2479,2004,1738,1434,980,1793,37542,2025,Guamá
150770,SÃO SEBASTIÃO DA BOA VISTA,,,5259,1059,3456,3603,1312,1051,784,651,453,269,359,18256,2014,Marajó
150770,SÃO SEBASTIÃO DA BOA VISTA,,,5122,1071,3105,3438,1232,991,740,568,426,247,326,17266,2013,Marajó
150770,SÃO SEBASTIÃO DA BOA VISTA,1890.0,1805.0,5070,1191,3859,4791,1981,1713,1268,1083,781,510,806,26748,2025,Marajó
150770,SÃO SEBASTIÃO DA BOA VISTA,2026.0,1759.0,5300,1011,3658,3754,1338,1079,807,609,412,261,268,22282,2016,Marajó
150770,SÃO SEBASTIÃO DA BOA VISTA,2070.0,1746.0,5290,1034,3695,3870,1381,1089,851,588,407,229,288,22538,2017,Marajó
150770,SÃO SEBASTIÃO DA BOA VISTA,2050.0,1739.0,5269,1114,3702,3885,1429,1097,823,601,409,208,267,22593,2018,Marajó
150770,SÃO SEBASTIÃO DA BOA VISTA,2021.0,1767.0,5253,1108,3714,3979,1486,1145,871,590,449,181,339,22903,2019,Marajó
150770,SÃO SEBASTIÃO DA BOA VISTA,1827.0,1811.0,5246,1097,3703,4045,1561,1154,906,658,434,180,372,22994,2020,Marajó
150770,SÃO SEBASTIÃO DA BOA VISTA,1850.0,1792.0,5202,1116,3740,4318,1638,1230,995,708,483,289,504,23865,2021,Marajó
150770,SÃO SEBASTIÃO DA BOA VISTA,2060.0,1753.0,5279,1182,3915,4732,1833,1410,1119,884,578,370,678,25793,2022,Marajó
150770,SÃO SEBASTIÃO DA BOA VISTA,2163.0,1728.0,5279,1204,3992,4890,1878,1527,1179,928,640,421,761,26590,2023,Marajó
150770,SÃO SEBASTIÃO DA BOA VISTA,2068.0,1796.0,5159,1220,3933,4837,1852,1594,1218,957,663,472,787,26556,2024,Marajó
150770,SÃO SEBASTIÃO DA BOA VISTA,,,5014,999,2808,3160,1159,945,664,503,374,200,269,16095,2012,Marajó
150770,SÃO SEBASTIÃO DA BOA VISTA,1941.0,1784.0,5204,1030,3482,3704,1284,1046,822,620,433,277,334,21961,2015,Marajó
150775,SAPUCAIA,,,888,169,442,467,204,197,146,115,96,74,129,2927,2012,Araguaia
150775,SAPUCAIA,,,921,186,460,510,209,211,164,138,100,94,147,3140,2013,Araguaia
150775,SAPUCAIA,,,896,231,492,515,223,222,178,140,115,115,188,3315,2014,Araguaia
150775,SAPUCAIA,325.0,274.0,824,177,427,482,227,202,157,145,142,118,284,3784,2025,Araguaia
150775,SAPUCAIA,349.0,310.0,822,185,436,496,221,196,152,154,140,131,285,3877,2024,Araguaia
150775,SAPUCAIA,303.0,289.0,760,154,424,457,199,182,141,144,122,122,294,3591,2023,Araguaia
150775,SAPUCAIA,275.0,276.0,745,152,431,440,183,172,138,130,132,107,278,3459,2022,Araguaia
150775,SAPUCAIA,235.0,237.0,672,128,400,370,154,131,120,107,101,80,237,2972,2021,Araguaia
150775,SAPUCAIA,186.0,195.0,591,118,338,332,142,125,96,85,86,65,201,2560,2020,Araguaia
150775,SAPUCAIA,217.0,204.0,596,138,314,337,154,128,92,97,90,72,181,2620,2019,Araguaia
150775,SAPUCAIA,224.0,205.0,591,128,316,349,148,127,103,96,77,64,161,2589,2018,Araguaia
150775,SAPUCAIA,219.0,204.0,658,146,362,382,169,132,124,121,84,78,183,2862,2017,Araguaia
150775,SAPUCAIA,243.0,225.0,711,164,412,424,172,149,121,130,87,98,184,3120,2016,Araguaia
150775,SAPUCAIA,229.0,227.0,791,213,445,489,192,186,160,137,106,113,181,3469,2015,Araguaia
150780,SENADOR JOSÉ PORFÍRIO,1357.0,1247.0,3665,850,2416,2409,1042,1003,857,634,513,412,685,17090,2023,Xingu
150780,SENADOR JOSÉ PORFÍRIO,1367.0,1243.0,3703,853,2446,2470,1023,988,872,633,488,386,644,17116,2024,Xingu
150780,SENADOR JOSÉ PORFÍRIO,1157.0,1193.0,3545,802,2308,2320,981,914,766,601,486,374,616,16063,2022,Xingu
150780,SENADOR JOSÉ PORFÍRIO,918.0,1126.0,3277,710,2102,1958,863,781,596,494,427,294,482,14028,2021,Xingu
150780,SENADOR JOSÉ PORFÍRIO,1005.0,1082.0,3227,660,2070,1816,828,750,538,484,374,258,420,13512,2020,Xingu
150780,SENADOR JOSÉ PORFÍRIO,1204.0,1111.0,3273,680,2009,1853,824,728,526,458,406,251,420,13743,2019,Xingu
150780,SENADOR JOSÉ PORFÍRIO,1205.0,1084.0,3296,709,2018,1788,813,703,511,451,368,245,317,13508,2018,Xingu
150780,SENADOR JOSÉ PORFÍRIO,1043.0,989.0,3181,694,1787,1584,729,622,468,394,316,196,234,12237,2017,Xingu
150780,SENADOR JOSÉ PORFÍRIO,985.0,961.0,3076,658,1577,1495,729,539,440,370,298,192,214,11534,2016,Xingu
150780,SENADOR JOSÉ PORFÍRIO,858.0,910.0,2930,601,1336,1430,651,493,387,330,256,168,203,10553,2015,Xingu
150780,SENADOR JOSÉ PORFÍRIO,,,3015,653,1343,1477,668,493,402,344,259,167,206,9027,2014,Xingu
150780,SENADOR JOSÉ PORFÍRIO,,,2962,667,1196,1408,606,431,360,306,220,152,188,8496,2013,Xingu
150780,SENADOR JOSÉ PORFÍRIO,,,2989,602,1118,1370,582,429,350,280,193,147,169,8229,2012,Xingu
150780,SENADOR JOSÉ PORFÍRIO,1399.0,1246.0,3865,849,2567,2669,1121,1130,1018,777,605,467,759,18472,2025,Xingu
150790,SOURE,,,3863,937,2326,2037,816,644,520,399,304,245,517,12608,2012,Marajó
150790,SOURE,,,3962,899,2664,2246,894,697,594,446,359,272,593,13626,2013,Marajó
150790,SOURE,,,4073,888,2990,2462,962,761,648,476,390,298,703,14651,2014,Marajó
150790,SOURE,1144.0,1229.0,3912,857,2823,2337,957,736,625,420,329,268,509,16146,2015,Marajó
150790,SOURE,1062.0,1273.0,3851,857,2776,2386,972,778,595,426,325,259,480,16040,2016,Marajó
150790,SOURE,1185.0,1266.0,3777,813,2666,2419,971,750,564,442,324,233,601,16011,2017,Marajó
150790,SOURE,1371.0,1224.0,3756,844,2587,2384,956,711,494,438,298,239,592,15894,2018,Marajó
150790,SOURE,1486.0,1246.0,3761,821,2614,2402,980,720,514,436,309,237,678,16204,2019,Marajó
150790,SOURE,1235.0,1315.0,3675,797,2628,2454,966,750,564,453,310,231,684,16062,2020,Marajó
150790,SOURE,1313.0,1352.0,3740,790,2759,2650,994,829,648,488,386,295,799,17043,2021,Marajó
150790,SOURE,1309.0,1310.0,3797,822,2739,2860,1096,958,736,589,492,353,935,17996,2022,Marajó
150790,SOURE,1479.0,1246.0,3779,878,2731,2999,1161,1037,823,647,543,397,913,18633,2023,Marajó
150790,SOURE,1445.0,1178.0,3839,915,2717,2953,1195,1095,874,716,584,419,933,18863,2024,Marajó
150790,SOURE,1386.0,1223.0,3760,856,2826,3127,1259,1241,1005,863,678,475,1035,19734,2025,Marajó
150795,TAILÂNDIA,4736.0,3926.0,11863,2867,7623,7429,3524,3170,2629,2109,1718,1396,2980,55970,2023,Tocantins
150795,TAILÂNDIA,4295.0,4012.0,11414,2775,8143,7531,3489,3232,2702,2137,1778,1464,2843,55815,2025,Tocantins
150795,TAILÂNDIA,4590.0,3972.0,11625,2894,7778,7358,3478,3071,2672,2090,1656,1423,2835,55442,2024,Tocantins
150795,TAILÂNDIA,,,12252,2381,5475,5661,2201,1622,1249,945,707,594,1212,34299,2012,Tocantins
150795,TAILÂNDIA,,,13115,2661,6309,6359,2479,1818,1377,1056,816,666,1415,38071,2013,Tocantins
150795,TAILÂNDIA,,,13480,2698,7023,6860,2743,2018,1473,1254,887,783,1619,40838,2014,Tocantins
150795,TAILÂNDIA,3848.0,4174.0,13431,2561,6634,6933,2766,1969,1509,1169,902,788,1370,48054,2015,Tocantins
150795,TAILÂNDIA,3815.0,4035.0,13180,2549,6600,6893,2924,2152,1530,1253,914,839,1347,48031,2016,Tocantins
150795,TAILÂNDIA,3688.0,3875.0,12447,2482,6312,6658,2861,2151,1559,1267,903,795,1328,46326,2017,Tocantins
150795,TAILÂNDIA,3590.0,3554.0,11591,2358,5680,6078,2683,2037,1533,1173,915,797,1404,43393,2018,Tocantins
150795,TAILÂNDIA,3383.0,3470.0,11190,2323,5554,5840,2623,2166,1586,1223,1074,907,1952,43291,2019,Tocantins
150795,TAILÂNDIA,2762.0,3353.0,10969,2304,5707,5768,2692,2161,1621,1376,1072,917,2116,42818,2020,Tocantins
150795,TAILÂNDIA,3049.0,3457.0,11051,2399,6060,5999,2839,2350,1868,1456,1250,1035,2425,45238,2021,Tocantins
150795,TAILÂNDIA,4094.0,3672.0,11682,2713,7164,7025,3316,2981,2365,1940,1584,1249,2822,52607,2022,Tocantins
150796,TERRA ALTA,601.0,571.0,1611,421,1118,1333,633,621,593,538,491,384,663,9578,2025,Guamá
150796,TERRA ALTA,683.0,559.0,1727,416,1199,1431,669,588,582,520,451,360,692,9877,2024,Guamá
150796,TERRA ALTA,710.0,580.0,1783,403,1335,1649,704,646,624,522,459,383,739,10537,2023,Guamá
150796,TERRA ALTA,677.0,589.0,1856,393,1384,1635,677,656,580,516,438,326,733,10460,2022,Guamá
150796,TERRA ALTA,657.0,660.0,1825,418,1310,1449,612,561,477,407,383,266,573,9598,2021,Guamá
150796,TERRA ALTA,673.0,648.0,1819,412,1355,1376,627,522,452,394,344,236,476,9334,2020,Guamá
150796,TERRA ALTA,770.0,629.0,1871,418,1368,1408,588,522,445,386,311,219,464,9399,2019,Guamá
150796,TERRA ALTA,793.0,608.0,1932,447,1371,1345,562,497,425,347,273,200,394,9194,2018,Guamá
150796,TERRA ALTA,771.0,593.0,2000,481,1409,1317,564,495,420,332,265,188,390,9225,2017,Guamá
150796,TERRA ALTA,708.0,601.0,2047,465,1387,1264,527,465,386,321,258,178,346,8953,2016,Guamá
150796,TERRA ALTA,673.0,626.0,2070,481,1432,1219,526,448,377,313,224,163,328,8880,2015,Guamá
150796,TERRA ALTA,,,2167,550,1468,1229,526,452,376,291,196,171,277,7703,2014,Guamá
150796,TERRA ALTA,,,2283,508,1365,1007,441,392,283,211,142,109,131,6872,2012,Guamá
150796,TERRA ALTA,,,2208,559,1431,1145,493,442,322,245,172,138,194,7349,2013,Guamá
150797,TERRA SANTA,1049.0,1021.0,2898,628,1809,2157,1056,976,840,661,530,465,1058,15148,2025,Baixo Amazonas
150797,TERRA SANTA,1114.0,1015.0,2834,635,1811,2221,1040,975,789,639,483,478,1010,15044,2024,Baixo Amazonas
150797,TERRA SANTA,962.0,909.0,2499,584,1702,1939,858,715,526,390,323,289,559,12255,2020,Baixo Amazonas
150797,TERRA SANTA,1008.0,884.0,2578,617,1847,1962,882,692,538,366,345,298,553,12570,2019,Baixo Amazonas
150797,TERRA SANTA,969.0,846.0,2606,626,1806,1931,827,662,497,357,329,283,494,12233,2018,Baixo Amazonas
150797,TERRA SANTA,1012.0,858.0,2745,646,1968,1937,843,643,492,377,318,319,489,12647,2017,Baixo Amazonas
150797,TERRA SANTA,987.0,846.0,2907,685,1943,1945,782,638,469,395,304,292,374,12567,2016,Baixo Amazonas
150797,TERRA SANTA,931.0,856.0,2963,678,1943,1866,759,591,454,379,312,272,453,12457,2015,Baixo Amazonas
150797,TERRA SANTA,,,3199,746,2011,1915,756,614,452,388,326,257,482,11146,2014,Baixo Amazonas
150797,TERRA SANTA,1156.0,990.0,2796,580,1880,2267,1049,927,766,604,474,450,912,14851,2023,Baixo Amazonas
150797,TERRA SANTA,1062.0,976.0,2762,594,1810,2273,1018,906,709,536,449,427,817,14339,2022,Baixo Amazonas
150797,TERRA SANTA,997.0,916.0,2612,607,1669,2055,944,750,583,423,391,327,674,12948,2021,Baixo Amazonas
150797,TERRA SANTA,,,3268,821,2027,1782,674,550,411,337,286,219,395,10770,2013,Baixo Amazonas
150797,TERRA SANTA,,,3339,757,1914,1716,627,546,382,342,288,196,342,10449,2012,Baixo Amazonas
150800,TOMÉ-AÇU,4206.0,3894.0,11198,2600,6853,7290,3325,2948,2580,2009,1741,1191,2497,52332,2025,Rio Capim
150800,TOMÉ-AÇU,,,11745,2584,6755,6166,2225,1885,1479,1113,862,715,1786,37315,2012,Rio Capim
150800,TOMÉ-AÇU,,,11987,2589,6956,6563,2451,1997,1603,1228,947,804,1948,39073,2013,Rio Capim
150800,TOMÉ-AÇU,,,12197,2515,7314,6858,2603,2048,1695,1275,1028,858,2143,40534,2014,Rio Capim
150800,TOMÉ-AÇU,3457.0,4070.0,12020,2495,6770,6340,2510,1884,1597,1127,877,732,1537,45416,2015,Rio Capim
150800,TOMÉ-AÇU,3705.0,3866.0,11990,2490,6349,5953,2476,1900,1463,1103,775,683,1298,44051,2016,Rio Capim
150800,TOMÉ-AÇU,3730.0,3772.0,11539,2307,6275,5835,2413,1796,1417,1079,737,626,1300,42826,2017,Rio Capim
150800,TOMÉ-AÇU,3942.0,3628.0,11169,2144,5851,5600,2289,1770,1357,998,753,546,1130,41177,2018,Rio Capim
150800,TOMÉ-AÇU,4029.0,3671.0,10837,2120,5868,5809,2401,1956,1460,1135,854,643,1550,42333,2019,Rio Capim
150800,TOMÉ-AÇU,3165.0,3572.0,10619,2121,5774,5716,2401,1996,1481,1212,867,634,1622,41180,2020,Rio Capim
150800,TOMÉ-AÇU,2752.0,3581.0,10789,2207,5873,6085,2549,2204,1670,1340,1023,698,1893,42664,2021,Rio Capim
150800,TOMÉ-AÇU,3742.0,3756.0,11404,2333,6163,6909,3071,2702,2158,1790,1425,921,2219,48593,2022,Rio Capim
150800,TOMÉ-AÇU,4374.0,3906.0,11471,2476,6549,7291,3241,2903,2388,1947,1578,1141,2481,51746,2023,Rio Capim
150800,TOMÉ-AÇU,4449.0,3919.0,11372,2607,6631,7210,3306,2834,2432,1923,1560,1139,2520,51902,2024,Rio Capim
150803,TRACUATEUA,1567.0,1345.0,4416,1050,3183,3722,1852,1846,1630,1369,1112,791,1115,24998,2025,Rio Caeté
150803,TRACUATEUA,1675.0,1362.0,4607,1144,3351,3763,1934,1805,1601,1279,1075,751,1067,25414,2024,Rio Caeté
150803,TRACUATEUA,1638.0,1511.0,4676,1184,3341,3925,1935,1754,1541,1234,1034,693,938,25404,2023,Rio Caeté
150803,TRACUATEUA,1540.0,1514.0,4827,1224,3362,3968,1919,1694,1439,1152,969,600,823,25031,2022,Rio Caeté
150803,TRACUATEUA,1470.0,1531.0,5008,1161,3372,3690,1721,1460,1196,938,714,490,638,23389,2021,Rio Caeté
150803,TRACUATEUA,1494.0,1448.0,5080,1099,3323,3628,1613,1382,1049,849,616,412,500,22493,2020,Rio Caeté
150803,TRACUATEUA,1703.0,1558.0,5187,1105,3464,3670,1563,1359,996,830,603,380,505,22923,2019,Rio Caeté
150803,TRACUATEUA,1866.0,1602.0,5272,1190,3476,3557,1505,1291,902,727,507,343,438,22676,2018,Rio Caeté
150803,TRACUATEUA,1696.0,1660.0,5441,1280,3565,3553,1535,1283,943,814,571,417,566,23324,2017,Rio Caeté
150803,TRACUATEUA,1697.0,1702.0,5622,1314,3569,3687,1530,1251,962,808,638,443,570,23793,2016,Rio Caeté
150803,TRACUATEUA,1636.0,1703.0,5788,1246,3459,3619,1515,1199,987,786,637,447,578,23600,2015,Rio Caeté
150803,TRACUATEUA,,,5995,1232,3632,3968,1578,1235,1051,854,706,530,874,21655,2014,Rio Caeté
150803,TRACUATEUA,,,6004,1250,3391,3834,1505,1188,1008,780,677,493,777,20907,2013,Rio Caeté
150803,TRACUATEUA,,,5966,1259,3236,3738,1418,1104,952,720,599,424,646,20062,2012,Rio Caeté
150805,TRAIRÃO,,,2554,530,1218,1364,503,414,331,267,235,178,215,7809,2012,Tapajós
150805,TRAIRÃO,,,2555,540,1337,1406,544,417,338,287,264,186,264,8138,2013,Tapajós
150805,TRAIRÃO,,,2507,563,1423,1527,588,443,365,310,282,227,310,8545,2014,Tapajós
150805,TRAIRÃO,590.0,646.0,2365,545,1338,1420,602,420,357,291,253,213,276,9316,2015,Tapajós
150805,TRAIRÃO,583.0,655.0,2345,532,1390,1427,669,433,366,302,232,228,283,9445,2016,Tapajós
150805,TRAIRÃO,776.0,668.0,2306,517,1421,1470,688,461,370,308,240,259,370,9854,2017,Tapajós
150805,TRAIRÃO,862.0,720.0,2368,520,1482,1574,721,497,373,314,292,309,486,10518,2018,Tapajós
150805,TRAIRÃO,889.0,734.0,2273,494,1634,1570,759,530,385,347,292,342,578,10827,2019,Tapajós
150805,TRAIRÃO,746.0,746.0,2167,533,1568,1564,745,544,374,353,276,310,577,10503,2020,Tapajós
150805,TRAIRÃO,737.0,753.0,2198,536,1660,1662,750,633,415,375,325,320,662,11026,2021,Tapajós
150805,TRAIRÃO,828.0,860.0,2237,514,1743,1823,821,762,517,437,381,355,791,12069,2022,Tapajós
150805,TRAIRÃO,957.0,866.0,2324,486,1712,1953,858,825,573,466,409,391,851,12671,2023,Tapajós
150805,TRAIRÃO,958.0,856.0,2261,523,1600,1942,830,846,591,486,434,411,918,12656,2024,Tapajós
150805,TRAIRÃO,969.0,842.0,2335,525,1546,1978,862,807,678,519,470,440,978,12949,2025,Tapajós
150808,TUCUMÃ,,,4499,992,2731,3005,1219,984,801,569,394,329,912,16435,2012,Araguaia
150808,TUCUMÃ,,,4606,1024,2849,3184,1288,1040,864,633,435,358,1010,17291,2013,Araguaia
150808,TUCUMÃ,,,4642,974,2986,3252,1386,1111,877,704,488,439,1095,17954,2014,Araguaia
150808,TUCUMÃ,1348.0,1483.0,4423,898,2381,3035,1390,994,750,613,486,416,926,19143,2015,Araguaia
150808,TUCUMÃ,1329.0,1413.0,4247,814,2158,2743,1325,923,692,562,454,394,906,17960,2016,Araguaia
150808,TUCUMÃ,1336.0,1377.0,4017,800,2192,2612,1296,955,690,630,505,478,1142,18030,2017,Araguaia
150808,TUCUMÃ,1286.0,1190.0,3644,713,1928,2378,1153,904,665,625,555,523,1270,16834,2018,Araguaia
150808,TUCUMÃ,1259.0,1222.0,3582,715,2081,2470,1181,934,727,619,606,586,1470,17452,2019,Araguaia
150808,TUCUMÃ,1023.0,1117.0,3355,701,1979,2248,1129,873,703,619,584,561,1497,16389,2020,Araguaia
150808,TUCUMÃ,1243.0,1279.0,3665,754,2172,2674,1319,1068,849,728,708,693,1724,18876,2021,Araguaia
150808,TUCUMÃ,1525.0,1413.0,4080,761,2467,3100,1503,1387,1039,861,858,826,1954,21774,2022,Araguaia
150808,TUCUMÃ,1715.0,1472.0,4153,825,2472,3229,1531,1454,1125,937,894,875,2067,22749,2023,Araguaia
150808,TUCUMÃ,1709.0,1534.0,4294,904,2485,3364,1658,1559,1250,1033,929,930,2112,23761,2024,Araguaia
150808,TUCUMÃ,1523.0,1569.0,4416,911,2520,3317,1712,1644,1368,1109,1007,983,2188,24267,2025,Araguaia
150810,TUCURUÍ,3649.0,3568.0,11019,2610,7365,7393,3447,3393,2897,2283,1906,1952,5227,56709,2025,Lago Tucuruí
150810,TUCURUÍ,,,16140,3255,7492,7512,3145,2497,1941,1471,1171,1288,3110,49022,2012,Lago Tucuruí
150810,TUCURUÍ,3884.0,3639.0,11377,2692,7435,7593,3532,3266,2758,2149,1781,1941,5585,57632,2024,Lago Tucuruí
150810,TUCURUÍ,4159.0,3824.0,11987,2817,8188,8246,3735,3493,2791,2238,1932,2150,5911,61471,2023,Lago Tucuruí
150810,TUCURUÍ,3631.0,3914.0,12118,2892,8165,7990,3601,3360,2611,2112,1880,2056,5825,60155,2022,Lago Tucuruí
150810,TUCURUÍ,3294.0,3978.0,11954,2822,7976,7281,3365,2847,2242,1765,1550,1800,5092,55966,2021,Lago Tucuruí
150810,TUCURUÍ,3441.0,4061.0,12085,2741,7852,6971,3203,2661,1993,1597,1349,1667,4400,54021,2020,Lago Tucuruí
150810,TUCURUÍ,4316.0,4152.0,12541,2782,7798,7057,3223,2637,1932,1595,1363,1745,4357,55498,2019,Lago Tucuruí
150810,TUCURUÍ,4580.0,4129.0,13401,2745,7988,7098,3193,2479,1868,1536,1253,1668,3677,55615,2018,Lago Tucuruí
150810,TUCURUÍ,4493.0,4214.0,14172,2829,8338,7248,3207,2493,1851,1495,1168,1631,3487,56626,2017,Lago Tucuruí
150810,TUCURUÍ,4102.0,4267.0,14897,3154,8079,7249,3164,2533,1846,1506,1170,1636,3027,56630,2016,Lago Tucuruí
150810,TUCURUÍ,3957.0,4477.0,15640,3450,8188,7752,3260,2582,2010,1595,1285,1627,3202,59025,2015,Lago Tucuruí
150810,TUCURUÍ,,,16466,3423,8652,8322,3399,2762,2165,1693,1354,1628,3978,53842,2014,Lago Tucuruí
150810,TUCURUÍ,,,16555,3323,8161,8185,3244,2650,2072,1564,1274,1476,3516,52020,2013,Lago Tucuruí
150812,ULIANÓPOLIS,1349.0,1232.0,3457,768,2275,2342,1137,1257,1069,920,787,651,1116,18360,2025,Rio Capim
150812,ULIANÓPOLIS,1393.0,1277.0,3428,907,2366,2403,1187,1259,1051,931,765,643,1077,18687,2024,Rio Capim
150812,ULIANÓPOLIS,1416.0,1245.0,3558,994,2549,2527,1299,1251,1090,924,836,639,1127,19455,2023,Rio Capim
150812,ULIANÓPOLIS,1285.0,1221.0,3478,960,2482,2419,1251,1173,1013,890,790,622,1067,18651,2022,Rio Capim
150812,ULIANÓPOLIS,1080.0,1114.0,3330,844,2166,1994,1032,962,793,733,605,504,905,16062,2021,Rio Capim
150812,ULIANÓPOLIS,1002.0,1059.0,3244,739,2044,1870,954,841,736,652,521,460,791,14913,2020,Rio Capim
150812,ULIANÓPOLIS,1196.0,1042.0,3444,779,2027,1967,989,884,745,622,538,453,772,15458,2019,Rio Capim
150812,ULIANÓPOLIS,1202.0,980.0,3631,805,1906,1983,1030,869,670,604,499,413,640,15232,2018,Rio Capim
150812,ULIANÓPOLIS,1182.0,1031.0,3948,832,1982,2132,1062,859,681,615,485,396,608,15813,2017,Rio Capim
150812,ULIANÓPOLIS,1133.0,1088.0,4259,907,2076,2234,1114,852,696,569,476,376,549,16329,2016,Rio Capim
150812,ULIANÓPOLIS,1098.0,1170.0,4417,922,2101,2331,1065,819,685,565,473,342,525,16513,2015,Rio Capim
150812,ULIANÓPOLIS,,,4582,938,2122,2416,1044,851,671,586,447,295,562,14514,2014,Rio Capim
150812,ULIANÓPOLIS,,,4532,925,2036,2347,994,771,648,497,382,260,489,13881,2013,Rio Capim
150812,ULIANÓPOLIS,,,4466,852,1928,2236,879,707,544,361,259,177,381,12790,2012,Rio Capim
150815,URUARÁ,,,7105,1577,4101,3837,1648,1275,1003,770,565,527,1127,23535,2013,Xingu
150815,URUARÁ,,,7176,1547,4405,4298,1828,1370,1085,873,624,561,1316,25083,2014,Xingu
150815,URUARÁ,2196.0,2086.0,7055,1423,3717,4069,1847,1346,1037,784,558,556,966,27640,2015,Xingu
150815,URUARÁ,2201.0,2150.0,6879,1420,3704,4055,1898,1388,1015,790,562,512,970,27544,2016,Xingu
150815,URUARÁ,2275.0,2142.0,6531,1341,3600,4023,1891,1452,1062,809,595,527,1134,27382,2017,Xingu
150815,URUARÁ,2391.0,2131.0,6345,1256,3523,4037,1933,1519,1092,850,576,574,1201,27428,2018,Xingu
150815,URUARÁ,2404.0,2115.0,6319,1219,3599,4138,1989,1602,1121,912,695,637,1497,28247,2019,Xingu
150815,URUARÁ,2116.0,2028.0,6249,1219,3508,4113,1958,1646,1171,969,680,631,1559,27847,2020,Xingu
150815,URUARÁ,2083.0,2081.0,6381,1280,3646,4226,2021,1782,1271,1041,785,693,1764,29054,2021,Xingu
150815,URUARÁ,2333.0,2190.0,6584,1378,3666,4455,2155,1949,1431,1176,971,769,1974,31031,2022,Xingu
150815,URUARÁ,2605.0,2257.0,6540,1464,3705,4557,2194,2082,1531,1192,1041,796,2000,31964,2023,Xingu
150815,URUARÁ,2542.0,2184.0,6466,1482,3644,4496,2166,2110,1603,1146,1006,798,1816,31459,2024,Xingu
150815,URUARÁ,2487.0,2224.0,6497,1444,3795,4608,2184,2138,1713,1229,1054,894,1862,32129,2025,Xingu
150815,URUARÁ,,,6908,1535,3788,3405,1527,1229,924,713,467,480,974,21950,2012,Xingu
150820,VIGIA,,,8061,1667,4879,4653,1935,1564,1146,949,759,626,1167,27406,2014,Guamá
150820,VIGIA,,,8033,1769,4478,4305,1725,1313,971,785,597,472,862,25310,2012,Guamá
150820,VIGIA,,,8092,1714,4750,4461,1817,1423,1057,847,643,508,956,26268,2013,Guamá
150820,VIGIA,2260.0,2003.0,6314,1497,4732,5521,2594,2563,2279,1953,1747,1324,2446,37233,2025,Guamá
150820,VIGIA,2384.0,2123.0,6394,1547,4834,5594,2563,2508,2163,1864,1523,1243,2310,37050,2024,Guamá
150820,VIGIA,2368.0,2186.0,6496,1580,5073,6263,2844,2709,2299,1920,1640,1300,2525,39203,2023,Guamá
150820,VIGIA,2140.0,2162.0,6543,1623,5161,6231,2799,2635,2161,1832,1552,1182,2432,38453,2022,Guamá
150820,VIGIA,2088.0,2114.0,6593,1554,4827,5154,2223,2019,1622,1322,1147,871,2064,33598,2021,Guamá
150820,VIGIA,1841.0,2072.0,6627,1545,4931,4937,2112,1857,1445,1236,951,738,1831,32123,2020,Guamá
150820,VIGIA,2405.0,2150.0,6934,1565,5075,4937,2167,1837,1454,1175,975,765,1809,33248,2019,Guamá
150820,VIGIA,2408.0,2163.0,7099,1605,4979,4787,2100,1745,1309,1082,920,693,1559,32449,2018,Guamá
150820,VIGIA,2333.0,2232.0,7390,1732,5154,4820,2156,1703,1306,1019,864,639,1011,32359,2017,Guamá
150820,VIGIA,2430.0,2275.0,7694,1739,5083,4880,2115,1684,1287,1016,844,651,970,32668,2016,Guamá
150820,VIGIA,2355.0,2338.0,7870,1709,4906,4719,2024,1601,1281,949,825,627,1180,32384,2015,Guamá
150830,VISEU,,,13105,2466,5739,6465,2406,1944,1617,1401,1016,631,574,37364,2012,Rio Caeté
150830,VISEU,,,13222,2544,6012,6899,2495,2101,1670,1443,1126,725,655,38892,2013,Rio Caeté
150830,VISEU,,,13340,2572,6557,7210,2668,2200,1749,1545,1167,835,781,40624,2014,Rio Caeté
150830,VISEU,3651.0,4293.0,13182,2547,6689,7175,2709,2170,1837,1448,1191,816,727,48435,2015,Rio Caeté
150830,VISEU,3782.0,4066.0,12972,2485,6539,7019,2730,2136,1724,1408,1108,722,550,47241,2016,Rio Caeté
150830,VISEU,3572.0,3773.0,12567,2416,6544,6908,2806,2083,1696,1313,1030,579,498,45785,2017,Rio Caeté
150830,VISEU,3519.0,3461.0,12075,2459,5948,6467,2814,1968,1583,1151,823,403,406,43077,2018,Rio Caeté
150830,VISEU,3278.0,3424.0,11660,2491,6063,6413,2860,2074,1593,1199,896,443,620,43014,2019,Rio Caeté
150830,VISEU,2822.0,3478.0,11305,2493,6313,6341,2944,2140,1615,1271,867,465,796,42850,2020,Rio Caeté
150830,VISEU,2863.0,3540.0,11147,2524,6350,6376,3010,2343,1712,1316,1031,564,946,43722,2021,Rio Caeté
150830,VISEU,2998.0,3337.0,11014,2553,6342,6999,3294,2687,2007,1582,1231,786,1173,46003,2022,Rio Caeté
150830,VISEU,3226.0,3265.0,10503,2495,6068,6759,3245,2796,2044,1712,1321,899,1304,45637,2023,Rio Caeté
150830,VISEU,3287.0,3121.0,10272,2482,6105,6671,3257,2874,2155,1768,1337,905,1342,45576,2024,Rio Caeté
150830,VISEU,3108.0,2993.0,9633,2377,6134,6641,3238,3017,2311,1867,1519,1015,1505,45358,2025,Rio Caeté
150835,VITÓRIA DO XINGU,,,1879,411,1143,1205,491,392,348,184,150,97,173,6473,2012,Xingu
150835,VITÓRIA DO XINGU,,,1843,410,1101,1158,506,409,328,211,147,106,189,6408,2013,Xingu
150835,VITÓRIA DO XINGU,,,1959,429,1099,1246,575,431,337,245,165,124,209,6819,2014,Xingu
150835,VITÓRIA DO XINGU,502.0,613.0,2014,403,873,1134,540,369,320,217,166,103,156,7410,2015,Xingu
150835,VITÓRIA DO XINGU,614.0,666.0,2035,387,900,1136,522,340,286,212,148,97,140,7483,2016,Xingu
150835,VITÓRIA DO XINGU,607.0,686.0,2056,387,989,1152,537,371,290,237,146,117,162,7737,2017,Xingu
150835,VITÓRIA DO XINGU,590.0,616.0,1968,362,910,1065,509,353,291,207,147,129,197,7344,2018,Xingu
150835,VITÓRIA DO XINGU,629.0,630.0,2047,383,940,1151,531,405,316,245,190,153,328,7948,2019,Xingu
150835,VITÓRIA DO XINGU,484.0,610.0,1906,375,936,1083,496,392,318,257,194,156,359,7566,2020,Xingu
150835,VITÓRIA DO XINGU,755.0,681.0,2132,451,1108,1276,593,508,411,333,259,215,460,9182,2021,Xingu
150835,VITÓRIA DO XINGU,945.0,793.0,2511,524,1400,1657,723,675,552,453,392,280,629,11534,2022,Xingu
150835,VITÓRIA DO XINGU,1022.0,867.0,2665,529,1484,1814,809,715,590,515,443,329,678,12460,2023,Xingu
150835,VITÓRIA DO XINGU,1008.0,916.0,2721,549,1544,1872,827,751,660,516,463,368,754,12949,2024,Xingu
150835,VITÓRIA DO XINGU,921.0,885.0,2700,589,1515,1825,836,763,664,513,493,399,782,12885,2025,Xingu
150840,XINGUARA,1939.0,1900.0,5341,1213,3367,3693,1827,1698,1411,1198,1122,979,2267,27955,2025,Araguaia
150840,XINGUARA,2069.0,1903.0,5304,1200,3304,3706,1813,1667,1387,1159,1071,1017,2299,27899,2024,Araguaia
150840,XINGUARA,2018.0,1884.0,5244,1162,3346,3735,1785,1630,1372,1163,1094,998,2449,27880,2023,Araguaia
150840,XINGUARA,1754.0,1755.0,5141,1175,3109,3477,1715,1524,1286,1093,1034,901,2367,26331,2022,Araguaia
150840,XINGUARA,1435.0,1568.0,4736,1069,2726,3035,1462,1287,1007,878,840,754,1998,22795,2021,Araguaia
150840,XINGUARA,1264.0,1534.0,4674,932,2485,2816,1362,1173,869,796,672,698,1705,20980,2020,Araguaia
150840,XINGUARA,1567.0,1636.0,4756,963,2482,2856,1383,1154,910,769,694,702,1761,21633,2019,Araguaia
150840,XINGUARA,1718.0,1586.0,4803,981,2458,2945,1373,1106,831,694,644,635,1404,21178,2018,Araguaia
150840,XINGUARA,1568.0,1567.0,4988,1062,2506,3104,1427,1152,917,757,636,631,1422,21737,2017,Araguaia
150840,XINGUARA,1679.0,1539.0,5241,1069,2669,3140,1459,1123,880,748,603,642,1188,21980,2016,Araguaia
150840,XINGUARA,1529.0,1520.0,5135,1042,2562,3056,1374,1066,868,660,575,563,1061,21011,2015,Araguaia
150840,XINGUARA,,,5467,1212,3163,3386,1461,1232,984,748,584,535,1642,20414,2014,Araguaia
150840,XINGUARA,,,5257,1104,2901,2972,1309,1073,875,629,490,401,1461,18472,2013,Araguaia
150840,XINGUARA,,,4969,1049,2546,2538,1205,953,743,503,363,373,1332,16574,2012,Araguaia
