Codigo,Municipio,Idade,Total
1500107,Abaetetuba (PA),Total,141100
1500107,Abaetetuba (PA),Menos de 1 ano,2581
1500107,Abaetetuba (PA),3 anos,2675
1500107,Abaetetuba (PA),4 anos,2643
1500107,Abaetetuba (PA),6 anos,2666
1500107,Abaetetuba (PA),7 anos,2800
1500107,Abaetetuba (PA),15 anos,3338
1500107,Abaetetuba (PA),16 anos,3477
1500107,Abaetetuba (PA),17 anos,3343
1500107,Abaetetuba (PA),18 anos,3302
1500107,Abaetetuba (PA),24 anos,2995
1500107,Abaetetuba (PA),25 anos,2798
1500107,Abaetetuba (PA),34 anos,2020
1500107,Abaetetuba (PA),40 anos,1786
1500107,Abaetetuba (PA),44 anos,1406
1500107,Abaetetuba (PA),45 anos,1312
1500107,Abaetetuba (PA),49 anos,1110
1500107,Abaetetuba (PA),50 anos,1157
1500107,Abaetetuba (PA),54 anos,922
1500107,Abaetetuba (PA),55 anos,1019
1500107,Abaetetuba (PA),59 anos,736
1500107,Abaetetuba (PA),60 anos,802
1500107,Abaetetuba (PA),64 anos,601
1500107,Abaetetuba (PA),70 anos ou mais,4411
1500131,Abel Figueiredo (PA),Total,6780
1500131,Abel Figueiredo (PA),Menos de 1 ano,115
1500131,Abel Figueiredo (PA),3 anos,139
1500131,Abel Figueiredo (PA),4 anos,125
1500131,Abel Figueiredo (PA),6 anos,140
1500131,Abel Figueiredo (PA),7 anos,137
1500131,Abel Figueiredo (PA),15 anos,150
1500131,Abel Figueiredo (PA),16 anos,145
1500131,Abel Figueiredo (PA),17 anos,132
1500131,Abel Figueiredo (PA),18 anos,129
1500131,Abel Figueiredo (PA),24 anos,119
1500131,Abel Figueiredo (PA),25 anos,125
1500131,Abel Figueiredo (PA),34 anos,104
1500131,Abel Figueiredo (PA),40 anos,84
1500131,Abel Figueiredo (PA),44 anos,71
1500131,Abel Figueiredo (PA),45 anos,61
1500131,Abel Figueiredo (PA),49 anos,56
1500131,Abel Figueiredo (PA),50 anos,61
1500131,Abel Figueiredo (PA),54 anos,36
1500131,Abel Figueiredo (PA),55 anos,41
1500131,Abel Figueiredo (PA),59 anos,53
1500131,Abel Figueiredo (PA),60 anos,33
1500131,Abel Figueiredo (PA),64 anos,27
1500131,Abel Figueiredo (PA),70 anos ou mais,220
1500206,Acará (PA),Total,53569
1500206,Acará (PA),Menos de 1 ano,1181
1500206,Acará (PA),3 anos,1266
1500206,Acará (PA),4 anos,1284
1500206,Acará (PA),6 anos,1231
1500206,Acará (PA),7 anos,1300
1500206,Acará (PA),15 anos,1375
1500206,Acará (PA),16 anos,1190
1500206,Acará (PA),17 anos,1248
1500206,Acará (PA),18 anos,1256
1500206,Acará (PA),24 anos,956
1500206,Acará (PA),25 anos,958
1500206,Acará (PA),34 anos,648
1500206,Acará (PA),40 anos,641
1500206,Acará (PA),44 anos,504
1500206,Acará (PA),45 anos,463
1500206,Acará (PA),49 anos,399
1500206,Acará (PA),50 anos,388
1500206,Acará (PA),54 anos,277
1500206,Acará (PA),55 anos,323
1500206,Acará (PA),59 anos,290
1500206,Acará (PA),60 anos,318
1500206,Acará (PA),64 anos,205
1500206,Acará (PA),70 anos ou mais,1532
1500305,Afuá (PA),Total,35042
1500305,Afuá (PA),Menos de 1 ano,906
1500305,Afuá (PA),3 anos,929
1500305,Afuá (PA),4 anos,936
1500305,Afuá (PA),6 anos,968
1500305,Afuá (PA),7 anos,988
1500305,Afuá (PA),15 anos,950
1500305,Afuá (PA),16 anos,888
1500305,Afuá (PA),17 anos,852
1500305,Afuá (PA),18 anos,743
1500305,Afuá (PA),24 anos,614
1500305,Afuá (PA),25 anos,671
1500305,Afuá (PA),34 anos,401
1500305,Afuá (PA),40 anos,359
1500305,Afuá (PA),44 anos,310
1500305,Afuá (PA),45 anos,221
1500305,Afuá (PA),49 anos,234
1500305,Afuá (PA),50 anos,222
1500305,Afuá (PA),54 anos,198
1500305,Afuá (PA),55 anos,189
1500305,Afuá (PA),59 anos,148
1500305,Afuá (PA),60 anos,136
1500305,Afuá (PA),64 anos,110
1500305,Afuá (PA),70 anos ou mais,838
1500347,Água Azul do Norte (PA),Total,25057
1500347,Água Azul do Norte (PA),Menos de 1 ano,348
1500347,Água Azul do Norte (PA),3 anos,392
1500347,Água Azul do Norte (PA),4 anos,441
1500347,Água Azul do Norte (PA),6 anos,434
1500347,Água Azul do Norte (PA),7 anos,444
1500347,Água Azul do Norte (PA),15 anos,503
1500347,Água Azul do Norte (PA),16 anos,434
1500347,Água Azul do Norte (PA),17 anos,435
1500347,Água Azul do Norte (PA),18 anos,440
1500347,Água Azul do Norte (PA),24 anos,595
1500347,Água Azul do Norte (PA),25 anos,540
1500347,Água Azul do Norte (PA),34 anos,456
1500347,Água Azul do Norte (PA),40 anos,556
1500347,Água Azul do Norte (PA),44 anos,265
1500347,Água Azul do Norte (PA),45 anos,303
1500347,Água Azul do Norte (PA),49 anos,205
1500347,Água Azul do Norte (PA),50 anos,252
1500347,Água Azul do Norte (PA),54 anos,163
1500347,Água Azul do Norte (PA),55 anos,148
1500347,Água Azul do Norte (PA),59 anos,113
1500347,Água Azul do Norte (PA),60 anos,121
1500347,Água Azul do Norte (PA),64 anos,83
1500347,Água Azul do Norte (PA),70 anos ou mais,380
1500404,Alenquer (PA),Total,52626
1500404,Alenquer (PA),Menos de 1 ano,1134
1500404,Alenquer (PA),3 anos,1298
1500404,Alenquer (PA),4 anos,1374
1500404,Alenquer (PA),6 anos,1363
1500404,Alenquer (PA),7 anos,1353
1500404,Alenquer (PA),15 anos,1312
1500404,Alenquer (PA),16 anos,1291
1500404,Alenquer (PA),17 anos,1256
1500404,Alenquer (PA),18 anos,1048
1500404,Alenquer (PA),24 anos,833
1500404,Alenquer (PA),25 anos,880
1500404,Alenquer (PA),34 anos,692
1500404,Alenquer (PA),40 anos,571
1500404,Alenquer (PA),44 anos,470
1500404,Alenquer (PA),45 anos,428
1500404,Alenquer (PA),49 anos,341
1500404,Alenquer (PA),50 anos,408
1500404,Alenquer (PA),54 anos,345
1500404,Alenquer (PA),55 anos,347
1500404,Alenquer (PA),59 anos,235
1500404,Alenquer (PA),60 anos,297
1500404,Alenquer (PA),64 anos,227
1500404,Alenquer (PA),70 anos ou mais,1961
1500503,Almeirim (PA),Total,33614
1500503,Almeirim (PA),Menos de 1 ano,755
1500503,Almeirim (PA),3 anos,786
1500503,Almeirim (PA),4 anos,819
1500503,Almeirim (PA),6 anos,745
1500503,Almeirim (PA),7 anos,837
1500503,Almeirim (PA),15 anos,806
1500503,Almeirim (PA),16 anos,790
1500503,Almeirim (PA),17 anos,798
1500503,Almeirim (PA),18 anos,712
1500503,Almeirim (PA),24 anos,602
1500503,Almeirim (PA),25 anos,628
1500503,Almeirim (PA),34 anos,493
1500503,Almeirim (PA),40 anos,407
1500503,Almeirim (PA),44 anos,336
1500503,Almeirim (PA),45 anos,327
1500503,Almeirim (PA),49 anos,284
1500503,Almeirim (PA),50 anos,288
1500503,Almeirim (PA),54 anos,209
1500503,Almeirim (PA),55 anos,213
1500503,Almeirim (PA),59 anos,151
1500503,Almeirim (PA),60 anos,155
1500503,Almeirim (PA),64 anos,113
1500503,Almeirim (PA),70 anos ou mais,785
1500602,Altamira (PA),Total,99075
1500602,Altamira (PA),Menos de 1 ano,1814
1500602,Altamira (PA),3 anos,1906
1500602,Altamira (PA),4 anos,1919
1500602,Altamira (PA),6 anos,1898
1500602,Altamira (PA),7 anos,1996
1500602,Altamira (PA),15 anos,2169
1500602,Altamira (PA),16 anos,2121
1500602,Altamira (PA),17 anos,2090
1500602,Altamira (PA),18 anos,2048
1500602,Altamira (PA),24 anos,1952
1500602,Altamira (PA),25 anos,2060
1500602,Altamira (PA),34 anos,1483
1500602,Altamira (PA),40 anos,1324
1500602,Altamira (PA),44 anos,1041
1500602,Altamira (PA),45 anos,1079
1500602,Altamira (PA),49 anos,843
1500602,Altamira (PA),50 anos,887
1500602,Altamira (PA),54 anos,698
1500602,Altamira (PA),55 anos,672
1500602,Altamira (PA),59 anos,530
1500602,Altamira (PA),60 anos,523
1500602,Altamira (PA),64 anos,376
1500602,Altamira (PA),70 anos ou mais,2759
1500701,Anajás (PA),Total,24759
1500701,Anajás (PA),Menos de 1 ano,650
1500701,Anajás (PA),3 anos,761
1500701,Anajás (PA),4 anos,745
1500701,Anajás (PA),6 anos,765
1500701,Anajás (PA),7 anos,774
1500701,Anajás (PA),15 anos,623
1500701,Anajás (PA),16 anos,594
1500701,Anajás (PA),17 anos,587
1500701,Anajás (PA),18 anos,546
1500701,Anajás (PA),24 anos,473
1500701,Anajás (PA),25 anos,425
1500701,Anajás (PA),34 anos,268
1500701,Anajás (PA),40 anos,241
1500701,Anajás (PA),44 anos,152
1500701,Anajás (PA),45 anos,145
1500701,Anajás (PA),49 anos,159
1500701,Anajás (PA),50 anos,159
1500701,Anajás (PA),54 anos,108
1500701,Anajás (PA),55 anos,108
1500701,Anajás (PA),59 anos,91
1500701,Anajás (PA),60 anos,94
1500701,Anajás (PA),64 anos,61
1500701,Anajás (PA),70 anos ou mais,528
1500800,Ananindeua (PA),Total,471980
1500800,Ananindeua (PA),Menos de 1 ano,7355
1500800,Ananindeua (PA),3 anos,7348
1500800,Ananindeua (PA),4 anos,7685
1500800,Ananindeua (PA),6 anos,7610
1500800,Ananindeua (PA),7 anos,8212
1500800,Ananindeua (PA),15 anos,9366
1500800,Ananindeua (PA),16 anos,9269
1500800,Ananindeua (PA),17 anos,8899
1500800,Ananindeua (PA),18 anos,9265
1500800,Ananindeua (PA),24 anos,9763
1500800,Ananindeua (PA),25 anos,9705
1500800,Ananindeua (PA),34 anos,8107
1500800,Ananindeua (PA),40 anos,7549
1500800,Ananindeua (PA),44 anos,5965
1500800,Ananindeua (PA),45 anos,5891
1500800,Ananindeua (PA),49 anos,4854
1500800,Ananindeua (PA),50 anos,5105
1500800,Ananindeua (PA),54 anos,4021
1500800,Ananindeua (PA),55 anos,3760
1500800,Ananindeua (PA),59 anos,2833
1500800,Ananindeua (PA),60 anos,2873
1500800,Ananindeua (PA),64 anos,1986
1500800,Ananindeua (PA),70 anos ou mais,11672
1500859,Anapu (PA),Total,20543
1500859,Anapu (PA),Menos de 1 ano,467
1500859,Anapu (PA),3 anos,518
1500859,Anapu (PA),4 anos,504
1500859,Anapu (PA),6 anos,436
1500859,Anapu (PA),7 anos,466
1500859,Anapu (PA),15 anos,488
1500859,Anapu (PA),16 anos,513
1500859,Anapu (PA),17 anos,452
1500859,Anapu (PA),18 anos,468
1500859,Anapu (PA),24 anos,403
1500859,Anapu (PA),25 anos,417
1500859,Anapu (PA),34 anos,307
1500859,Anapu (PA),40 anos,273
1500859,Anapu (PA),44 anos,177
1500859,Anapu (PA),45 anos,178
1500859,Anapu (PA),49 anos,140
1500859,Anapu (PA),50 anos,168
1500859,Anapu (PA),54 anos,151
1500859,Anapu (PA),55 anos,157
1500859,Anapu (PA),59 anos,111
1500859,Anapu (PA),60 anos,114
1500859,Anapu (PA),64 anos,70
1500859,Anapu (PA),70 anos ou mais,372
1500909,Augusto Corrêa (PA),Total,40497
1500909,Augusto Corrêa (PA),Menos de 1 ano,922
1500909,Augusto Corrêa (PA),3 anos,998
1500909,Augusto Corrêa (PA),4 anos,1032
1500909,Augusto Corrêa (PA),6 anos,1004
1500909,Augusto Corrêa (PA),7 anos,1017
1500909,Augusto Corrêa (PA),15 anos,990
1500909,Augusto Corrêa (PA),16 anos,985
1500909,Augusto Corrêa (PA),17 anos,967
1500909,Augusto Corrêa (PA),18 anos,899
1500909,Augusto Corrêa (PA),24 anos,701
1500909,Augusto Corrêa (PA),25 anos,770
1500909,Augusto Corrêa (PA),34 anos,479
1500909,Augusto Corrêa (PA),40 anos,415
1500909,Augusto Corrêa (PA),44 anos,359
1500909,Augusto Corrêa (PA),45 anos,325
1500909,Augusto Corrêa (PA),49 anos,280
1500909,Augusto Corrêa (PA),50 anos,270
1500909,Augusto Corrêa (PA),54 anos,268
1500909,Augusto Corrêa (PA),55 anos,246
1500909,Augusto Corrêa (PA),59 anos,218
1500909,Augusto Corrêa (PA),60 anos,243
1500909,Augusto Corrêa (PA),64 anos,163
1500909,Augusto Corrêa (PA),70 anos ou mais,1219
1500958,Aurora do Pará (PA),Total,26546
1500958,Aurora do Pará (PA),Menos de 1 ano,504
1500958,Aurora do Pará (PA),3 anos,534
1500958,Aurora do Pará (PA),4 anos,568
1500958,Aurora do Pará (PA),6 anos,541
1500958,Aurora do Pará (PA),7 anos,602
1500958,Aurora do Pará (PA),15 anos,618
1500958,Aurora do Pará (PA),16 anos,566
1500958,Aurora do Pará (PA),17 anos,586
1500958,Aurora do Pará (PA),18 anos,560
1500958,Aurora do Pará (PA),24 anos,507
1500958,Aurora do Pará (PA),25 anos,506
1500958,Aurora do Pará (PA),34 anos,348
1500958,Aurora do Pará (PA),40 anos,334
1500958,Aurora do Pará (PA),44 anos,249
1500958,Aurora do Pará (PA),45 anos,241
1500958,Aurora do Pará (PA),49 anos,200
1500958,Aurora do Pará (PA),50 anos,191
1500958,Aurora do Pará (PA),54 anos,153
1500958,Aurora do Pará (PA),55 anos,169
1500958,Aurora do Pará (PA),59 anos,129
1500958,Aurora do Pará (PA),60 anos,159
1500958,Aurora do Pará (PA),64 anos,100
1500958,Aurora do Pará (PA),70 anos ou mais,716
1501006,Aveiro (PA),Total,15849
1501006,Aveiro (PA),Menos de 1 ano,333
1501006,Aveiro (PA),3 anos,406
1501006,Aveiro (PA),4 anos,404
1501006,Aveiro (PA),6 anos,416
1501006,Aveiro (PA),7 anos,393
1501006,Aveiro (PA),15 anos,424
1501006,Aveiro (PA),16 anos,407
1501006,Aveiro (PA),17 anos,350
1501006,Aveiro (PA),18 anos,350
1501006,Aveiro (PA),24 anos,222
1501006,Aveiro (PA),25 anos,252
1501006,Aveiro (PA),34 anos,174
1501006,Aveiro (PA),40 anos,162
1501006,Aveiro (PA),44 anos,146
1501006,Aveiro (PA),45 anos,156
1501006,Aveiro (PA),49 anos,113
1501006,Aveiro (PA),50 anos,144
1501006,Aveiro (PA),54 anos,100
1501006,Aveiro (PA),55 anos,112
1501006,Aveiro (PA),59 anos,83
1501006,Aveiro (PA),60 anos,93
1501006,Aveiro (PA),64 anos,54
1501006,Aveiro (PA),70 anos ou mais,515
1501105,Bagre (PA),Total,23864
1501105,Bagre (PA),Menos de 1 ano,634
1501105,Bagre (PA),3 anos,680
1501105,Bagre (PA),4 anos,697
1501105,Bagre (PA),6 anos,673
1501105,Bagre (PA),7 anos,683
1501105,Bagre (PA),15 anos,652
1501105,Bagre (PA),16 anos,584
1501105,Bagre (PA),17 anos,585
1501105,Bagre (PA),18 anos,502
1501105,Bagre (PA),24 anos,394
1501105,Bagre (PA),25 anos,437
1501105,Bagre (PA),34 anos,269
1501105,Bagre (PA),40 anos,315
1501105,Bagre (PA),44 anos,139
1501105,Bagre (PA),45 anos,138
1501105,Bagre (PA),49 anos,119
1501105,Bagre (PA),50 anos,129
1501105,Bagre (PA),54 anos,116
1501105,Bagre (PA),55 anos,107
1501105,Bagre (PA),59 anos,88
1501105,Bagre (PA),60 anos,121
1501105,Bagre (PA),64 anos,75
1501105,Bagre (PA),70 anos ou mais,436
1501204,Baião (PA),Total,36882
1501204,Baião (PA),Menos de 1 ano,649
1501204,Baião (PA),3 anos,838
1501204,Baião (PA),4 anos,843
1501204,Baião (PA),6 anos,879
1501204,Baião (PA),7 anos,896
1501204,Baião (PA),15 anos,856
1501204,Baião (PA),16 anos,817
1501204,Baião (PA),17 anos,810
1501204,Baião (PA),18 anos,776
1501204,Baião (PA),24 anos,725
1501204,Baião (PA),25 anos,726
1501204,Baião (PA),34 anos,517
1501204,Baião (PA),40 anos,486
1501204,Baião (PA),44 anos,319
1501204,Baião (PA),45 anos,333
1501204,Baião (PA),49 anos,265
1501204,Baião (PA),50 anos,259
1501204,Baião (PA),54 anos,226
1501204,Baião (PA),55 anos,219
1501204,Baião (PA),59 anos,191
1501204,Baião (PA),60 anos,188
1501204,Baião (PA),64 anos,151
1501204,Baião (PA),70 anos ou mais,972
1501253,Bannach (PA),Total,3431
1501253,Bannach (PA),Menos de 1 ano,70
1501253,Bannach (PA),3 anos,53
1501253,Bannach (PA),4 anos,81
1501253,Bannach (PA),6 anos,67
1501253,Bannach (PA),7 anos,68
1501253,Bannach (PA),15 anos,73
1501253,Bannach (PA),16 anos,65
1501253,Bannach (PA),17 anos,57
1501253,Bannach (PA),18 anos,72
1501253,Bannach (PA),24 anos,55
1501253,Bannach (PA),25 anos,72
1501253,Bannach (PA),34 anos,43
1501253,Bannach (PA),40 anos,46
1501253,Bannach (PA),44 anos,35
1501253,Bannach (PA),45 anos,33
1501253,Bannach (PA),49 anos,27
1501253,Bannach (PA),50 anos,39
1501253,Bannach (PA),54 anos,28
1501253,Bannach (PA),55 anos,28
1501253,Bannach (PA),59 anos,30
1501253,Bannach (PA),60 anos,23
1501253,Bannach (PA),64 anos,17
1501253,Bannach (PA),70 anos ou mais,94
1501303,Barcarena (PA),Total,99859
1501303,Barcarena (PA),Menos de 1 ano,1992
1501303,Barcarena (PA),3 anos,2066
1501303,Barcarena (PA),4 anos,2025
1501303,Barcarena (PA),6 anos,2016
1501303,Barcarena (PA),7 anos,2104
1501303,Barcarena (PA),15 anos,2191
1501303,Barcarena (PA),16 anos,2198
1501303,Barcarena (PA),17 anos,2170
1501303,Barcarena (PA),18 anos,2158
1501303,Barcarena (PA),24 anos,2008
1501303,Barcarena (PA),25 anos,2020
1501303,Barcarena (PA),34 anos,1491
1501303,Barcarena (PA),40 anos,1352
1501303,Barcarena (PA),44 anos,1042
1501303,Barcarena (PA),45 anos,964
1501303,Barcarena (PA),49 anos,850
1501303,Barcarena (PA),50 anos,887
1501303,Barcarena (PA),54 anos,631
1501303,Barcarena (PA),55 anos,623
1501303,Barcarena (PA),59 anos,428
1501303,Barcarena (PA),60 anos,478
1501303,Barcarena (PA),64 anos,327
1501303,Barcarena (PA),70 anos ou mais,2188
1501402,Belém (PA),Total,1393399
1501402,Belém (PA),Menos de 1 ano,19853
1501402,Belém (PA),3 anos,19819
1501402,Belém (PA),4 anos,20080
1501402,Belém (PA),6 anos,20026
1501402,Belém (PA),7 anos,21137
1501402,Belém (PA),15 anos,25235
1501402,Belém (PA),16 anos,25489
1501402,Belém (PA),17 anos,25007
1501402,Belém (PA),18 anos,26059
1501402,Belém (PA),24 anos,27714
1501402,Belém (PA),25 anos,27992
1501402,Belém (PA),34 anos,23077
1501402,Belém (PA),40 anos,22725
1501402,Belém (PA),44 anos,18195
1501402,Belém (PA),45 anos,18360
1501402,Belém (PA),49 anos,15541
1501402,Belém (PA),50 anos,16506
1501402,Belém (PA),54 anos,12807
1501402,Belém (PA),55 anos,12325
1501402,Belém (PA),59 anos,9944
1501402,Belém (PA),60 anos,10369
1501402,Belém (PA),64 anos,7366
1501402,Belém (PA),70 anos ou mais,56774
1501451,Belterra (PA),Total,16318
1501451,Belterra (PA),Menos de 1 ano,291
1501451,Belterra (PA),3 anos,375
1501451,Belterra (PA),4 anos,364
1501451,Belterra (PA),6 anos,421
1501451,Belterra (PA),7 anos,400
1501451,Belterra (PA),15 anos,387
1501451,Belterra (PA),16 anos,355
1501451,Belterra (PA),17 anos,324
1501451,Belterra (PA),18 anos,301
1501451,Belterra (PA),24 anos,248
1501451,Belterra (PA),25 anos,260
1501451,Belterra (PA),34 anos,214
1501451,Belterra (PA),40 anos,151
1501451,Belterra (PA),44 anos,150
1501451,Belterra (PA),45 anos,147
1501451,Belterra (PA),49 anos,142
1501451,Belterra (PA),50 anos,145
1501451,Belterra (PA),54 anos,120
1501451,Belterra (PA),55 anos,149
1501451,Belterra (PA),59 anos,97
1501451,Belterra (PA),60 anos,99
1501451,Belterra (PA),64 anos,81
1501451,Belterra (PA),70 anos ou mais,701
1501501,Benevides (PA),Total,51651
1501501,Benevides (PA),Menos de 1 ano,890
1501501,Benevides (PA),3 anos,906
1501501,Benevides (PA),4 anos,970
1501501,Benevides (PA),6 anos,988
1501501,Benevides (PA),7 anos,1110
1501501,Benevides (PA),15 anos,1113
1501501,Benevides (PA),16 anos,1084
1501501,Benevides (PA),17 anos,1087
1501501,Benevides (PA),18 anos,1045
1501501,Benevides (PA),24 anos,1004
1501501,Benevides (PA),25 anos,1026
1501501,Benevides (PA),34 anos,842
1501501,Benevides (PA),40 anos,764
1501501,Benevides (PA),44 anos,559
1501501,Benevides (PA),45 anos,553
1501501,Benevides (PA),49 anos,485
1501501,Benevides (PA),50 anos,527
1501501,Benevides (PA),54 anos,358
1501501,Benevides (PA),55 anos,362
1501501,Benevides (PA),59 anos,295
1501501,Benevides (PA),60 anos,275
1501501,Benevides (PA),64 anos,195
1501501,Benevides (PA),70 anos ou mais,1455
1501576,Bom Jesus do Tocantins (PA),Total,15298
1501576,Bom Jesus do Tocantins (PA),Menos de 1 ano,256
1501576,Bom Jesus do Tocantins (PA),3 anos,303
1501576,Bom Jesus do Tocantins (PA),4 anos,293
1501576,Bom Jesus do Tocantins (PA),6 anos,302
1501576,Bom Jesus do Tocantins (PA),7 anos,276
1501576,Bom Jesus do Tocantins (PA),15 anos,324
1501576,Bom Jesus do Tocantins (PA),16 anos,305
1501576,Bom Jesus do Tocantins (PA),17 anos,327
1501576,Bom Jesus do Tocantins (PA),18 anos,307
1501576,Bom Jesus do Tocantins (PA),24 anos,310
1501576,Bom Jesus do Tocantins (PA),25 anos,305
1501576,Bom Jesus do Tocantins (PA),34 anos,202
1501576,Bom Jesus do Tocantins (PA),40 anos,215
1501576,Bom Jesus do Tocantins (PA),44 anos,168
1501576,Bom Jesus do Tocantins (PA),45 anos,175
1501576,Bom Jesus do Tocantins (PA),49 anos,162
1501576,Bom Jesus do Tocantins (PA),50 anos,139
1501576,Bom Jesus do Tocantins (PA),54 anos,104
1501576,Bom Jesus do Tocantins (PA),55 anos,140
1501576,Bom Jesus do Tocantins (PA),59 anos,123
1501576,Bom Jesus do Tocantins (PA),60 anos,115
1501576,Bom Jesus do Tocantins (PA),64 anos,71
1501576,Bom Jesus do Tocantins (PA),70 anos ou mais,514
1501600,Bonito (PA),Total,13630
1501600,Bonito (PA),Menos de 1 ano,308
1501600,Bonito (PA),3 anos,278
1501600,Bonito (PA),4 anos,291
1501600,Bonito (PA),6 anos,271
1501600,Bonito (PA),7 anos,338
1501600,Bonito (PA),15 anos,290
1501600,Bonito (PA),16 anos,270
1501600,Bonito (PA),17 anos,293
1501600,Bonito (PA),18 anos,290
1501600,Bonito (PA),24 anos,262
1501600,Bonito (PA),25 anos,329
1501600,Bonito (PA),34 anos,203
1501600,Bonito (PA),40 anos,172
1501600,Bonito (PA),44 anos,140
1501600,Bonito (PA),45 anos,130
1501600,Bonito (PA),49 anos,85
1501600,Bonito (PA),50 anos,112
1501600,Bonito (PA),54 anos,87
1501600,Bonito (PA),55 anos,97
1501600,Bonito (PA),59 anos,64
1501600,Bonito (PA),60 anos,76
1501600,Bonito (PA),64 anos,64
1501600,Bonito (PA),70 anos ou mais,407
1501709,Bragança (PA),Total,113227
1501709,Bragança (PA),Menos de 1 ano,2223
1501709,Bragança (PA),3 anos,2403
1501709,Bragança (PA),4 anos,2424
1501709,Bragança (PA),6 anos,2365
1501709,Bragança (PA),7 anos,2414
1501709,Bragança (PA),15 anos,2615
1501709,Bragança (PA),16 anos,2504
1501709,Bragança (PA),17 anos,2521
1501709,Bragança (PA),18 anos,2512
1501709,Bragança (PA),24 anos,2222
1501709,Bragança (PA),25 anos,2197
1501709,Bragança (PA),34 anos,1564
1501709,Bragança (PA),40 anos,1348
1501709,Bragança (PA),44 anos,1116
1501709,Bragança (PA),45 anos,1059
1501709,Bragança (PA),49 anos,917
1501709,Bragança (PA),50 anos,938
1501709,Bragança (PA),54 anos,805
1501709,Bragança (PA),55 anos,769
1501709,Bragança (PA),59 anos,616
1501709,Bragança (PA),60 anos,639
1501709,Bragança (PA),64 anos,493
1501709,Bragança (PA),70 anos ou mais,3950
1501725,Brasil Novo (PA),Total,15690
1501725,Brasil Novo (PA),Menos de 1 ano,270
1501725,Brasil Novo (PA),3 anos,329
1501725,Brasil Novo (PA),4 anos,321
1501725,Brasil Novo (PA),6 anos,280
1501725,Brasil Novo (PA),7 anos,308
1501725,Brasil Novo (PA),15 anos,369
1501725,Brasil Novo (PA),16 anos,348
1501725,Brasil Novo (PA),17 anos,325
1501725,Brasil Novo (PA),18 anos,315
1501725,Brasil Novo (PA),24 anos,312
1501725,Brasil Novo (PA),25 anos,268
1501725,Brasil Novo (PA),34 anos,243
1501725,Brasil Novo (PA),40 anos,229
1501725,Brasil Novo (PA),44 anos,179
1501725,Brasil Novo (PA),45 anos,215
1501725,Brasil Novo (PA),49 anos,135
1501725,Brasil Novo (PA),50 anos,148
1501725,Brasil Novo (PA),54 anos,112
1501725,Brasil Novo (PA),55 anos,129
1501725,Brasil Novo (PA),59 anos,105
1501725,Brasil Novo (PA),60 anos,96
1501725,Brasil Novo (PA),64 anos,72
1501725,Brasil Novo (PA),70 anos ou mais,542
1501758,Brejo Grande do Araguaia (PA),Total,7317
1501758,Brejo Grande do Araguaia (PA),Menos de 1 ano,147
1501758,Brejo Grande do Araguaia (PA),3 anos,165
1501758,Brejo Grande do Araguaia (PA),4 anos,166
1501758,Brejo Grande do Araguaia (PA),6 anos,144
1501758,Brejo Grande do Araguaia (PA),7 anos,166
1501758,Brejo Grande do Araguaia (PA),15 anos,185
1501758,Brejo Grande do Araguaia (PA),16 anos,189
1501758,Brejo Grande do Araguaia (PA),17 anos,164
1501758,Brejo Grande do Araguaia (PA),18 anos,154
1501758,Brejo Grande do Araguaia (PA),24 anos,133
1501758,Brejo Grande do Araguaia (PA),25 anos,110
1501758,Brejo Grande do Araguaia (PA),34 anos,106
1501758,Brejo Grande do Araguaia (PA),40 anos,83
1501758,Brejo Grande do Araguaia (PA),44 anos,73
1501758,Brejo Grande do Araguaia (PA),45 anos,76
1501758,Brejo Grande do Araguaia (PA),49 anos,61
1501758,Brejo Grande do Araguaia (PA),50 anos,69
1501758,Brejo Grande do Araguaia (PA),54 anos,69
1501758,Brejo Grande do Araguaia (PA),55 anos,56
1501758,Brejo Grande do Araguaia (PA),59 anos,43
1501758,Brejo Grande do Araguaia (PA),60 anos,50
1501758,Brejo Grande do Araguaia (PA),64 anos,24
1501758,Brejo Grande do Araguaia (PA),70 anos ou mais,252
1501782,Breu Branco (PA),Total,52493
1501782,Breu Branco (PA),Menos de 1 ano,1121
1501782,Breu Branco (PA),3 anos,1296
1501782,Breu Branco (PA),4 anos,1312
1501782,Breu Branco (PA),6 anos,1208
1501782,Breu Branco (PA),7 anos,1305
1501782,Breu Branco (PA),15 anos,1243
1501782,Breu Branco (PA),16 anos,1126
1501782,Breu Branco (PA),17 anos,1122
1501782,Breu Branco (PA),18 anos,1115
1501782,Breu Branco (PA),24 anos,1036
1501782,Breu Branco (PA),25 anos,1061
1501782,Breu Branco (PA),34 anos,695
1501782,Breu Branco (PA),40 anos,659
1501782,Breu Branco (PA),44 anos,448
1501782,Breu Branco (PA),45 anos,476
1501782,Breu Branco (PA),49 anos,378
1501782,Breu Branco (PA),50 anos,450
1501782,Breu Branco (PA),54 anos,332
1501782,Breu Branco (PA),55 anos,357
1501782,Breu Branco (PA),59 anos,267
1501782,Breu Branco (PA),60 anos,271
1501782,Breu Branco (PA),64 anos,198
1501782,Breu Branco (PA),70 anos ou mais,1171
1501808,Breves (PA),Total,92860
1501808,Breves (PA),Menos de 1 ano,2350
1501808,Breves (PA),3 anos,2503
1501808,Breves (PA),4 anos,2471
1501808,Breves (PA),6 anos,2460
1501808,Breves (PA),7 anos,2570
1501808,Breves (PA),15 anos,2355
1501808,Breves (PA),16 anos,2330
1501808,Breves (PA),17 anos,2126
1501808,Breves (PA),18 anos,2049
1501808,Breves (PA),24 anos,1555
1501808,Breves (PA),25 anos,1653
1501808,Breves (PA),34 anos,1097
1501808,Breves (PA),40 anos,967
1501808,Breves (PA),44 anos,717
1501808,Breves (PA),45 anos,701
1501808,Breves (PA),49 anos,572
1501808,Breves (PA),50 anos,578
1501808,Breves (PA),54 anos,524
1501808,Breves (PA),55 anos,558
1501808,Breves (PA),59 anos,417
1501808,Breves (PA),60 anos,412
1501808,Breves (PA),64 anos,295
1501808,Breves (PA),70 anos ou mais,2504
1501907,Bujaru (PA),Total,25695
1501907,Bujaru (PA),Menos de 1 ano,462
1501907,Bujaru (PA),3 anos,605
1501907,Bujaru (PA),4 anos,644
1501907,Bujaru (PA),6 anos,631
1501907,Bujaru (PA),7 anos,687
1501907,Bujaru (PA),15 anos,629
1501907,Bujaru (PA),16 anos,572
1501907,Bujaru (PA),17 anos,635
1501907,Bujaru (PA),18 anos,569
1501907,Bujaru (PA),24 anos,470
1501907,Bujaru (PA),25 anos,435
1501907,Bujaru (PA),34 anos,344
1501907,Bujaru (PA),40 anos,336
1501907,Bujaru (PA),44 anos,288
1501907,Bujaru (PA),45 anos,226
1501907,Bujaru (PA),49 anos,166
1501907,Bujaru (PA),50 anos,191
1501907,Bujaru (PA),54 anos,154
1501907,Bujaru (PA),55 anos,168
1501907,Bujaru (PA),59 anos,126
1501907,Bujaru (PA),60 anos,135
1501907,Bujaru (PA),64 anos,100
1501907,Bujaru (PA),70 anos ou mais,793
1501956,Cachoeira do Piriá (PA),Total,26484
1501956,Cachoeira do Piriá (PA),Menos de 1 ano,573
1501956,Cachoeira do Piriá (PA),3 anos,750
1501956,Cachoeira do Piriá (PA),4 anos,708
1501956,Cachoeira do Piriá (PA),6 anos,755
1501956,Cachoeira do Piriá (PA),7 anos,826
1501956,Cachoeira do Piriá (PA),15 anos,542
1501956,Cachoeira do Piriá (PA),16 anos,511
1501956,Cachoeira do Piriá (PA),17 anos,532
1501956,Cachoeira do Piriá (PA),18 anos,517
1501956,Cachoeira do Piriá (PA),24 anos,524
1501956,Cachoeira do Piriá (PA),25 anos,472
1501956,Cachoeira do Piriá (PA),34 anos,318
1501956,Cachoeira do Piriá (PA),40 anos,357
1501956,Cachoeira do Piriá (PA),44 anos,233
1501956,Cachoeira do Piriá (PA),45 anos,216
1501956,Cachoeira do Piriá (PA),49 anos,178
1501956,Cachoeira do Piriá (PA),50 anos,190
1501956,Cachoeira do Piriá (PA),54 anos,156
1501956,Cachoeira do Piriá (PA),55 anos,143
1501956,Cachoeira do Piriá (PA),59 anos,108
1501956,Cachoeira do Piriá (PA),60 anos,109
1501956,Cachoeira do Piriá (PA),64 anos,68
1501956,Cachoeira do Piriá (PA),70 anos ou mais,387
1502004,Cachoeira do Arari (PA),Total,20443
1502004,Cachoeira do Arari (PA),Menos de 1 ano,414
1502004,Cachoeira do Arari (PA),3 anos,432
1502004,Cachoeira do Arari (PA),4 anos,431
1502004,Cachoeira do Arari (PA),6 anos,443
1502004,Cachoeira do Arari (PA),7 anos,424
1502004,Cachoeira do Arari (PA),15 anos,479
1502004,Cachoeira do Arari (PA),16 anos,453
1502004,Cachoeira do Arari (PA),17 anos,441
1502004,Cachoeira do Arari (PA),18 anos,436
1502004,Cachoeira do Arari (PA),24 anos,391
1502004,Cachoeira do Arari (PA),25 anos,416
1502004,Cachoeira do Arari (PA),34 anos,273
1502004,Cachoeira do Arari (PA),40 anos,263
1502004,Cachoeira do Arari (PA),44 anos,260
1502004,Cachoeira do Arari (PA),45 anos,248
1502004,Cachoeira do Arari (PA),49 anos,166
1502004,Cachoeira do Arari (PA),50 anos,167
1502004,Cachoeira do Arari (PA),54 anos,143
1502004,Cachoeira do Arari (PA),55 anos,137
1502004,Cachoeira do Arari (PA),59 anos,105
1502004,Cachoeira do Arari (PA),60 anos,116
1502004,Cachoeira do Arari (PA),64 anos,86
1502004,Cachoeira do Arari (PA),70 anos ou mais,821
1502103,Cametá (PA),Total,120896
1502103,Cametá (PA),Menos de 1 ano,2540
1502103,Cametá (PA),3 anos,2893
1502103,Cametá (PA),4 anos,2757
1502103,Cametá (PA),6 anos,2683
1502103,Cametá (PA),7 anos,2821
1502103,Cametá (PA),15 anos,2853
1502103,Cametá (PA),16 anos,2859
1502103,Cametá (PA),17 anos,2777
1502103,Cametá (PA),18 anos,2819
1502103,Cametá (PA),24 anos,2365
1502103,Cametá (PA),25 anos,2327
1502103,Cametá (PA),34 anos,1583
1502103,Cametá (PA),40 anos,1266
1502103,Cametá (PA),44 anos,1028
1502103,Cametá (PA),45 anos,909
1502103,Cametá (PA),49 anos,862
1502103,Cametá (PA),50 anos,774
1502103,Cametá (PA),54 anos,771
1502103,Cametá (PA),55 anos,787
1502103,Cametá (PA),59 anos,642
1502103,Cametá (PA),60 anos,621
1502103,Cametá (PA),64 anos,473
1502103,Cametá (PA),70 anos ou mais,4112
1502152,Canaã dos Carajás (PA),Total,26716
1502152,Canaã dos Carajás (PA),Menos de 1 ano,557
1502152,Canaã dos Carajás (PA),3 anos,574
1502152,Canaã dos Carajás (PA),4 anos,585
1502152,Canaã dos Carajás (PA),6 anos,536
1502152,Canaã dos Carajás (PA),7 anos,557
1502152,Canaã dos Carajás (PA),15 anos,530
1502152,Canaã dos Carajás (PA),16 anos,580
1502152,Canaã dos Carajás (PA),17 anos,512
1502152,Canaã dos Carajás (PA),18 anos,534
1502152,Canaã dos Carajás (PA),24 anos,595
1502152,Canaã dos Carajás (PA),25 anos,579
1502152,Canaã dos Carajás (PA),34 anos,423
1502152,Canaã dos Carajás (PA),40 anos,345
1502152,Canaã dos Carajás (PA),44 anos,283
1502152,Canaã dos Carajás (PA),45 anos,273
1502152,Canaã dos Carajás (PA),49 anos,213
1502152,Canaã dos Carajás (PA),50 anos,196
1502152,Canaã dos Carajás (PA),54 anos,161
1502152,Canaã dos Carajás (PA),55 anos,139
1502152,Canaã dos Carajás (PA),59 anos,111
1502152,Canaã dos Carajás (PA),60 anos,96
1502152,Canaã dos Carajás (PA),64 anos,82
1502152,Canaã dos Carajás (PA),70 anos ou mais,423
1502202,Capanema (PA),Total,63639
1502202,Capanema (PA),Menos de 1 ano,1025
1502202,Capanema (PA),3 anos,1116
1502202,Capanema (PA),4 anos,1056
1502202,Capanema (PA),6 anos,1152
1502202,Capanema (PA),7 anos,1218
1502202,Capanema (PA),15 anos,1310
1502202,Capanema (PA),16 anos,1346
1502202,Capanema (PA),17 anos,1343
1502202,Capanema (PA),18 anos,1317
1502202,Capanema (PA),24 anos,1235
1502202,Capanema (PA),25 anos,1150
1502202,Capanema (PA),34 anos,976
1502202,Capanema (PA),40 anos,859
1502202,Capanema (PA),44 anos,695
1502202,Capanema (PA),45 anos,694
1502202,Capanema (PA),49 anos,610
1502202,Capanema (PA),50 anos,614
1502202,Capanema (PA),54 anos,478
1502202,Capanema (PA),55 anos,555
1502202,Capanema (PA),59 anos,405
1502202,Capanema (PA),60 anos,401
1502202,Capanema (PA),64 anos,289
1502202,Capanema (PA),70 anos ou mais,2658
1502301,Capitão Poço (PA),Total,51893
1502301,Capitão Poço (PA),Menos de 1 ano,922
1502301,Capitão Poço (PA),3 anos,1026
1502301,Capitão Poço (PA),4 anos,1024
1502301,Capitão Poço (PA),6 anos,1141
1502301,Capitão Poço (PA),7 anos,1264
1502301,Capitão Poço (PA),15 anos,1254
1502301,Capitão Poço (PA),16 anos,1294
1502301,Capitão Poço (PA),17 anos,1210
1502301,Capitão Poço (PA),18 anos,1198
1502301,Capitão Poço (PA),24 anos,947
1502301,Capitão Poço (PA),25 anos,890
1502301,Capitão Poço (PA),34 anos,734
1502301,Capitão Poço (PA),40 anos,676
1502301,Capitão Poço (PA),44 anos,521
1502301,Capitão Poço (PA),45 anos,514
1502301,Capitão Poço (PA),49 anos,386
1502301,Capitão Poço (PA),50 anos,429
1502301,Capitão Poço (PA),54 anos,317
1502301,Capitão Poço (PA),55 anos,330
1502301,Capitão Poço (PA),59 anos,291
1502301,Capitão Poço (PA),60 anos,257
1502301,Capitão Poço (PA),64 anos,227
1502301,Capitão Poço (PA),70 anos ou mais,1737
1502400,Castanhal (PA),Total,173149
1502400,Castanhal (PA),Menos de 1 ano,2984
1502400,Castanhal (PA),3 anos,3168
1502400,Castanhal (PA),4 anos,3055
1502400,Castanhal (PA),6 anos,3063
1502400,Castanhal (PA),7 anos,3207
1502400,Castanhal (PA),15 anos,3670
1502400,Castanhal (PA),16 anos,3679
1502400,Castanhal (PA),17 anos,3540
1502400,Castanhal (PA),18 anos,3672
1502400,Castanhal (PA),24 anos,3594
1502400,Castanhal (PA),25 anos,3602
1502400,Castanhal (PA),34 anos,2662
1502400,Castanhal (PA),40 anos,2498
1502400,Castanhal (PA),44 anos,1928
1502400,Castanhal (PA),45 anos,1899
1502400,Castanhal (PA),49 anos,1595
1502400,Castanhal (PA),50 anos,1617
1502400,Castanhal (PA),54 anos,1248
1502400,Castanhal (PA),55 anos,1253
1502400,Castanhal (PA),59 anos,876
1502400,Castanhal (PA),60 anos,983
1502400,Castanhal (PA),64 anos,674
1502400,Castanhal (PA),70 anos ou mais,5220
1502509,Chaves (PA),Total,21005
1502509,Chaves (PA),Menos de 1 ano,520
1502509,Chaves (PA),3 anos,535
1502509,Chaves (PA),4 anos,600
1502509,Chaves (PA),6 anos,523
1502509,Chaves (PA),7 anos,579
1502509,Chaves (PA),15 anos,489
1502509,Chaves (PA),16 anos,472
1502509,Chaves (PA),17 anos,457
1502509,Chaves (PA),18 anos,437
1502509,Chaves (PA),24 anos,391
1502509,Chaves (PA),25 anos,342
1502509,Chaves (PA),34 anos,245
1502509,Chaves (PA),40 anos,249
1502509,Chaves (PA),44 anos,191
1502509,Chaves (PA),45 anos,177
1502509,Chaves (PA),49 anos,149
1502509,Chaves (PA),50 anos,133
1502509,Chaves (PA),54 anos,143
1502509,Chaves (PA),55 anos,140
1502509,Chaves (PA),59 anos,106
1502509,Chaves (PA),60 anos,111
1502509,Chaves (PA),64 anos,81
1502509,Chaves (PA),70 anos ou mais,565
1502608,Colares (PA),Total,11381
1502608,Colares (PA),Menos de 1 ano,223
1502608,Colares (PA),3 anos,255
1502608,Colares (PA),4 anos,237
1502608,Colares (PA),6 anos,211
1502608,Colares (PA),7 anos,246
1502608,Colares (PA),15 anos,268
1502608,Colares (PA),16 anos,249
1502608,Colares (PA),17 anos,292
1502608,Colares (PA),18 anos,238
1502608,Colares (PA),24 anos,182
1502608,Colares (PA),25 anos,202
1502608,Colares (PA),34 anos,123
1502608,Colares (PA),40 anos,138
1502608,Colares (PA),44 anos,127
1502608,Colares (PA),45 anos,105
1502608,Colares (PA),49 anos,98
1502608,Colares (PA),50 anos,78
1502608,Colares (PA),54 anos,87
1502608,Colares (PA),55 anos,83
1502608,Colares (PA),59 anos,78
1502608,Colares (PA),60 anos,79
1502608,Colares (PA),64 anos,52
1502608,Colares (PA),70 anos ou mais,539
1502707,Conceição do Araguaia (PA),Total,45557
1502707,Conceição do Araguaia (PA),Menos de 1 ano,762
1502707,Conceição do Araguaia (PA),3 anos,810
1502707,Conceição do Araguaia (PA),4 anos,838
1502707,Conceição do Araguaia (PA),6 anos,874
1502707,Conceição do Araguaia (PA),7 anos,903
1502707,Conceição do Araguaia (PA),15 anos,1025
1502707,Conceição do Araguaia (PA),16 anos,1001
1502707,Conceição do Araguaia (PA),17 anos,941
1502707,Conceição do Araguaia (PA),18 anos,898
1502707,Conceição do Araguaia (PA),24 anos,738
1502707,Conceição do Araguaia (PA),25 anos,779
1502707,Conceição do Araguaia (PA),34 anos,646
1502707,Conceição do Araguaia (PA),40 anos,647
1502707,Conceição do Araguaia (PA),44 anos,525
1502707,Conceição do Araguaia (PA),45 anos,501
1502707,Conceição do Araguaia (PA),49 anos,398
1502707,Conceição do Araguaia (PA),50 anos,424
1502707,Conceição do Araguaia (PA),54 anos,414
1502707,Conceição do Araguaia (PA),55 anos,383
1502707,Conceição do Araguaia (PA),59 anos,297
1502707,Conceição do Araguaia (PA),60 anos,327
1502707,Conceição do Araguaia (PA),64 anos,269
1502707,Conceição do Araguaia (PA),70 anos ou mais,1887
1502756,Concórdia do Pará (PA),Total,28216
1502756,Concórdia do Pará (PA),Menos de 1 ano,634
1502756,Concórdia do Pará (PA),3 anos,648
1502756,Concórdia do Pará (PA),4 anos,711
1502756,Concórdia do Pará (PA),6 anos,645
1502756,Concórdia do Pará (PA),7 anos,675
1502756,Concórdia do Pará (PA),15 anos,651
1502756,Concórdia do Pará (PA),16 anos,672
1502756,Concórdia do Pará (PA),17 anos,666
1502756,Concórdia do Pará (PA),18 anos,676
1502756,Concórdia do Pará (PA),24 anos,581
1502756,Concórdia do Pará (PA),25 anos,555
1502756,Concórdia do Pará (PA),34 anos,417
1502756,Concórdia do Pará (PA),40 anos,334
1502756,Concórdia do Pará (PA),44 anos,281
1502756,Concórdia do Pará (PA),45 anos,205
1502756,Concórdia do Pará (PA),49 anos,173
1502756,Concórdia do Pará (PA),50 anos,165
1502756,Concórdia do Pará (PA),54 anos,150
1502756,Concórdia do Pará (PA),55 anos,166
1502756,Concórdia do Pará (PA),59 anos,141
1502756,Concórdia do Pará (PA),60 anos,170
1502756,Concórdia do Pará (PA),64 anos,115
1502756,Concórdia do Pará (PA),70 anos ou mais,848
1502764,Cumaru do Norte (PA),Total,10466
1502764,Cumaru do Norte (PA),Menos de 1 ano,196
1502764,Cumaru do Norte (PA),3 anos,237
1502764,Cumaru do Norte (PA),4 anos,231
1502764,Cumaru do Norte (PA),6 anos,222
1502764,Cumaru do Norte (PA),7 anos,238
1502764,Cumaru do Norte (PA),15 anos,186
1502764,Cumaru do Norte (PA),16 anos,198
1502764,Cumaru do Norte (PA),17 anos,160
1502764,Cumaru do Norte (PA),18 anos,158
1502764,Cumaru do Norte (PA),24 anos,192
1502764,Cumaru do Norte (PA),25 anos,221
1502764,Cumaru do Norte (PA),34 anos,183
1502764,Cumaru do Norte (PA),40 anos,151
1502764,Cumaru do Norte (PA),44 anos,172
1502764,Cumaru do Norte (PA),45 anos,161
1502764,Cumaru do Norte (PA),49 anos,118
1502764,Cumaru do Norte (PA),50 anos,123
1502764,Cumaru do Norte (PA),54 anos,78
1502764,Cumaru do Norte (PA),55 anos,64
1502764,Cumaru do Norte (PA),59 anos,61
1502764,Cumaru do Norte (PA),60 anos,52
1502764,Cumaru do Norte (PA),64 anos,50
1502764,Cumaru do Norte (PA),70 anos ou mais,109
1502772,Curionópolis (PA),Total,18288
1502772,Curionópolis (PA),Menos de 1 ano,343
1502772,Curionópolis (PA),3 anos,364
1502772,Curionópolis (PA),4 anos,372
1502772,Curionópolis (PA),6 anos,388
1502772,Curionópolis (PA),7 anos,356
1502772,Curionópolis (PA),15 anos,430
1502772,Curionópolis (PA),16 anos,435
1502772,Curionópolis (PA),17 anos,408
1502772,Curionópolis (PA),18 anos,399
1502772,Curionópolis (PA),24 anos,295
1502772,Curionópolis (PA),25 anos,306
1502772,Curionópolis (PA),34 anos,219
1502772,Curionópolis (PA),40 anos,167
1502772,Curionópolis (PA),44 anos,176
1502772,Curionópolis (PA),45 anos,189
1502772,Curionópolis (PA),49 anos,172
1502772,Curionópolis (PA),50 anos,202
1502772,Curionópolis (PA),54 anos,152
1502772,Curionópolis (PA),55 anos,164
1502772,Curionópolis (PA),59 anos,134
1502772,Curionópolis (PA),60 anos,128
1502772,Curionópolis (PA),64 anos,81
1502772,Curionópolis (PA),70 anos ou mais,745
1502806,Curralinho (PA),Total,28549
1502806,Curralinho (PA),Menos de 1 ano,805
1502806,Curralinho (PA),3 anos,850
1502806,Curralinho (PA),4 anos,859
1502806,Curralinho (PA),6 anos,835
1502806,Curralinho (PA),7 anos,812
1502806,Curralinho (PA),15 anos,745
1502806,Curralinho (PA),16 anos,716
1502806,Curralinho (PA),17 anos,680
1502806,Curralinho (PA),18 anos,657
1502806,Curralinho (PA),24 anos,494
1502806,Curralinho (PA),25 anos,494
1502806,Curralinho (PA),34 anos,309
1502806,Curralinho (PA),40 anos,265
1502806,Curralinho (PA),44 anos,197
1502806,Curralinho (PA),45 anos,211
1502806,Curralinho (PA),49 anos,152
1502806,Curralinho (PA),50 anos,167
1502806,Curralinho (PA),54 anos,123
1502806,Curralinho (PA),55 anos,134
1502806,Curralinho (PA),59 anos,98
1502806,Curralinho (PA),60 anos,113
1502806,Curralinho (PA),64 anos,87
1502806,Curralinho (PA),70 anos ou mais,696
1502855,Curuá (PA),Total,12254
1502855,Curuá (PA),Menos de 1 ano,255
1502855,Curuá (PA),3 anos,333
1502855,Curuá (PA),4 anos,359
1502855,Curuá (PA),6 anos,354
1502855,Curuá (PA),7 anos,350
1502855,Curuá (PA),15 anos,285
1502855,Curuá (PA),16 anos,270
1502855,Curuá (PA),17 anos,287
1502855,Curuá (PA),18 anos,246
1502855,Curuá (PA),24 anos,240
1502855,Curuá (PA),25 anos,188
1502855,Curuá (PA),34 anos,133
1502855,Curuá (PA),40 anos,114
1502855,Curuá (PA),44 anos,113
1502855,Curuá (PA),45 anos,104
1502855,Curuá (PA),49 anos,81
1502855,Curuá (PA),50 anos,83
1502855,Curuá (PA),54 anos,87
1502855,Curuá (PA),55 anos,66
1502855,Curuá (PA),59 anos,41
1502855,Curuá (PA),60 anos,48
1502855,Curuá (PA),64 anos,51
1502855,Curuá (PA),70 anos ou mais,340
1502905,Curuçá (PA),Total,34294
1502905,Curuçá (PA),Menos de 1 ano,600
1502905,Curuçá (PA),3 anos,688
1502905,Curuçá (PA),4 anos,690
1502905,Curuçá (PA),6 anos,743
1502905,Curuçá (PA),7 anos,802
1502905,Curuçá (PA),15 anos,787
1502905,Curuçá (PA),16 anos,755
1502905,Curuçá (PA),17 anos,729
1502905,Curuçá (PA),18 anos,699
1502905,Curuçá (PA),24 anos,595
1502905,Curuçá (PA),25 anos,563
1502905,Curuçá (PA),34 anos,444
1502905,Curuçá (PA),40 anos,445
1502905,Curuçá (PA),44 anos,335
1502905,Curuçá (PA),45 anos,321
1502905,Curuçá (PA),49 anos,293
1502905,Curuçá (PA),50 anos,343
1502905,Curuçá (PA),54 anos,264
1502905,Curuçá (PA),55 anos,229
1502905,Curuçá (PA),59 anos,202
1502905,Curuçá (PA),60 anos,229
1502905,Curuçá (PA),64 anos,192
1502905,Curuçá (PA),70 anos ou mais,1692
1502939,Dom Eliseu (PA),Total,51319
1502939,Dom Eliseu (PA),Menos de 1 ano,1016
1502939,Dom Eliseu (PA),3 anos,1037
1502939,Dom Eliseu (PA),4 anos,1114
1502939,Dom Eliseu (PA),6 anos,1128
1502939,Dom Eliseu (PA),7 anos,1141
1502939,Dom Eliseu (PA),15 anos,1128
1502939,Dom Eliseu (PA),16 anos,1013
1502939,Dom Eliseu (PA),17 anos,1044
1502939,Dom Eliseu (PA),18 anos,1065
1502939,Dom Eliseu (PA),24 anos,1082
1502939,Dom Eliseu (PA),25 anos,1153
1502939,Dom Eliseu (PA),34 anos,739
1502939,Dom Eliseu (PA),40 anos,767
1502939,Dom Eliseu (PA),44 anos,505
1502939,Dom Eliseu (PA),45 anos,516
1502939,Dom Eliseu (PA),49 anos,418
1502939,Dom Eliseu (PA),50 anos,441
1502939,Dom Eliseu (PA),54 anos,315
1502939,Dom Eliseu (PA),55 anos,320
1502939,Dom Eliseu (PA),59 anos,225
1502939,Dom Eliseu (PA),60 anos,272
1502939,Dom Eliseu (PA),64 anos,148
1502939,Dom Eliseu (PA),70 anos ou mais,966
1502954,Eldorado do Carajás (PA),Total,31786
1502954,Eldorado do Carajás (PA),Menos de 1 ano,649
1502954,Eldorado do Carajás (PA),3 anos,723
1502954,Eldorado do Carajás (PA),4 anos,708
1502954,Eldorado do Carajás (PA),6 anos,686
1502954,Eldorado do Carajás (PA),7 anos,738
1502954,Eldorado do Carajás (PA),15 anos,753
1502954,Eldorado do Carajás (PA),16 anos,697
1502954,Eldorado do Carajás (PA),17 anos,681
1502954,Eldorado do Carajás (PA),18 anos,647
1502954,Eldorado do Carajás (PA),24 anos,608
1502954,Eldorado do Carajás (PA),25 anos,527
1502954,Eldorado do Carajás (PA),34 anos,409
1502954,Eldorado do Carajás (PA),40 anos,391
1502954,Eldorado do Carajás (PA),44 anos,342
1502954,Eldorado do Carajás (PA),45 anos,320
1502954,Eldorado do Carajás (PA),49 anos,277
1502954,Eldorado do Carajás (PA),50 anos,312
1502954,Eldorado do Carajás (PA),54 anos,225
1502954,Eldorado do Carajás (PA),55 anos,228
1502954,Eldorado do Carajás (PA),59 anos,174
1502954,Eldorado do Carajás (PA),60 anos,174
1502954,Eldorado do Carajás (PA),64 anos,144
1502954,Eldorado do Carajás (PA),70 anos ou mais,695
1503002,Faro (PA),Total,8177
1503002,Faro (PA),Menos de 1 ano,177
1503002,Faro (PA),3 anos,216
1503002,Faro (PA),4 anos,218
1503002,Faro (PA),6 anos,231
1503002,Faro (PA),7 anos,183
1503002,Faro (PA),15 anos,204
1503002,Faro (PA),16 anos,210
1503002,Faro (PA),17 anos,220
1503002,Faro (PA),18 anos,174
1503002,Faro (PA),24 anos,136
1503002,Faro (PA),25 anos,145
1503002,Faro (PA),34 anos,96
1503002,Faro (PA),40 anos,89
1503002,Faro (PA),44 anos,51
1503002,Faro (PA),45 anos,84
1503002,Faro (PA),49 anos,53
1503002,Faro (PA),50 anos,80
1503002,Faro (PA),54 anos,63
1503002,Faro (PA),55 anos,57
1503002,Faro (PA),59 anos,47
1503002,Faro (PA),60 anos,47
1503002,Faro (PA),64 anos,26
1503002,Faro (PA),70 anos ou mais,274
1503044,Floresta do Araguaia (PA),Total,17768
1503044,Floresta do Araguaia (PA),Menos de 1 ano,376
1503044,Floresta do Araguaia (PA),3 anos,348
1503044,Floresta do Araguaia (PA),4 anos,383
1503044,Floresta do Araguaia (PA),6 anos,372
1503044,Floresta do Araguaia (PA),7 anos,376
1503044,Floresta do Araguaia (PA),15 anos,444
1503044,Floresta do Araguaia (PA),16 anos,385
1503044,Floresta do Araguaia (PA),17 anos,362
1503044,Floresta do Araguaia (PA),18 anos,377
1503044,Floresta do Araguaia (PA),24 anos,325
1503044,Floresta do Araguaia (PA),25 anos,319
1503044,Floresta do Araguaia (PA),34 anos,290
1503044,Floresta do Araguaia (PA),40 anos,239
1503044,Floresta do Araguaia (PA),44 anos,197
1503044,Floresta do Araguaia (PA),45 anos,167
1503044,Floresta do Araguaia (PA),49 anos,145
1503044,Floresta do Araguaia (PA),50 anos,171
1503044,Floresta do Araguaia (PA),54 anos,143
1503044,Floresta do Araguaia (PA),55 anos,118
1503044,Floresta do Araguaia (PA),59 anos,126
1503044,Floresta do Araguaia (PA),60 anos,107
1503044,Floresta do Araguaia (PA),64 anos,69
1503044,Floresta do Araguaia (PA),70 anos ou mais,476
1503077,Garrafão do Norte (PA),Total,25034
1503077,Garrafão do Norte (PA),Menos de 1 ano,495
1503077,Garrafão do Norte (PA),3 anos,574
1503077,Garrafão do Norte (PA),4 anos,614
1503077,Garrafão do Norte (PA),6 anos,647
1503077,Garrafão do Norte (PA),7 anos,623
1503077,Garrafão do Norte (PA),15 anos,640
1503077,Garrafão do Norte (PA),16 anos,639
1503077,Garrafão do Norte (PA),17 anos,597
1503077,Garrafão do Norte (PA),18 anos,623
1503077,Garrafão do Norte (PA),24 anos,434
1503077,Garrafão do Norte (PA),25 anos,430
1503077,Garrafão do Norte (PA),34 anos,344
1503077,Garrafão do Norte (PA),40 anos,299
1503077,Garrafão do Norte (PA),44 anos,222
1503077,Garrafão do Norte (PA),45 anos,213
1503077,Garrafão do Norte (PA),49 anos,173
1503077,Garrafão do Norte (PA),50 anos,173
1503077,Garrafão do Norte (PA),54 anos,140
1503077,Garrafão do Norte (PA),55 anos,149
1503077,Garrafão do Norte (PA),59 anos,124
1503077,Garrafão do Norte (PA),60 anos,107
1503077,Garrafão do Norte (PA),64 anos,104
1503077,Garrafão do Norte (PA),70 anos ou mais,685
1503093,Goianésia do Pará (PA),Total,30436
1503093,Goianésia do Pará (PA),Menos de 1 ano,636
1503093,Goianésia do Pará (PA),3 anos,716
1503093,Goianésia do Pará (PA),4 anos,690
1503093,Goianésia do Pará (PA),6 anos,589
1503093,Goianésia do Pará (PA),7 anos,668
1503093,Goianésia do Pará (PA),15 anos,646
1503093,Goianésia do Pará (PA),16 anos,615
1503093,Goianésia do Pará (PA),17 anos,657
1503093,Goianésia do Pará (PA),18 anos,672
1503093,Goianésia do Pará (PA),24 anos,612
1503093,Goianésia do Pará (PA),25 anos,660
1503093,Goianésia do Pará (PA),34 anos,438
1503093,Goianésia do Pará (PA),40 anos,404
1503093,Goianésia do Pará (PA),44 anos,259
1503093,Goianésia do Pará (PA),45 anos,357
1503093,Goianésia do Pará (PA),49 anos,228
1503093,Goianésia do Pará (PA),50 anos,266
1503093,Goianésia do Pará (PA),54 anos,195
1503093,Goianésia do Pará (PA),55 anos,229
1503093,Goianésia do Pará (PA),59 anos,144
1503093,Goianésia do Pará (PA),60 anos,145
1503093,Goianésia do Pará (PA),64 anos,108
1503093,Goianésia do Pará (PA),70 anos ou mais,617
1503101,Gurupá (PA),Total,29062
1503101,Gurupá (PA),Menos de 1 ano,717
1503101,Gurupá (PA),3 anos,861
1503101,Gurupá (PA),4 anos,748
1503101,Gurupá (PA),6 anos,804
1503101,Gurupá (PA),7 anos,817
1503101,Gurupá (PA),15 anos,762
1503101,Gurupá (PA),16 anos,739
1503101,Gurupá (PA),17 anos,632
1503101,Gurupá (PA),18 anos,622
1503101,Gurupá (PA),24 anos,533
1503101,Gurupá (PA),25 anos,536
1503101,Gurupá (PA),34 anos,321
1503101,Gurupá (PA),40 anos,290
1503101,Gurupá (PA),44 anos,212
1503101,Gurupá (PA),45 anos,236
1503101,Gurupá (PA),49 anos,193
1503101,Gurupá (PA),50 anos,192
1503101,Gurupá (PA),54 anos,170
1503101,Gurupá (PA),55 anos,153
1503101,Gurupá (PA),59 anos,108
1503101,Gurupá (PA),60 anos,135
1503101,Gurupá (PA),64 anos,82
1503101,Gurupá (PA),70 anos ou mais,709
1503200,Igarapé-Açu (PA),Total,35887
1503200,Igarapé-Açu (PA),Menos de 1 ano,590
1503200,Igarapé-Açu (PA),3 anos,668
1503200,Igarapé-Açu (PA),4 anos,622
1503200,Igarapé-Açu (PA),6 anos,687
1503200,Igarapé-Açu (PA),7 anos,736
1503200,Igarapé-Açu (PA),15 anos,830
1503200,Igarapé-Açu (PA),16 anos,857
1503200,Igarapé-Açu (PA),17 anos,808
1503200,Igarapé-Açu (PA),18 anos,817
1503200,Igarapé-Açu (PA),24 anos,669
1503200,Igarapé-Açu (PA),25 anos,684
1503200,Igarapé-Açu (PA),34 anos,507
1503200,Igarapé-Açu (PA),40 anos,486
1503200,Igarapé-Açu (PA),44 anos,371
1503200,Igarapé-Açu (PA),45 anos,353
1503200,Igarapé-Açu (PA),49 anos,308
1503200,Igarapé-Açu (PA),50 anos,326
1503200,Igarapé-Açu (PA),54 anos,268
1503200,Igarapé-Açu (PA),55 anos,228
1503200,Igarapé-Açu (PA),59 anos,242
1503200,Igarapé-Açu (PA),60 anos,225
1503200,Igarapé-Açu (PA),64 anos,159
1503200,Igarapé-Açu (PA),70 anos ou mais,1453
1503309,Igarapé-Miri (PA),Total,58077
1503309,Igarapé-Miri (PA),Menos de 1 ano,1238
1503309,Igarapé-Miri (PA),3 anos,1294
1503309,Igarapé-Miri (PA),4 anos,1373
1503309,Igarapé-Miri (PA),6 anos,1261
1503309,Igarapé-Miri (PA),7 anos,1291
1503309,Igarapé-Miri (PA),15 anos,1424
1503309,Igarapé-Miri (PA),16 anos,1461
1503309,Igarapé-Miri (PA),17 anos,1363
1503309,Igarapé-Miri (PA),18 anos,1297
1503309,Igarapé-Miri (PA),24 anos,1167
1503309,Igarapé-Miri (PA),25 anos,1049
1503309,Igarapé-Miri (PA),34 anos,829
1503309,Igarapé-Miri (PA),40 anos,673
1503309,Igarapé-Miri (PA),44 anos,516
1503309,Igarapé-Miri (PA),45 anos,483
1503309,Igarapé-Miri (PA),49 anos,441
1503309,Igarapé-Miri (PA),50 anos,452
1503309,Igarapé-Miri (PA),54 anos,358
1503309,Igarapé-Miri (PA),55 anos,365
1503309,Igarapé-Miri (PA),59 anos,292
1503309,Igarapé-Miri (PA),60 anos,323
1503309,Igarapé-Miri (PA),64 anos,187
1503309,Igarapé-Miri (PA),70 anos ou mais,1961
1503408,Inhangapi (PA),Total,10037
1503408,Inhangapi (PA),Menos de 1 ano,182
1503408,Inhangapi (PA),3 anos,189
1503408,Inhangapi (PA),4 anos,180
1503408,Inhangapi (PA),6 anos,218
1503408,Inhangapi (PA),7 anos,218
1503408,Inhangapi (PA),15 anos,205
1503408,Inhangapi (PA),16 anos,247
1503408,Inhangapi (PA),17 anos,233
1503408,Inhangapi (PA),18 anos,231
1503408,Inhangapi (PA),24 anos,193
1503408,Inhangapi (PA),25 anos,179
1503408,Inhangapi (PA),34 anos,157
1503408,Inhangapi (PA),40 anos,132
1503408,Inhangapi (PA),44 anos,109
1503408,Inhangapi (PA),45 anos,116
1503408,Inhangapi (PA),49 anos,92
1503408,Inhangapi (PA),50 anos,68
1503408,Inhangapi (PA),54 anos,74
1503408,Inhangapi (PA),55 anos,75
1503408,Inhangapi (PA),59 anos,51
1503408,Inhangapi (PA),60 anos,62
1503408,Inhangapi (PA),64 anos,52
1503408,Inhangapi (PA),70 anos ou mais,362
1503457,Ipixuna do Pará (PA),Total,51309
1503457,Ipixuna do Pará (PA),Menos de 1 ano,1040
1503457,Ipixuna do Pará (PA),3 anos,1038
1503457,Ipixuna do Pará (PA),4 anos,1159
1503457,Ipixuna do Pará (PA),6 anos,1139
1503457,Ipixuna do Pará (PA),7 anos,1169
1503457,Ipixuna do Pará (PA),15 anos,1178
1503457,Ipixuna do Pará (PA),16 anos,865
1503457,Ipixuna do Pará (PA),17 anos,1068
1503457,Ipixuna do Pará (PA),18 anos,1095
1503457,Ipixuna do Pará (PA),24 anos,1237
1503457,Ipixuna do Pará (PA),25 anos,1274
1503457,Ipixuna do Pará (PA),34 anos,727
1503457,Ipixuna do Pará (PA),40 anos,931
1503457,Ipixuna do Pará (PA),44 anos,390
1503457,Ipixuna do Pará (PA),45 anos,440
1503457,Ipixuna do Pará (PA),49 anos,365
1503457,Ipixuna do Pará (PA),50 anos,471
1503457,Ipixuna do Pará (PA),54 anos,252
1503457,Ipixuna do Pará (PA),55 anos,259
1503457,Ipixuna do Pará (PA),59 anos,239
1503457,Ipixuna do Pará (PA),60 anos,301
1503457,Ipixuna do Pará (PA),64 anos,188
1503457,Ipixuna do Pará (PA),70 anos ou mais,754
1503507,Irituia (PA),Total,31364
1503507,Irituia (PA),Menos de 1 ano,597
1503507,Irituia (PA),3 anos,709
1503507,Irituia (PA),4 anos,679
1503507,Irituia (PA),6 anos,680
1503507,Irituia (PA),7 anos,739
1503507,Irituia (PA),15 anos,689
1503507,Irituia (PA),16 anos,717
1503507,Irituia (PA),17 anos,693
1503507,Irituia (PA),18 anos,658
1503507,Irituia (PA),24 anos,559
1503507,Irituia (PA),25 anos,585
1503507,Irituia (PA),34 anos,428
1503507,Irituia (PA),40 anos,351
1503507,Irituia (PA),44 anos,306
1503507,Irituia (PA),45 anos,250
1503507,Irituia (PA),49 anos,212
1503507,Irituia (PA),50 anos,221
1503507,Irituia (PA),54 anos,212
1503507,Irituia (PA),55 anos,217
1503507,Irituia (PA),59 anos,172
1503507,Irituia (PA),60 anos,193
1503507,Irituia (PA),64 anos,158
1503507,Irituia (PA),70 anos ou mais,1249
1503606,Itaituba (PA),Total,97493
1503606,Itaituba (PA),Menos de 1 ano,1770
1503606,Itaituba (PA),3 anos,1865
1503606,Itaituba (PA),4 anos,1883
1503606,Itaituba (PA),6 anos,1983
1503606,Itaituba (PA),7 anos,1956
1503606,Itaituba (PA),15 anos,2333
1503606,Itaituba (PA),16 anos,2247
1503606,Itaituba (PA),17 anos,2105
1503606,Itaituba (PA),18 anos,1973
1503606,Itaituba (PA),24 anos,1926
1503606,Itaituba (PA),25 anos,2019
1503606,Itaituba (PA),34 anos,1429
1503606,Itaituba (PA),40 anos,1312
1503606,Itaituba (PA),44 anos,1009
1503606,Itaituba (PA),45 anos,1045
1503606,Itaituba (PA),49 anos,816
1503606,Itaituba (PA),50 anos,927
1503606,Itaituba (PA),54 anos,726
1503606,Itaituba (PA),55 anos,693
1503606,Itaituba (PA),59 anos,521
1503606,Itaituba (PA),60 anos,537
1503606,Itaituba (PA),64 anos,367
1503606,Itaituba (PA),70 anos ou mais,2379
1503705,Itupiranga (PA),Total,51220
1503705,Itupiranga (PA),Menos de 1 ano,1128
1503705,Itupiranga (PA),3 anos,1200
1503705,Itupiranga (PA),4 anos,1171
1503705,Itupiranga (PA),6 anos,1223
1503705,Itupiranga (PA),7 anos,1179
1503705,Itupiranga (PA),15 anos,1251
1503705,Itupiranga (PA),16 anos,1145
1503705,Itupiranga (PA),17 anos,1094
1503705,Itupiranga (PA),18 anos,1026
1503705,Itupiranga (PA),24 anos,962
1503705,Itupiranga (PA),25 anos,958
1503705,Itupiranga (PA),34 anos,646
1503705,Itupiranga (PA),40 anos,605
1503705,Itupiranga (PA),44 anos,465
1503705,Itupiranga (PA),45 anos,446
1503705,Itupiranga (PA),49 anos,384
1503705,Itupiranga (PA),50 anos,446
1503705,Itupiranga (PA),54 anos,319
1503705,Itupiranga (PA),55 anos,346
1503705,Itupiranga (PA),59 anos,334
1503705,Itupiranga (PA),60 anos,328
1503705,Itupiranga (PA),64 anos,225
1503705,Itupiranga (PA),70 anos ou mais,1285
1503754,Jacareacanga (PA),Total,14103
1503754,Jacareacanga (PA),Menos de 1 ano,265
1503754,Jacareacanga (PA),3 anos,360
1503754,Jacareacanga (PA),4 anos,343
1503754,Jacareacanga (PA),6 anos,325
1503754,Jacareacanga (PA),7 anos,320
1503754,Jacareacanga (PA),15 anos,228
1503754,Jacareacanga (PA),16 anos,226
1503754,Jacareacanga (PA),17 anos,239
1503754,Jacareacanga (PA),18 anos,245
1503754,Jacareacanga (PA),24 anos,293
1503754,Jacareacanga (PA),25 anos,273
1503754,Jacareacanga (PA),34 anos,162
1503754,Jacareacanga (PA),40 anos,228
1503754,Jacareacanga (PA),44 anos,193
1503754,Jacareacanga (PA),45 anos,197
1503754,Jacareacanga (PA),49 anos,134
1503754,Jacareacanga (PA),50 anos,156
1503754,Jacareacanga (PA),54 anos,108
1503754,Jacareacanga (PA),55 anos,69
1503754,Jacareacanga (PA),59 anos,78
1503754,Jacareacanga (PA),60 anos,84
1503754,Jacareacanga (PA),64 anos,36
1503754,Jacareacanga (PA),70 anos ou mais,170
1503804,Jacundá (PA),Total,51360
1503804,Jacundá (PA),Menos de 1 ano,1011
1503804,Jacundá (PA),3 anos,1041
1503804,Jacundá (PA),4 anos,1017
1503804,Jacundá (PA),6 anos,1000
1503804,Jacundá (PA),7 anos,1034
1503804,Jacundá (PA),15 anos,1188
1503804,Jacundá (PA),16 anos,1182
1503804,Jacundá (PA),17 anos,1039
1503804,Jacundá (PA),18 anos,1129
1503804,Jacundá (PA),24 anos,1153
1503804,Jacundá (PA),25 anos,1080
1503804,Jacundá (PA),34 anos,767
1503804,Jacundá (PA),40 anos,881
1503804,Jacundá (PA),44 anos,482
1503804,Jacundá (PA),45 anos,547
1503804,Jacundá (PA),49 anos,395
1503804,Jacundá (PA),50 anos,364
1503804,Jacundá (PA),54 anos,307
1503804,Jacundá (PA),55 anos,320
1503804,Jacundá (PA),59 anos,257
1503804,Jacundá (PA),60 anos,237
1503804,Jacundá (PA),64 anos,171
1503804,Jacundá (PA),70 anos ou mais,1330
1503903,Juruti (PA),Total,47086
1503903,Juruti (PA),Menos de 1 ano,1237
1503903,Juruti (PA),3 anos,1265
1503903,Juruti (PA),4 anos,1209
1503903,Juruti (PA),6 anos,1279
1503903,Juruti (PA),7 anos,1272
1503903,Juruti (PA),15 anos,1168
1503903,Juruti (PA),16 anos,1084
1503903,Juruti (PA),17 anos,1019
1503903,Juruti (PA),18 anos,1044
1503903,Juruti (PA),24 anos,922
1503903,Juruti (PA),25 anos,853
1503903,Juruti (PA),34 anos,570
1503903,Juruti (PA),40 anos,456
1503903,Juruti (PA),44 anos,399
1503903,Juruti (PA),45 anos,342
1503903,Juruti (PA),49 anos,283
1503903,Juruti (PA),50 anos,302
1503903,Juruti (PA),54 anos,268
1503903,Juruti (PA),55 anos,272
1503903,Juruti (PA),59 anos,196
1503903,Juruti (PA),60 anos,224
1503903,Juruti (PA),64 anos,130
1503903,Juruti (PA),70 anos ou mais,1304
1504000,Limoeiro do Ajuru (PA),Total,25021
1504000,Limoeiro do Ajuru (PA),Menos de 1 ano,545
1504000,Limoeiro do Ajuru (PA),3 anos,617
1504000,Limoeiro do Ajuru (PA),4 anos,618
1504000,Limoeiro do Ajuru (PA),6 anos,608
1504000,Limoeiro do Ajuru (PA),7 anos,638
1504000,Limoeiro do Ajuru (PA),15 anos,613
1504000,Limoeiro do Ajuru (PA),16 anos,615
1504000,Limoeiro do Ajuru (PA),17 anos,577
1504000,Limoeiro do Ajuru (PA),18 anos,599
1504000,Limoeiro do Ajuru (PA),24 anos,498
1504000,Limoeiro do Ajuru (PA),25 anos,429
1504000,Limoeiro do Ajuru (PA),34 anos,312
1504000,Limoeiro do Ajuru (PA),40 anos,304
1504000,Limoeiro do Ajuru (PA),44 anos,204
1504000,Limoeiro do Ajuru (PA),45 anos,171
1504000,Limoeiro do Ajuru (PA),49 anos,145
1504000,Limoeiro do Ajuru (PA),50 anos,156
1504000,Limoeiro do Ajuru (PA),54 anos,136
1504000,Limoeiro do Ajuru (PA),55 anos,155
1504000,Limoeiro do Ajuru (PA),59 anos,94
1504000,Limoeiro do Ajuru (PA),60 anos,94
1504000,Limoeiro do Ajuru (PA),64 anos,85
1504000,Limoeiro do Ajuru (PA),70 anos ou mais,667
1504059,Mãe do Rio (PA),Total,27904
1504059,Mãe do Rio (PA),Menos de 1 ano,558
1504059,Mãe do Rio (PA),3 anos,562
1504059,Mãe do Rio (PA),4 anos,610
1504059,Mãe do Rio (PA),6 anos,577
1504059,Mãe do Rio (PA),7 anos,633
1504059,Mãe do Rio (PA),15 anos,597
1504059,Mãe do Rio (PA),16 anos,620
1504059,Mãe do Rio (PA),17 anos,594
1504059,Mãe do Rio (PA),18 anos,610
1504059,Mãe do Rio (PA),24 anos,546
1504059,Mãe do Rio (PA),25 anos,452
1504059,Mãe do Rio (PA),34 anos,416
1504059,Mãe do Rio (PA),40 anos,356
1504059,Mãe do Rio (PA),44 anos,318
1504059,Mãe do Rio (PA),45 anos,243
1504059,Mãe do Rio (PA),49 anos,186
1504059,Mãe do Rio (PA),50 anos,197
1504059,Mãe do Rio (PA),54 anos,202
1504059,Mãe do Rio (PA),55 anos,187
1504059,Mãe do Rio (PA),59 anos,138
1504059,Mãe do Rio (PA),60 anos,143
1504059,Mãe do Rio (PA),64 anos,145
1504059,Mãe do Rio (PA),70 anos ou mais,989
1504109,Magalhães Barata (PA),Total,8115
1504109,Magalhães Barata (PA),Menos de 1 ano,144
1504109,Magalhães Barata (PA),3 anos,148
1504109,Magalhães Barata (PA),4 anos,168
1504109,Magalhães Barata (PA),6 anos,178
1504109,Magalhães Barata (PA),7 anos,185
1504109,Magalhães Barata (PA),15 anos,210
1504109,Magalhães Barata (PA),16 anos,193
1504109,Magalhães Barata (PA),17 anos,198
1504109,Magalhães Barata (PA),18 anos,144
1504109,Magalhães Barata (PA),24 anos,144
1504109,Magalhães Barata (PA),25 anos,145
1504109,Magalhães Barata (PA),34 anos,95
1504109,Magalhães Barata (PA),40 anos,99
1504109,Magalhães Barata (PA),44 anos,73
1504109,Magalhães Barata (PA),45 anos,73
1504109,Magalhães Barata (PA),49 anos,71
1504109,Magalhães Barata (PA),50 anos,71
1504109,Magalhães Barata (PA),54 anos,68
1504109,Magalhães Barata (PA),55 anos,46
1504109,Magalhães Barata (PA),59 anos,46
1504109,Magalhães Barata (PA),60 anos,56
1504109,Magalhães Barata (PA),64 anos,52
1504109,Magalhães Barata (PA),70 anos ou mais,408
1504208,Marabá (PA),Total,233669
1504208,Marabá (PA),Menos de 1 ano,4878
1504208,Marabá (PA),3 anos,5012
1504208,Marabá (PA),4 anos,4934
1504208,Marabá (PA),6 anos,4811
1504208,Marabá (PA),7 anos,4904
1504208,Marabá (PA),15 anos,4975
1504208,Marabá (PA),16 anos,4750
1504208,Marabá (PA),17 anos,4814
1504208,Marabá (PA),18 anos,4800
1504208,Marabá (PA),24 anos,5156
1504208,Marabá (PA),25 anos,5053
1504208,Marabá (PA),34 anos,3617
1504208,Marabá (PA),40 anos,3107
1504208,Marabá (PA),44 anos,2380
1504208,Marabá (PA),45 anos,2341
1504208,Marabá (PA),49 anos,1798
1504208,Marabá (PA),50 anos,2051
1504208,Marabá (PA),54 anos,1485
1504208,Marabá (PA),55 anos,1469
1504208,Marabá (PA),59 anos,1104
1504208,Marabá (PA),60 anos,1148
1504208,Marabá (PA),64 anos,705
1504208,Marabá (PA),70 anos ou mais,5342
1504307,Maracanã (PA),Total,28376
1504307,Maracanã (PA),Menos de 1 ano,509
1504307,Maracanã (PA),3 anos,601
1504307,Maracanã (PA),4 anos,577
1504307,Maracanã (PA),6 anos,624
1504307,Maracanã (PA),7 anos,706
1504307,Maracanã (PA),15 anos,729
1504307,Maracanã (PA),16 anos,702
1504307,Maracanã (PA),17 anos,660
1504307,Maracanã (PA),18 anos,597
1504307,Maracanã (PA),24 anos,457
1504307,Maracanã (PA),25 anos,435
1504307,Maracanã (PA),34 anos,353
1504307,Maracanã (PA),40 anos,345
1504307,Maracanã (PA),44 anos,289
1504307,Maracanã (PA),45 anos,258
1504307,Maracanã (PA),49 anos,228
1504307,Maracanã (PA),50 anos,225
1504307,Maracanã (PA),54 anos,219
1504307,Maracanã (PA),55 anos,199
1504307,Maracanã (PA),59 anos,181
1504307,Maracanã (PA),60 anos,188
1504307,Maracanã (PA),64 anos,137
1504307,Maracanã (PA),70 anos ou mais,1328
1504406,Marapanim (PA),Total,26605
1504406,Marapanim (PA),Menos de 1 ano,444
1504406,Marapanim (PA),3 anos,433
1504406,Marapanim (PA),4 anos,469
1504406,Marapanim (PA),6 anos,525
1504406,Marapanim (PA),7 anos,552
1504406,Marapanim (PA),15 anos,660
1504406,Marapanim (PA),16 anos,650
1504406,Marapanim (PA),17 anos,608
1504406,Marapanim (PA),18 anos,516
1504406,Marapanim (PA),24 anos,397
1504406,Marapanim (PA),25 anos,442
1504406,Marapanim (PA),34 anos,357
1504406,Marapanim (PA),40 anos,358
1504406,Marapanim (PA),44 anos,257
1504406,Marapanim (PA),45 anos,227
1504406,Marapanim (PA),49 anos,235
1504406,Marapanim (PA),50 anos,247
1504406,Marapanim (PA),54 anos,222
1504406,Marapanim (PA),55 anos,219
1504406,Marapanim (PA),59 anos,176
1504406,Marapanim (PA),60 anos,182
1504406,Marapanim (PA),64 anos,151
1504406,Marapanim (PA),70 anos ou mais,1377
1504422,Marituba (PA),Total,108246
1504422,Marituba (PA),Menos de 1 ano,1814
1504422,Marituba (PA),3 anos,2073
1504422,Marituba (PA),4 anos,2022
1504422,Marituba (PA),6 anos,1965
1504422,Marituba (PA),7 anos,2078
1504422,Marituba (PA),15 anos,2087
1504422,Marituba (PA),16 anos,2000
1504422,Marituba (PA),17 anos,2050
1504422,Marituba (PA),18 anos,2019
1504422,Marituba (PA),24 anos,2393
1504422,Marituba (PA),25 anos,2349
1504422,Marituba (PA),34 anos,1891
1504422,Marituba (PA),40 anos,1919
1504422,Marituba (PA),44 anos,1173
1504422,Marituba (PA),45 anos,1239
1504422,Marituba (PA),49 anos,956
1504422,Marituba (PA),50 anos,1128
1504422,Marituba (PA),54 anos,722
1504422,Marituba (PA),55 anos,671
1504422,Marituba (PA),59 anos,526
1504422,Marituba (PA),60 anos,635
1504422,Marituba (PA),64 anos,310
1504422,Marituba (PA),70 anos ou mais,2269
1504455,Medicilândia (PA),Total,27328
1504455,Medicilândia (PA),Menos de 1 ano,483
1504455,Medicilândia (PA),3 anos,592
1504455,Medicilândia (PA),4 anos,552
1504455,Medicilândia (PA),6 anos,590
1504455,Medicilândia (PA),7 anos,554
1504455,Medicilândia (PA),15 anos,617
1504455,Medicilândia (PA),16 anos,631
1504455,Medicilândia (PA),17 anos,592
1504455,Medicilândia (PA),18 anos,585
1504455,Medicilândia (PA),24 anos,567
1504455,Medicilândia (PA),25 anos,515
1504455,Medicilândia (PA),34 anos,365
1504455,Medicilândia (PA),40 anos,374
1504455,Medicilândia (PA),44 anos,274
1504455,Medicilândia (PA),45 anos,292
1504455,Medicilândia (PA),49 anos,225
1504455,Medicilândia (PA),50 anos,252
1504455,Medicilândia (PA),54 anos,202
1504455,Medicilândia (PA),55 anos,197
1504455,Medicilândia (PA),59 anos,142
1504455,Medicilândia (PA),60 anos,145
1504455,Medicilândia (PA),64 anos,110
1504455,Medicilândia (PA),70 anos ou mais,611
1504505,Melgaço (PA),Total,24808
1504505,Melgaço (PA),Menos de 1 ano,757
1504505,Melgaço (PA),3 anos,726
1504505,Melgaço (PA),4 anos,762
1504505,Melgaço (PA),6 anos,732
1504505,Melgaço (PA),7 anos,736
1504505,Melgaço (PA),15 anos,668
1504505,Melgaço (PA),16 anos,643
1504505,Melgaço (PA),17 anos,600
1504505,Melgaço (PA),18 anos,583
1504505,Melgaço (PA),24 anos,430
1504505,Melgaço (PA),25 anos,468
1504505,Melgaço (PA),34 anos,269
1504505,Melgaço (PA),40 anos,294
1504505,Melgaço (PA),44 anos,145
1504505,Melgaço (PA),45 anos,170
1504505,Melgaço (PA),49 anos,107
1504505,Melgaço (PA),50 anos,122
1504505,Melgaço (PA),54 anos,98
1504505,Melgaço (PA),55 anos,121
1504505,Melgaço (PA),59 anos,83
1504505,Melgaço (PA),60 anos,77
1504505,Melgaço (PA),64 anos,44
1504505,Melgaço (PA),70 anos ou mais,414
1504604,Mocajuba (PA),Total,26731
1504604,Mocajuba (PA),Menos de 1 ano,510
1504604,Mocajuba (PA),3 anos,614
1504604,Mocajuba (PA),4 anos,665
1504604,Mocajuba (PA),6 anos,682
1504604,Mocajuba (PA),7 anos,649
1504604,Mocajuba (PA),15 anos,667
1504604,Mocajuba (PA),16 anos,625
1504604,Mocajuba (PA),17 anos,629
1504604,Mocajuba (PA),18 anos,584
1504604,Mocajuba (PA),24 anos,493
1504604,Mocajuba (PA),25 anos,483
1504604,Mocajuba (PA),34 anos,340
1504604,Mocajuba (PA),40 anos,295
1504604,Mocajuba (PA),44 anos,231
1504604,Mocajuba (PA),45 anos,204
1504604,Mocajuba (PA),49 anos,206
1504604,Mocajuba (PA),50 anos,152
1504604,Mocajuba (PA),54 anos,168
1504604,Mocajuba (PA),55 anos,173
1504604,Mocajuba (PA),59 anos,136
1504604,Mocajuba (PA),60 anos,136
1504604,Mocajuba (PA),64 anos,105
1504604,Mocajuba (PA),70 anos ou mais,987
1504703,Moju (PA),Total,70018
1504703,Moju (PA),Menos de 1 ano,1520
1504703,Moju (PA),3 anos,1746
1504703,Moju (PA),4 anos,1721
1504703,Moju (PA),6 anos,1730
1504703,Moju (PA),7 anos,1733
1504703,Moju (PA),15 anos,1750
1504703,Moju (PA),16 anos,1654
1504703,Moju (PA),17 anos,1686
1504703,Moju (PA),18 anos,1552
1504703,Moju (PA),24 anos,1293
1504703,Moju (PA),25 anos,1273
1504703,Moju (PA),34 anos,919
1504703,Moju (PA),40 anos,830
1504703,Moju (PA),44 anos,579
1504703,Moju (PA),45 anos,546
1504703,Moju (PA),49 anos,450
1504703,Moju (PA),50 anos,510
1504703,Moju (PA),54 anos,431
1504703,Moju (PA),55 anos,418
1504703,Moju (PA),59 anos,331
1504703,Moju (PA),60 anos,335
1504703,Moju (PA),64 anos,230
1504703,Moju (PA),70 anos ou mais,1647
1504802,Monte Alegre (PA),Total,55462
1504802,Monte Alegre (PA),Menos de 1 ano,988
1504802,Monte Alegre (PA),3 anos,1130
1504802,Monte Alegre (PA),4 anos,1130
1504802,Monte Alegre (PA),6 anos,1130
1504802,Monte Alegre (PA),7 anos,1311
1504802,Monte Alegre (PA),15 anos,1441
1504802,Monte Alegre (PA),16 anos,1459
1504802,Monte Alegre (PA),17 anos,1248
1504802,Monte Alegre (PA),18 anos,1115
1504802,Monte Alegre (PA),24 anos,886
1504802,Monte Alegre (PA),25 anos,896
1504802,Monte Alegre (PA),34 anos,773
1504802,Monte Alegre (PA),40 anos,687
1504802,Monte Alegre (PA),44 anos,547
1504802,Monte Alegre (PA),45 anos,536
1504802,Monte Alegre (PA),49 anos,458
1504802,Monte Alegre (PA),50 anos,441
1504802,Monte Alegre (PA),54 anos,409
1504802,Monte Alegre (PA),55 anos,399
1504802,Monte Alegre (PA),59 anos,345
1504802,Monte Alegre (PA),60 anos,362
1504802,Monte Alegre (PA),64 anos,243
1504802,Monte Alegre (PA),70 anos ou mais,2228
1504901,Muaná (PA),Total,34204
1504901,Muaná (PA),Menos de 1 ano,762
1504901,Muaná (PA),3 anos,798
1504901,Muaná (PA),4 anos,826
1504901,Muaná (PA),6 anos,787
1504901,Muaná (PA),7 anos,923
1504901,Muaná (PA),15 anos,848
1504901,Muaná (PA),16 anos,770
1504901,Muaná (PA),17 anos,771
1504901,Muaná (PA),18 anos,683
1504901,Muaná (PA),24 anos,686
1504901,Muaná (PA),25 anos,617
1504901,Muaná (PA),34 anos,443
1504901,Muaná (PA),40 anos,493
1504901,Muaná (PA),44 anos,306
1504901,Muaná (PA),45 anos,303
1504901,Muaná (PA),49 anos,256
1504901,Muaná (PA),50 anos,283
1504901,Muaná (PA),54 anos,228
1504901,Muaná (PA),55 anos,209
1504901,Muaná (PA),59 anos,164
1504901,Muaná (PA),60 anos,179
1504901,Muaná (PA),64 anos,132
1504901,Muaná (PA),70 anos ou mais,936
1504950,Nova Esperança do Piriá (PA),Total,20158
1504950,Nova Esperança do Piriá (PA),Menos de 1 ano,470
1504950,Nova Esperança do Piriá (PA),3 anos,521
1504950,Nova Esperança do Piriá (PA),4 anos,491
1504950,Nova Esperança do Piriá (PA),6 anos,514
1504950,Nova Esperança do Piriá (PA),7 anos,531
1504950,Nova Esperança do Piriá (PA),15 anos,510
1504950,Nova Esperança do Piriá (PA),16 anos,475
1504950,Nova Esperança do Piriá (PA),17 anos,483
1504950,Nova Esperança do Piriá (PA),18 anos,423
1504950,Nova Esperança do Piriá (PA),24 anos,393
1504950,Nova Esperança do Piriá (PA),25 anos,401
1504950,Nova Esperança do Piriá (PA),34 anos,256
1504950,Nova Esperança do Piriá (PA),40 anos,219
1504950,Nova Esperança do Piriá (PA),44 anos,155
1504950,Nova Esperança do Piriá (PA),45 anos,158
1504950,Nova Esperança do Piriá (PA),49 anos,131
1504950,Nova Esperança do Piriá (PA),50 anos,135
1504950,Nova Esperança do Piriá (PA),54 anos,107
1504950,Nova Esperança do Piriá (PA),55 anos,107
1504950,Nova Esperança do Piriá (PA),59 anos,79
1504950,Nova Esperança do Piriá (PA),60 anos,99
1504950,Nova Esperança do Piriá (PA),64 anos,77
1504950,Nova Esperança do Piriá (PA),70 anos ou mais,306
1504976,Nova Ipixuna (PA),Total,14645
1504976,Nova Ipixuna (PA),Menos de 1 ano,275
1504976,Nova Ipixuna (PA),3 anos,365
1504976,Nova Ipixuna (PA),4 anos,316
1504976,Nova Ipixuna (PA),6 anos,326
1504976,Nova Ipixuna (PA),7 anos,328
1504976,Nova Ipixuna (PA),15 anos,364
1504976,Nova Ipixuna (PA),16 anos,322
1504976,Nova Ipixuna (PA),17 anos,305
1504976,Nova Ipixuna (PA),18 anos,311
1504976,Nova Ipixuna (PA),24 anos,263
1504976,Nova Ipixuna (PA),25 anos,251
1504976,Nova Ipixuna (PA),34 anos,188
1504976,Nova Ipixuna (PA),40 anos,170
1504976,Nova Ipixuna (PA),44 anos,148
1504976,Nova Ipixuna (PA),45 anos,153
1504976,Nova Ipixuna (PA),49 anos,110
1504976,Nova Ipixuna (PA),50 anos,130
1504976,Nova Ipixuna (PA),54 anos,104
1504976,Nova Ipixuna (PA),55 anos,129
1504976,Nova Ipixuna (PA),59 anos,89
1504976,Nova Ipixuna (PA),60 anos,102
1504976,Nova Ipixuna (PA),64 anos,84
1504976,Nova Ipixuna (PA),70 anos ou mais,405
1505007,Nova Timboteua (PA),Total,13670
1505007,Nova Timboteua (PA),Menos de 1 ano,213
1505007,Nova Timboteua (PA),3 anos,212
1505007,Nova Timboteua (PA),4 anos,247
1505007,Nova Timboteua (PA),6 anos,253
1505007,Nova Timboteua (PA),7 anos,252
1505007,Nova Timboteua (PA),15 anos,302
1505007,Nova Timboteua (PA),16 anos,239
1505007,Nova Timboteua (PA),17 anos,291
1505007,Nova Timboteua (PA),18 anos,260
1505007,Nova Timboteua (PA),24 anos,266
1505007,Nova Timboteua (PA),25 anos,262
1505007,Nova Timboteua (PA),34 anos,199
1505007,Nova Timboteua (PA),40 anos,185
1505007,Nova Timboteua (PA),44 anos,148
1505007,Nova Timboteua (PA),45 anos,148
1505007,Nova Timboteua (PA),49 anos,118
1505007,Nova Timboteua (PA),50 anos,125
1505007,Nova Timboteua (PA),54 anos,119
1505007,Nova Timboteua (PA),55 anos,125
1505007,Nova Timboteua (PA),59 anos,74
1505007,Nova Timboteua (PA),60 anos,114
1505007,Nova Timboteua (PA),64 anos,76
1505007,Nova Timboteua (PA),70 anos ou mais,674
1505031,Novo Progresso (PA),Total,25124
1505031,Novo Progresso (PA),Menos de 1 ano,458
1505031,Novo Progresso (PA),3 anos,519
1505031,Novo Progresso (PA),4 anos,518
1505031,Novo Progresso (PA),6 anos,503
1505031,Novo Progresso (PA),7 anos,469
1505031,Novo Progresso (PA),15 anos,529
1505031,Novo Progresso (PA),16 anos,495
1505031,Novo Progresso (PA),17 anos,484
1505031,Novo Progresso (PA),18 anos,448
1505031,Novo Progresso (PA),24 anos,491
1505031,Novo Progresso (PA),25 anos,466
1505031,Novo Progresso (PA),34 anos,410
1505031,Novo Progresso (PA),40 anos,397
1505031,Novo Progresso (PA),44 anos,350
1505031,Novo Progresso (PA),45 anos,364
1505031,Novo Progresso (PA),49 anos,262
1505031,Novo Progresso (PA),50 anos,266
1505031,Novo Progresso (PA),54 anos,171
1505031,Novo Progresso (PA),55 anos,223
1505031,Novo Progresso (PA),59 anos,120
1505031,Novo Progresso (PA),60 anos,150
1505031,Novo Progresso (PA),64 anos,70
1505031,Novo Progresso (PA),70 anos ou mais,289
1505064,Novo Repartimento (PA),Total,62050
1505064,Novo Repartimento (PA),Menos de 1 ano,1345
1505064,Novo Repartimento (PA),3 anos,1468
1505064,Novo Repartimento (PA),4 anos,1463
1505064,Novo Repartimento (PA),6 anos,1461
1505064,Novo Repartimento (PA),7 anos,1523
1505064,Novo Repartimento (PA),15 anos,1534
1505064,Novo Repartimento (PA),16 anos,1422
1505064,Novo Repartimento (PA),17 anos,1305
1505064,Novo Repartimento (PA),18 anos,1194
1505064,Novo Repartimento (PA),24 anos,1158
1505064,Novo Repartimento (PA),25 anos,1163
1505064,Novo Repartimento (PA),34 anos,866
1505064,Novo Repartimento (PA),40 anos,728
1505064,Novo Repartimento (PA),44 anos,618
1505064,Novo Repartimento (PA),45 anos,577
1505064,Novo Repartimento (PA),49 anos,481
1505064,Novo Repartimento (PA),50 anos,504
1505064,Novo Repartimento (PA),54 anos,370
1505064,Novo Repartimento (PA),55 anos,398
1505064,Novo Repartimento (PA),59 anos,336
1505064,Novo Repartimento (PA),60 anos,334
1505064,Novo Repartimento (PA),64 anos,232
1505064,Novo Repartimento (PA),70 anos ou mais,1288
1505106,Óbidos (PA),Total,49333
1505106,Óbidos (PA),Menos de 1 ano,1066
1505106,Óbidos (PA),3 anos,1184
1505106,Óbidos (PA),4 anos,1182
1505106,Óbidos (PA),6 anos,1181
1505106,Óbidos (PA),7 anos,1223
1505106,Óbidos (PA),15 anos,1158
1505106,Óbidos (PA),16 anos,1083
1505106,Óbidos (PA),17 anos,1076
1505106,Óbidos (PA),18 anos,976
1505106,Óbidos (PA),24 anos,829
1505106,Óbidos (PA),25 anos,827
1505106,Óbidos (PA),34 anos,679
1505106,Óbidos (PA),40 anos,597
1505106,Óbidos (PA),44 anos,471
1505106,Óbidos (PA),45 anos,466
1505106,Óbidos (PA),49 anos,361
1505106,Óbidos (PA),50 anos,408
1505106,Óbidos (PA),54 anos,361
1505106,Óbidos (PA),55 anos,338
1505106,Óbidos (PA),59 anos,300
1505106,Óbidos (PA),60 anos,275
1505106,Óbidos (PA),64 anos,240
1505106,Óbidos (PA),70 anos ou mais,1855
1505205,Oeiras do Pará (PA),Total,28595
1505205,Oeiras do Pará (PA),Menos de 1 ano,799
1505205,Oeiras do Pará (PA),3 anos,791
1505205,Oeiras do Pará (PA),4 anos,838
1505205,Oeiras do Pará (PA),6 anos,801
1505205,Oeiras do Pará (PA),7 anos,806
1505205,Oeiras do Pará (PA),15 anos,690
1505205,Oeiras do Pará (PA),16 anos,680
1505205,Oeiras do Pará (PA),17 anos,637
1505205,Oeiras do Pará (PA),18 anos,650
1505205,Oeiras do Pará (PA),24 anos,493
1505205,Oeiras do Pará (PA),25 anos,445
1505205,Oeiras do Pará (PA),34 anos,353
1505205,Oeiras do Pará (PA),40 anos,305
1505205,Oeiras do Pará (PA),44 anos,195
1505205,Oeiras do Pará (PA),45 anos,201
1505205,Oeiras do Pará (PA),49 anos,162
1505205,Oeiras do Pará (PA),50 anos,166
1505205,Oeiras do Pará (PA),54 anos,160
1505205,Oeiras do Pará (PA),55 anos,156
1505205,Oeiras do Pará (PA),59 anos,125
1505205,Oeiras do Pará (PA),60 anos,130
1505205,Oeiras do Pará (PA),64 anos,96
1505205,Oeiras do Pará (PA),70 anos ou mais,690
1505304,Oriximiná (PA),Total,62794
1505304,Oriximiná (PA),Menos de 1 ano,1362
1505304,Oriximiná (PA),3 anos,1466
1505304,Oriximiná (PA),4 anos,1577
1505304,Oriximiná (PA),6 anos,1565
1505304,Oriximiná (PA),7 anos,1564
1505304,Oriximiná (PA),15 anos,1488
1505304,Oriximiná (PA),16 anos,1520
1505304,Oriximiná (PA),17 anos,1364
1505304,Oriximiná (PA),18 anos,1267
1505304,Oriximiná (PA),24 anos,1082
1505304,Oriximiná (PA),25 anos,1115
1505304,Oriximiná (PA),34 anos,832
1505304,Oriximiná (PA),40 anos,729
1505304,Oriximiná (PA),44 anos,550
1505304,Oriximiná (PA),45 anos,605
1505304,Oriximiná (PA),49 anos,465
1505304,Oriximiná (PA),50 anos,462
1505304,Oriximiná (PA),54 anos,437
1505304,Oriximiná (PA),55 anos,440
1505304,Oriximiná (PA),59 anos,305
1505304,Oriximiná (PA),60 anos,326
1505304,Oriximiná (PA),64 anos,236
1505304,Oriximiná (PA),70 anos ou mais,1853
1505403,Ourém (PA),Total,16311
1505403,Ourém (PA),Menos de 1 ano,327
1505403,Ourém (PA),3 anos,298
1505403,Ourém (PA),4 anos,354
1505403,Ourém (PA),6 anos,353
1505403,Ourém (PA),7 anos,347
1505403,Ourém (PA),15 anos,379
1505403,Ourém (PA),16 anos,391
1505403,Ourém (PA),17 anos,386
1505403,Ourém (PA),18 anos,373
1505403,Ourém (PA),24 anos,286
1505403,Ourém (PA),25 anos,290
1505403,Ourém (PA),34 anos,219
1505403,Ourém (PA),40 anos,191
1505403,Ourém (PA),44 anos,145
1505403,Ourém (PA),45 anos,151
1505403,Ourém (PA),49 anos,138
1505403,Ourém (PA),50 anos,107
1505403,Ourém (PA),54 anos,107
1505403,Ourém (PA),55 anos,113
1505403,Ourém (PA),59 anos,88
1505403,Ourém (PA),60 anos,87
1505403,Ourém (PA),64 anos,68
1505403,Ourém (PA),70 anos ou mais,649
1505437,Ourilândia do Norte (PA),Total,27359
1505437,Ourilândia do Norte (PA),Menos de 1 ano,606
1505437,Ourilândia do Norte (PA),3 anos,569
1505437,Ourilândia do Norte (PA),4 anos,547
1505437,Ourilândia do Norte (PA),6 anos,545
1505437,Ourilândia do Norte (PA),7 anos,550
1505437,Ourilândia do Norte (PA),15 anos,634
1505437,Ourilândia do Norte (PA),16 anos,617
1505437,Ourilândia do Norte (PA),17 anos,596
1505437,Ourilândia do Norte (PA),18 anos,544
1505437,Ourilândia do Norte (PA),24 anos,615
1505437,Ourilândia do Norte (PA),25 anos,573
1505437,Ourilândia do Norte (PA),34 anos,441
1505437,Ourilândia do Norte (PA),40 anos,429
1505437,Ourilândia do Norte (PA),44 anos,275
1505437,Ourilândia do Norte (PA),45 anos,292
1505437,Ourilândia do Norte (PA),49 anos,214
1505437,Ourilândia do Norte (PA),50 anos,232
1505437,Ourilândia do Norte (PA),54 anos,152
1505437,Ourilândia do Norte (PA),55 anos,127
1505437,Ourilândia do Norte (PA),59 anos,119
1505437,Ourilândia do Norte (PA),60 anos,106
1505437,Ourilândia do Norte (PA),64 anos,72
1505437,Ourilândia do Norte (PA),70 anos ou mais,453
1505486,Pacajá (PA),Total,39979
1505486,Pacajá (PA),Menos de 1 ano,801
1505486,Pacajá (PA),3 anos,962
1505486,Pacajá (PA),4 anos,919
1505486,Pacajá (PA),6 anos,870
1505486,Pacajá (PA),7 anos,943
1505486,Pacajá (PA),15 anos,979
1505486,Pacajá (PA),16 anos,942
1505486,Pacajá (PA),17 anos,894
1505486,Pacajá (PA),18 anos,860
1505486,Pacajá (PA),24 anos,760
1505486,Pacajá (PA),25 anos,754
1505486,Pacajá (PA),34 anos,507
1505486,Pacajá (PA),40 anos,438
1505486,Pacajá (PA),44 anos,381
1505486,Pacajá (PA),45 anos,378
1505486,Pacajá (PA),49 anos,325
1505486,Pacajá (PA),50 anos,325
1505486,Pacajá (PA),54 anos,270
1505486,Pacajá (PA),55 anos,279
1505486,Pacajá (PA),59 anos,221
1505486,Pacajá (PA),60 anos,238
1505486,Pacajá (PA),64 anos,166
1505486,Pacajá (PA),70 anos ou mais,957
1505494,Palestina do Pará (PA),Total,7475
1505494,Palestina do Pará (PA),Menos de 1 ano,147
1505494,Palestina do Pará (PA),3 anos,159
1505494,Palestina do Pará (PA),4 anos,164
1505494,Palestina do Pará (PA),6 anos,154
1505494,Palestina do Pará (PA),7 anos,172
1505494,Palestina do Pará (PA),15 anos,174
1505494,Palestina do Pará (PA),16 anos,178
1505494,Palestina do Pará (PA),17 anos,162
1505494,Palestina do Pará (PA),18 anos,177
1505494,Palestina do Pará (PA),24 anos,136
1505494,Palestina do Pará (PA),25 anos,142
1505494,Palestina do Pará (PA),34 anos,113
1505494,Palestina do Pará (PA),40 anos,72
1505494,Palestina do Pará (PA),44 anos,63
1505494,Palestina do Pará (PA),45 anos,67
1505494,Palestina do Pará (PA),49 anos,63
1505494,Palestina do Pará (PA),50 anos,67
1505494,Palestina do Pará (PA),54 anos,63
1505494,Palestina do Pará (PA),55 anos,59
1505494,Palestina do Pará (PA),59 anos,41
1505494,Palestina do Pará (PA),60 anos,67
1505494,Palestina do Pará (PA),64 anos,35
1505494,Palestina do Pará (PA),70 anos ou mais,293
1505502,Paragominas (PA),Total,97819
1505502,Paragominas (PA),Menos de 1 ano,2134
1505502,Paragominas (PA),3 anos,2139
1505502,Paragominas (PA),4 anos,2135
1505502,Paragominas (PA),6 anos,2137
1505502,Paragominas (PA),7 anos,2185
1505502,Paragominas (PA),15 anos,2082
1505502,Paragominas (PA),16 anos,1986
1505502,Paragominas (PA),17 anos,2075
1505502,Paragominas (PA),18 anos,1980
1505502,Paragominas (PA),24 anos,2105
1505502,Paragominas (PA),25 anos,2225
1505502,Paragominas (PA),34 anos,1436
1505502,Paragominas (PA),40 anos,1326
1505502,Paragominas (PA),44 anos,934
1505502,Paragominas (PA),45 anos,923
1505502,Paragominas (PA),49 anos,629
1505502,Paragominas (PA),50 anos,803
1505502,Paragominas (PA),54 anos,590
1505502,Paragominas (PA),55 anos,543
1505502,Paragominas (PA),59 anos,409
1505502,Paragominas (PA),60 anos,417
1505502,Paragominas (PA),64 anos,249
1505502,Paragominas (PA),70 anos ou mais,1543
1505536,Parauapebas (PA),Total,153908
1505536,Parauapebas (PA),Menos de 1 ano,3428
1505536,Parauapebas (PA),3 anos,3269
1505536,Parauapebas (PA),4 anos,3242
1505536,Parauapebas (PA),6 anos,3070
1505536,Parauapebas (PA),7 anos,2987
1505536,Parauapebas (PA),15 anos,3160
1505536,Parauapebas (PA),16 anos,2973
1505536,Parauapebas (PA),17 anos,3003
1505536,Parauapebas (PA),18 anos,3137
1505536,Parauapebas (PA),24 anos,3982
1505536,Parauapebas (PA),25 anos,3863
1505536,Parauapebas (PA),34 anos,2518
1505536,Parauapebas (PA),40 anos,2004
1505536,Parauapebas (PA),44 anos,1534
1505536,Parauapebas (PA),45 anos,1433
1505536,Parauapebas (PA),49 anos,1167
1505536,Parauapebas (PA),50 anos,1102
1505536,Parauapebas (PA),54 anos,790
1505536,Parauapebas (PA),55 anos,768
1505536,Parauapebas (PA),59 anos,508
1505536,Parauapebas (PA),60 anos,537
1505536,Parauapebas (PA),64 anos,330
1505536,Parauapebas (PA),70 anos ou mais,1940
1505551,Pau D'Arco (PA),Total,6033
1505551,Pau D'Arco (PA),Menos de 1 ano,115
1505551,Pau D'Arco (PA),3 anos,127
1505551,Pau D'Arco (PA),4 anos,105
1505551,Pau D'Arco (PA),6 anos,112
1505551,Pau D'Arco (PA),7 anos,121
1505551,Pau D'Arco (PA),15 anos,157
1505551,Pau D'Arco (PA),16 anos,149
1505551,Pau D'Arco (PA),17 anos,153
1505551,Pau D'Arco (PA),18 anos,114
1505551,Pau D'Arco (PA),24 anos,102
1505551,Pau D'Arco (PA),25 anos,95
1505551,Pau D'Arco (PA),34 anos,84
1505551,Pau D'Arco (PA),40 anos,84
1505551,Pau D'Arco (PA),44 anos,79
1505551,Pau D'Arco (PA),45 anos,53
1505551,Pau D'Arco (PA),49 anos,51
1505551,Pau D'Arco (PA),50 anos,55
1505551,Pau D'Arco (PA),54 anos,44
1505551,Pau D'Arco (PA),55 anos,47
1505551,Pau D'Arco (PA),59 anos,28
1505551,Pau D'Arco (PA),60 anos,42
1505551,Pau D'Arco (PA),64 anos,30
1505551,Pau D'Arco (PA),70 anos ou mais,212
1505601,Peixe-Boi (PA),Total,7854
1505601,Peixe-Boi (PA),Menos de 1 ano,134
1505601,Peixe-Boi (PA),3 anos,126
1505601,Peixe-Boi (PA),4 anos,145
1505601,Peixe-Boi (PA),6 anos,148
1505601,Peixe-Boi (PA),7 anos,146
1505601,Peixe-Boi (PA),15 anos,166
1505601,Peixe-Boi (PA),16 anos,166
1505601,Peixe-Boi (PA),17 anos,166
1505601,Peixe-Boi (PA),18 anos,145
1505601,Peixe-Boi (PA),24 anos,162
1505601,Peixe-Boi (PA),25 anos,139
1505601,Peixe-Boi (PA),34 anos,99
1505601,Peixe-Boi (PA),40 anos,98
1505601,Peixe-Boi (PA),44 anos,90
1505601,Peixe-Boi (PA),45 anos,94
1505601,Peixe-Boi (PA),49 anos,64
1505601,Peixe-Boi (PA),50 anos,84
1505601,Peixe-Boi (PA),54 anos,72
1505601,Peixe-Boi (PA),55 anos,74
1505601,Peixe-Boi (PA),59 anos,53
1505601,Peixe-Boi (PA),60 anos,56
1505601,Peixe-Boi (PA),64 anos,37
1505601,Peixe-Boi (PA),70 anos ou mais,403
1505635,Piçarra (PA),Total,12697
1505635,Piçarra (PA),Menos de 1 ano,254
1505635,Piçarra (PA),3 anos,271
1505635,Piçarra (PA),4 anos,277
1505635,Piçarra (PA),6 anos,293
1505635,Piçarra (PA),7 anos,273
1505635,Piçarra (PA),15 anos,284
1505635,Piçarra (PA),16 anos,260
1505635,Piçarra (PA),17 anos,257
1505635,Piçarra (PA),18 anos,255
1505635,Piçarra (PA),24 anos,203
1505635,Piçarra (PA),25 anos,214
1505635,Piçarra (PA),34 anos,172
1505635,Piçarra (PA),40 anos,174
1505635,Piçarra (PA),44 anos,154
1505635,Piçarra (PA),45 anos,131
1505635,Piçarra (PA),49 anos,105
1505635,Piçarra (PA),50 anos,123
1505635,Piçarra (PA),54 anos,100
1505635,Piçarra (PA),55 anos,82
1505635,Piçarra (PA),59 anos,83
1505635,Piçarra (PA),60 anos,88
1505635,Piçarra (PA),64 anos,52
1505635,Piçarra (PA),70 anos ou mais,302
1505650,Placas (PA),Total,23934
1505650,Placas (PA),Menos de 1 ano,505
1505650,Placas (PA),3 anos,575
1505650,Placas (PA),4 anos,568
1505650,Placas (PA),6 anos,558
1505650,Placas (PA),7 anos,571
1505650,Placas (PA),15 anos,499
1505650,Placas (PA),16 anos,514
1505650,Placas (PA),17 anos,472
1505650,Placas (PA),18 anos,474
1505650,Placas (PA),24 anos,453
1505650,Placas (PA),25 anos,476
1505650,Placas (PA),34 anos,344
1505650,Placas (PA),40 anos,296
1505650,Placas (PA),44 anos,235
1505650,Placas (PA),45 anos,210
1505650,Placas (PA),49 anos,218
1505650,Placas (PA),50 anos,209
1505650,Placas (PA),54 anos,154
1505650,Placas (PA),55 anos,141
1505650,Placas (PA),59 anos,127
1505650,Placas (PA),60 anos,143
1505650,Placas (PA),64 anos,81
1505650,Placas (PA),70 anos ou mais,414
1505700,Ponta de Pedras (PA),Total,25999
1505700,Ponta de Pedras (PA),Menos de 1 ano,553
1505700,Ponta de Pedras (PA),3 anos,506
1505700,Ponta de Pedras (PA),4 anos,603
1505700,Ponta de Pedras (PA),6 anos,628
1505700,Ponta de Pedras (PA),7 anos,620
1505700,Ponta de Pedras (PA),15 anos,611
1505700,Ponta de Pedras (PA),16 anos,584
1505700,Ponta de Pedras (PA),17 anos,603
1505700,Ponta de Pedras (PA),18 anos,569
1505700,Ponta de Pedras (PA),24 anos,538
1505700,Ponta de Pedras (PA),25 anos,498
1505700,Ponta de Pedras (PA),34 anos,354
1505700,Ponta de Pedras (PA),40 anos,352
1505700,Ponta de Pedras (PA),44 anos,250
1505700,Ponta de Pedras (PA),45 anos,274
1505700,Ponta de Pedras (PA),49 anos,219
1505700,Ponta de Pedras (PA),50 anos,228
1505700,Ponta de Pedras (PA),54 anos,182
1505700,Ponta de Pedras (PA),55 anos,185
1505700,Ponta de Pedras (PA),59 anos,125
1505700,Ponta de Pedras (PA),60 anos,149
1505700,Ponta de Pedras (PA),64 anos,90
1505700,Ponta de Pedras (PA),70 anos ou mais,854
1505809,Portel (PA),Total,52172
1505809,Portel (PA),Menos de 1 ano,1586
1505809,Portel (PA),3 anos,1581
1505809,Portel (PA),4 anos,1605
1505809,Portel (PA),6 anos,1622
1505809,Portel (PA),7 anos,1570
1505809,Portel (PA),15 anos,1272
1505809,Portel (PA),16 anos,1212
1505809,Portel (PA),17 anos,1155
1505809,Portel (PA),18 anos,1094
1505809,Portel (PA),24 anos,909
1505809,Portel (PA),25 anos,918
1505809,Portel (PA),34 anos,579
1505809,Portel (PA),40 anos,521
1505809,Portel (PA),44 anos,349
1505809,Portel (PA),45 anos,337
1505809,Portel (PA),49 anos,315
1505809,Portel (PA),50 anos,320
1505809,Portel (PA),54 anos,271
1505809,Portel (PA),55 anos,293
1505809,Portel (PA),59 anos,192
1505809,Portel (PA),60 anos,209
1505809,Portel (PA),64 anos,168
1505809,Portel (PA),70 anos ou mais,1088
1505908,Porto de Moz (PA),Total,33956
1505908,Porto de Moz (PA),Menos de 1 ano,1048
1505908,Porto de Moz (PA),3 anos,971
1505908,Porto de Moz (PA),4 anos,999
1505908,Porto de Moz (PA),6 anos,887
1505908,Porto de Moz (PA),7 anos,979
1505908,Porto de Moz (PA),15 anos,949
1505908,Porto de Moz (PA),16 anos,846
1505908,Porto de Moz (PA),17 anos,748
1505908,Porto de Moz (PA),18 anos,758
1505908,Porto de Moz (PA),24 anos,636
1505908,Porto de Moz (PA),25 anos,657
1505908,Porto de Moz (PA),34 anos,408
1505908,Porto de Moz (PA),40 anos,378
1505908,Porto de Moz (PA),44 anos,252
1505908,Porto de Moz (PA),45 anos,245
1505908,Porto de Moz (PA),49 anos,194
1505908,Porto de Moz (PA),50 anos,205
1505908,Porto de Moz (PA),54 anos,140
1505908,Porto de Moz (PA),55 anos,136
1505908,Porto de Moz (PA),59 anos,94
1505908,Porto de Moz (PA),60 anos,130
1505908,Porto de Moz (PA),64 anos,89
1505908,Porto de Moz (PA),70 anos ou mais,627
1506005,Prainha (PA),Total,29349
1506005,Prainha (PA),Menos de 1 ano,701
1506005,Prainha (PA),3 anos,737
1506005,Prainha (PA),4 anos,717
1506005,Prainha (PA),6 anos,766
1506005,Prainha (PA),7 anos,828
1506005,Prainha (PA),15 anos,714
1506005,Prainha (PA),16 anos,770
1506005,Prainha (PA),17 anos,645
1506005,Prainha (PA),18 anos,644
1506005,Prainha (PA),24 anos,506
1506005,Prainha (PA),25 anos,492
1506005,Prainha (PA),34 anos,339
1506005,Prainha (PA),40 anos,340
1506005,Prainha (PA),44 anos,282
1506005,Prainha (PA),45 anos,230
1506005,Prainha (PA),49 anos,205
1506005,Prainha (PA),50 anos,230
1506005,Prainha (PA),54 anos,168
1506005,Prainha (PA),55 anos,193
1506005,Prainha (PA),59 anos,126
1506005,Prainha (PA),60 anos,125
1506005,Prainha (PA),64 anos,84
1506005,Prainha (PA),70 anos ou mais,694
1506104,Primavera (PA),Total,10268
1506104,Primavera (PA),Menos de 1 ano,151
1506104,Primavera (PA),3 anos,187
1506104,Primavera (PA),4 anos,168
1506104,Primavera (PA),6 anos,236
1506104,Primavera (PA),7 anos,225
1506104,Primavera (PA),15 anos,235
1506104,Primavera (PA),16 anos,253
1506104,Primavera (PA),17 anos,243
1506104,Primavera (PA),18 anos,198
1506104,Primavera (PA),24 anos,199
1506104,Primavera (PA),25 anos,192
1506104,Primavera (PA),34 anos,135
1506104,Primavera (PA),40 anos,114
1506104,Primavera (PA),44 anos,115
1506104,Primavera (PA),45 anos,97
1506104,Primavera (PA),49 anos,93
1506104,Primavera (PA),50 anos,76
1506104,Primavera (PA),54 anos,82
1506104,Primavera (PA),55 anos,75
1506104,Primavera (PA),59 anos,80
1506104,Primavera (PA),60 anos,78
1506104,Primavera (PA),64 anos,44
1506104,Primavera (PA),70 anos ou mais,522
1506112,Quatipuru (PA),Total,12411
1506112,Quatipuru (PA),Menos de 1 ano,209
1506112,Quatipuru (PA),3 anos,238
1506112,Quatipuru (PA),4 anos,236
1506112,Quatipuru (PA),6 anos,293
1506112,Quatipuru (PA),7 anos,312
1506112,Quatipuru (PA),15 anos,315
1506112,Quatipuru (PA),16 anos,306
1506112,Quatipuru (PA),17 anos,270
1506112,Quatipuru (PA),18 anos,263
1506112,Quatipuru (PA),24 anos,221
1506112,Quatipuru (PA),25 anos,211
1506112,Quatipuru (PA),34 anos,150
1506112,Quatipuru (PA),40 anos,150
1506112,Quatipuru (PA),44 anos,100
1506112,Quatipuru (PA),45 anos,102
1506112,Quatipuru (PA),49 anos,134
1506112,Quatipuru (PA),50 anos,106
1506112,Quatipuru (PA),54 anos,88
1506112,Quatipuru (PA),55 anos,77
1506112,Quatipuru (PA),59 anos,70
1506112,Quatipuru (PA),60 anos,92
1506112,Quatipuru (PA),64 anos,55
1506112,Quatipuru (PA),70 anos ou mais,520
1506138,Redenção (PA),Total,75556
1506138,Redenção (PA),Menos de 1 ano,1389
1506138,Redenção (PA),3 anos,1331
1506138,Redenção (PA),4 anos,1427
1506138,Redenção (PA),6 anos,1406
1506138,Redenção (PA),7 anos,1458
1506138,Redenção (PA),15 anos,1773
1506138,Redenção (PA),16 anos,1549
1506138,Redenção (PA),17 anos,1543
1506138,Redenção (PA),18 anos,1574
1506138,Redenção (PA),24 anos,1456
1506138,Redenção (PA),25 anos,1465
1506138,Redenção (PA),34 anos,1142
1506138,Redenção (PA),40 anos,1065
1506138,Redenção (PA),44 anos,904
1506138,Redenção (PA),45 anos,829
1506138,Redenção (PA),49 anos,657
1506138,Redenção (PA),50 anos,619
1506138,Redenção (PA),54 anos,567
1506138,Redenção (PA),55 anos,500
1506138,Redenção (PA),59 anos,393
1506138,Redenção (PA),60 anos,361
1506138,Redenção (PA),64 anos,307
1506138,Redenção (PA),70 anos ou mais,2041
1506161,Rio Maria (PA),Total,17697
1506161,Rio Maria (PA),Menos de 1 ano,285
1506161,Rio Maria (PA),3 anos,317
1506161,Rio Maria (PA),4 anos,309
1506161,Rio Maria (PA),6 anos,332
1506161,Rio Maria (PA),7 anos,330
1506161,Rio Maria (PA),15 anos,377
1506161,Rio Maria (PA),16 anos,333
1506161,Rio Maria (PA),17 anos,333
1506161,Rio Maria (PA),18 anos,352
1506161,Rio Maria (PA),24 anos,349
1506161,Rio Maria (PA),25 anos,341
1506161,Rio Maria (PA),34 anos,288
1506161,Rio Maria (PA),40 anos,273
1506161,Rio Maria (PA),44 anos,206
1506161,Rio Maria (PA),45 anos,214
1506161,Rio Maria (PA),49 anos,166
1506161,Rio Maria (PA),50 anos,154
1506161,Rio Maria (PA),54 anos,149
1506161,Rio Maria (PA),55 anos,148
1506161,Rio Maria (PA),59 anos,112
1506161,Rio Maria (PA),60 anos,135
1506161,Rio Maria (PA),64 anos,80
1506161,Rio Maria (PA),70 anos ou mais,579
1506187,Rondon do Pará (PA),Total,46964
1506187,Rondon do Pará (PA),Menos de 1 ano,753
1506187,Rondon do Pará (PA),3 anos,897
1506187,Rondon do Pará (PA),4 anos,921
1506187,Rondon do Pará (PA),6 anos,911
1506187,Rondon do Pará (PA),7 anos,871
1506187,Rondon do Pará (PA),15 anos,1116
1506187,Rondon do Pará (PA),16 anos,1016
1506187,Rondon do Pará (PA),17 anos,976
1506187,Rondon do Pará (PA),18 anos,966
1506187,Rondon do Pará (PA),24 anos,890
1506187,Rondon do Pará (PA),25 anos,1008
1506187,Rondon do Pará (PA),34 anos,691
1506187,Rondon do Pará (PA),40 anos,713
1506187,Rondon do Pará (PA),44 anos,513
1506187,Rondon do Pará (PA),45 anos,604
1506187,Rondon do Pará (PA),49 anos,402
1506187,Rondon do Pará (PA),50 anos,459
1506187,Rondon do Pará (PA),54 anos,309
1506187,Rondon do Pará (PA),55 anos,374
1506187,Rondon do Pará (PA),59 anos,264
1506187,Rondon do Pará (PA),60 anos,303
1506187,Rondon do Pará (PA),64 anos,166
1506187,Rondon do Pará (PA),70 anos ou mais,1275
1506195,Rurópolis (PA),Total,40087
1506195,Rurópolis (PA),Menos de 1 ano,770
1506195,Rurópolis (PA),3 anos,869
1506195,Rurópolis (PA),4 anos,884
1506195,Rurópolis (PA),6 anos,920
1506195,Rurópolis (PA),7 anos,943
1506195,Rurópolis (PA),15 anos,877
1506195,Rurópolis (PA),16 anos,898
1506195,Rurópolis (PA),17 anos,853
1506195,Rurópolis (PA),18 anos,818
1506195,Rurópolis (PA),24 anos,700
1506195,Rurópolis (PA),25 anos,807
1506195,Rurópolis (PA),34 anos,562
1506195,Rurópolis (PA),40 anos,632
1506195,Rurópolis (PA),44 anos,349
1506195,Rurópolis (PA),45 anos,406
1506195,Rurópolis (PA),49 anos,339
1506195,Rurópolis (PA),50 anos,412
1506195,Rurópolis (PA),54 anos,269
1506195,Rurópolis (PA),55 anos,263
1506195,Rurópolis (PA),59 anos,235
1506195,Rurópolis (PA),60 anos,263
1506195,Rurópolis (PA),64 anos,141
1506195,Rurópolis (PA),70 anos ou mais,902
1506203,Salinópolis (PA),Total,37421
1506203,Salinópolis (PA),Menos de 1 ano,614
1506203,Salinópolis (PA),3 anos,742
1506203,Salinópolis (PA),4 anos,746
1506203,Salinópolis (PA),6 anos,696
1506203,Salinópolis (PA),7 anos,813
1506203,Salinópolis (PA),15 anos,885
1506203,Salinópolis (PA),16 anos,848
1506203,Salinópolis (PA),17 anos,802
1506203,Salinópolis (PA),18 anos,867
1506203,Salinópolis (PA),24 anos,752
1506203,Salinópolis (PA),25 anos,737
1506203,Salinópolis (PA),34 anos,546
1506203,Salinópolis (PA),40 anos,480
1506203,Salinópolis (PA),44 anos,376
1506203,Salinópolis (PA),45 anos,373
1506203,Salinópolis (PA),49 anos,327
1506203,Salinópolis (PA),50 anos,287
1506203,Salinópolis (PA),54 anos,269
1506203,Salinópolis (PA),55 anos,265
1506203,Salinópolis (PA),59 anos,225
1506203,Salinópolis (PA),60 anos,216
1506203,Salinópolis (PA),64 anos,154
1506203,Salinópolis (PA),70 anos ou mais,1180
1506302,Salvaterra (PA),Total,20183
1506302,Salvaterra (PA),Menos de 1 ano,391
1506302,Salvaterra (PA),3 anos,383
1506302,Salvaterra (PA),4 anos,394
1506302,Salvaterra (PA),6 anos,401
1506302,Salvaterra (PA),7 anos,419
1506302,Salvaterra (PA),15 anos,485
1506302,Salvaterra (PA),16 anos,474
1506302,Salvaterra (PA),17 anos,441
1506302,Salvaterra (PA),18 anos,452
1506302,Salvaterra (PA),24 anos,402
1506302,Salvaterra (PA),25 anos,327
1506302,Salvaterra (PA),34 anos,291
1506302,Salvaterra (PA),40 anos,261
1506302,Salvaterra (PA),44 anos,183
1506302,Salvaterra (PA),45 anos,189
1506302,Salvaterra (PA),49 anos,183
1506302,Salvaterra (PA),50 anos,181
1506302,Salvaterra (PA),54 anos,169
1506302,Salvaterra (PA),55 anos,140
1506302,Salvaterra (PA),59 anos,129
1506302,Salvaterra (PA),60 anos,127
1506302,Salvaterra (PA),64 anos,108
1506302,Salvaterra (PA),70 anos ou mais,786
1506351,Santa Bárbara do Pará (PA),Total,17141
1506351,Santa Bárbara do Pará (PA),Menos de 1 ano,329
1506351,Santa Bárbara do Pará (PA),3 anos,303
1506351,Santa Bárbara do Pará (PA),4 anos,295
1506351,Santa Bárbara do Pará (PA),6 anos,347
1506351,Santa Bárbara do Pará (PA),7 anos,342
1506351,Santa Bárbara do Pará (PA),15 anos,336
1506351,Santa Bárbara do Pará (PA),16 anos,382
1506351,Santa Bárbara do Pará (PA),17 anos,331
1506351,Santa Bárbara do Pará (PA),18 anos,341
1506351,Santa Bárbara do Pará (PA),24 anos,300
1506351,Santa Bárbara do Pará (PA),25 anos,321
1506351,Santa Bárbara do Pará (PA),34 anos,254
1506351,Santa Bárbara do Pará (PA),40 anos,240
1506351,Santa Bárbara do Pará (PA),44 anos,180
1506351,Santa Bárbara do Pará (PA),45 anos,170
1506351,Santa Bárbara do Pará (PA),49 anos,129
1506351,Santa Bárbara do Pará (PA),50 anos,125
1506351,Santa Bárbara do Pará (PA),54 anos,126
1506351,Santa Bárbara do Pará (PA),55 anos,121
1506351,Santa Bárbara do Pará (PA),59 anos,91
1506351,Santa Bárbara do Pará (PA),60 anos,112
1506351,Santa Bárbara do Pará (PA),64 anos,85
1506351,Santa Bárbara do Pará (PA),70 anos ou mais,549
1506401,Santa Cruz do Arari (PA),Total,8155
1506401,Santa Cruz do Arari (PA),Menos de 1 ano,131
1506401,Santa Cruz do Arari (PA),3 anos,132
1506401,Santa Cruz do Arari (PA),4 anos,178
1506401,Santa Cruz do Arari (PA),6 anos,135
1506401,Santa Cruz do Arari (PA),7 anos,166
1506401,Santa Cruz do Arari (PA),15 anos,195
1506401,Santa Cruz do Arari (PA),16 anos,178
1506401,Santa Cruz do Arari (PA),17 anos,182
1506401,Santa Cruz do Arari (PA),18 anos,236
1506401,Santa Cruz do Arari (PA),24 anos,167
1506401,Santa Cruz do Arari (PA),25 anos,168
1506401,Santa Cruz do Arari (PA),34 anos,125
1506401,Santa Cruz do Arari (PA),40 anos,103
1506401,Santa Cruz do Arari (PA),44 anos,84
1506401,Santa Cruz do Arari (PA),45 anos,106
1506401,Santa Cruz do Arari (PA),49 anos,68
1506401,Santa Cruz do Arari (PA),50 anos,60
1506401,Santa Cruz do Arari (PA),54 anos,50
1506401,Santa Cruz do Arari (PA),55 anos,53
1506401,Santa Cruz do Arari (PA),59 anos,39
1506401,Santa Cruz do Arari (PA),60 anos,45
1506401,Santa Cruz do Arari (PA),64 anos,38
1506401,Santa Cruz do Arari (PA),70 anos ou mais,252
1506500,Santa Izabel do Pará (PA),Total,59466
1506500,Santa Izabel do Pará (PA),Menos de 1 ano,978
1506500,Santa Izabel do Pará (PA),3 anos,985
1506500,Santa Izabel do Pará (PA),4 anos,1016
1506500,Santa Izabel do Pará (PA),6 anos,1138
1506500,Santa Izabel do Pará (PA),7 anos,1077
1506500,Santa Izabel do Pará (PA),15 anos,1261
1506500,Santa Izabel do Pará (PA),16 anos,1270
1506500,Santa Izabel do Pará (PA),17 anos,1230
1506500,Santa Izabel do Pará (PA),18 anos,1245
1506500,Santa Izabel do Pará (PA),24 anos,1336
1506500,Santa Izabel do Pará (PA),25 anos,1206
1506500,Santa Izabel do Pará (PA),34 anos,927
1506500,Santa Izabel do Pará (PA),40 anos,866
1506500,Santa Izabel do Pará (PA),44 anos,695
1506500,Santa Izabel do Pará (PA),45 anos,560
1506500,Santa Izabel do Pará (PA),49 anos,498
1506500,Santa Izabel do Pará (PA),50 anos,458
1506500,Santa Izabel do Pará (PA),54 anos,372
1506500,Santa Izabel do Pará (PA),55 anos,390
1506500,Santa Izabel do Pará (PA),59 anos,282
1506500,Santa Izabel do Pará (PA),60 anos,328
1506500,Santa Izabel do Pará (PA),64 anos,238
1506500,Santa Izabel do Pará (PA),70 anos ou mais,1804
1506559,Santa Luzia do Pará (PA),Total,19424
1506559,Santa Luzia do Pará (PA),Menos de 1 ano,362
1506559,Santa Luzia do Pará (PA),3 anos,412
1506559,Santa Luzia do Pará (PA),4 anos,422
1506559,Santa Luzia do Pará (PA),6 anos,408
1506559,Santa Luzia do Pará (PA),7 anos,440
1506559,Santa Luzia do Pará (PA),15 anos,457
1506559,Santa Luzia do Pará (PA),16 anos,467
1506559,Santa Luzia do Pará (PA),17 anos,487
1506559,Santa Luzia do Pará (PA),18 anos,435
1506559,Santa Luzia do Pará (PA),24 anos,364
1506559,Santa Luzia do Pará (PA),25 anos,351
1506559,Santa Luzia do Pará (PA),34 anos,254
1506559,Santa Luzia do Pará (PA),40 anos,209
1506559,Santa Luzia do Pará (PA),44 anos,165
1506559,Santa Luzia do Pará (PA),45 anos,187
1506559,Santa Luzia do Pará (PA),49 anos,146
1506559,Santa Luzia do Pará (PA),50 anos,155
1506559,Santa Luzia do Pará (PA),54 anos,138
1506559,Santa Luzia do Pará (PA),55 anos,126
1506559,Santa Luzia do Pará (PA),59 anos,93
1506559,Santa Luzia do Pará (PA),60 anos,112
1506559,Santa Luzia do Pará (PA),64 anos,72
1506559,Santa Luzia do Pará (PA),70 anos ou mais,718
1506583,Santa Maria das Barreiras (PA),Total,17206
1506583,Santa Maria das Barreiras (PA),Menos de 1 ano,300
1506583,Santa Maria das Barreiras (PA),3 anos,344
1506583,Santa Maria das Barreiras (PA),4 anos,326
1506583,Santa Maria das Barreiras (PA),6 anos,326
1506583,Santa Maria das Barreiras (PA),7 anos,383
1506583,Santa Maria das Barreiras (PA),15 anos,369
1506583,Santa Maria das Barreiras (PA),16 anos,358
1506583,Santa Maria das Barreiras (PA),17 anos,296
1506583,Santa Maria das Barreiras (PA),18 anos,307
1506583,Santa Maria das Barreiras (PA),24 anos,305
1506583,Santa Maria das Barreiras (PA),25 anos,282
1506583,Santa Maria das Barreiras (PA),34 anos,253
1506583,Santa Maria das Barreiras (PA),40 anos,255
1506583,Santa Maria das Barreiras (PA),44 anos,210
1506583,Santa Maria das Barreiras (PA),45 anos,218
1506583,Santa Maria das Barreiras (PA),49 anos,181
1506583,Santa Maria das Barreiras (PA),50 anos,171
1506583,Santa Maria das Barreiras (PA),54 anos,164
1506583,Santa Maria das Barreiras (PA),55 anos,172
1506583,Santa Maria das Barreiras (PA),59 anos,142
1506583,Santa Maria das Barreiras (PA),60 anos,117
1506583,Santa Maria das Barreiras (PA),64 anos,92
1506583,Santa Maria das Barreiras (PA),70 anos ou mais,467
1506609,Santa Maria do Pará (PA),Total,23026
1506609,Santa Maria do Pará (PA),Menos de 1 ano,373
1506609,Santa Maria do Pará (PA),3 anos,368
1506609,Santa Maria do Pará (PA),4 anos,409
1506609,Santa Maria do Pará (PA),6 anos,452
1506609,Santa Maria do Pará (PA),7 anos,475
1506609,Santa Maria do Pará (PA),15 anos,491
1506609,Santa Maria do Pará (PA),16 anos,488
1506609,Santa Maria do Pará (PA),17 anos,518
1506609,Santa Maria do Pará (PA),18 anos,498
1506609,Santa Maria do Pará (PA),24 anos,443
1506609,Santa Maria do Pará (PA),25 anos,439
1506609,Santa Maria do Pará (PA),34 anos,362
1506609,Santa Maria do Pará (PA),40 anos,304
1506609,Santa Maria do Pará (PA),44 anos,275
1506609,Santa Maria do Pará (PA),45 anos,222
1506609,Santa Maria do Pará (PA),49 anos,200
1506609,Santa Maria do Pará (PA),50 anos,201
1506609,Santa Maria do Pará (PA),54 anos,180
1506609,Santa Maria do Pará (PA),55 anos,168
1506609,Santa Maria do Pará (PA),59 anos,127
1506609,Santa Maria do Pará (PA),60 anos,134
1506609,Santa Maria do Pará (PA),64 anos,86
1506609,Santa Maria do Pará (PA),70 anos ou mais,954
1506708,Santana do Araguaia (PA),Total,56153
1506708,Santana do Araguaia (PA),Menos de 1 ano,930
1506708,Santana do Araguaia (PA),3 anos,1132
1506708,Santana do Araguaia (PA),4 anos,1341
1506708,Santana do Araguaia (PA),6 anos,1232
1506708,Santana do Araguaia (PA),7 anos,1205
1506708,Santana do Araguaia (PA),15 anos,1141
1506708,Santana do Araguaia (PA),16 anos,1045
1506708,Santana do Araguaia (PA),17 anos,1032
1506708,Santana do Araguaia (PA),18 anos,979
1506708,Santana do Araguaia (PA),24 anos,1390
1506708,Santana do Araguaia (PA),25 anos,1177
1506708,Santana do Araguaia (PA),34 anos,984
1506708,Santana do Araguaia (PA),40 anos,965
1506708,Santana do Araguaia (PA),44 anos,491
1506708,Santana do Araguaia (PA),45 anos,631
1506708,Santana do Araguaia (PA),49 anos,463
1506708,Santana do Araguaia (PA),50 anos,532
1506708,Santana do Araguaia (PA),54 anos,346
1506708,Santana do Araguaia (PA),55 anos,320
1506708,Santana do Araguaia (PA),59 anos,242
1506708,Santana do Araguaia (PA),60 anos,297
1506708,Santana do Araguaia (PA),64 anos,205
1506708,Santana do Araguaia (PA),70 anos ou mais,869
1506807,Santarém (PA),Total,294580
1506807,Santarém (PA),Menos de 1 ano,5681
1506807,Santarém (PA),3 anos,5972
1506807,Santarém (PA),4 anos,6033
1506807,Santarém (PA),6 anos,5961
1506807,Santarém (PA),7 anos,6203
1506807,Santarém (PA),15 anos,6879
1506807,Santarém (PA),16 anos,6642
1506807,Santarém (PA),17 anos,6473
1506807,Santarém (PA),18 anos,6333
1506807,Santarém (PA),24 anos,5660
1506807,Santarém (PA),25 anos,5678
1506807,Santarém (PA),34 anos,4032
1506807,Santarém (PA),40 anos,3655
1506807,Santarém (PA),44 anos,2918
1506807,Santarém (PA),45 anos,3157
1506807,Santarém (PA),49 anos,2516
1506807,Santarém (PA),50 anos,2650
1506807,Santarém (PA),54 anos,2090
1506807,Santarém (PA),55 anos,2113
1506807,Santarém (PA),59 anos,1658
1506807,Santarém (PA),60 anos,1655
1506807,Santarém (PA),64 anos,1247
1506807,Santarém (PA),70 anos ou mais,10181
1506906,Santarém Novo (PA),Total,6141
1506906,Santarém Novo (PA),Menos de 1 ano,111
1506906,Santarém Novo (PA),3 anos,139
1506906,Santarém Novo (PA),4 anos,148
1506906,Santarém Novo (PA),6 anos,125
1506906,Santarém Novo (PA),7 anos,111
1506906,Santarém Novo (PA),15 anos,152
1506906,Santarém Novo (PA),16 anos,137
1506906,Santarém Novo (PA),17 anos,137
1506906,Santarém Novo (PA),18 anos,141
1506906,Santarém Novo (PA),24 anos,105
1506906,Santarém Novo (PA),25 anos,102
1506906,Santarém Novo (PA),34 anos,80
1506906,Santarém Novo (PA),40 anos,73
1506906,Santarém Novo (PA),44 anos,50
1506906,Santarém Novo (PA),45 anos,49
1506906,Santarém Novo (PA),49 anos,55
1506906,Santarém Novo (PA),50 anos,38
1506906,Santarém Novo (PA),54 anos,42
1506906,Santarém Novo (PA),55 anos,41
1506906,Santarém Novo (PA),59 anos,38
1506906,Santarém Novo (PA),60 anos,37
1506906,Santarém Novo (PA),64 anos,34
1506906,Santarém Novo (PA),70 anos ou mais,237
1507003,Santo Antônio do Tauá (PA),Total,26674
1507003,Santo Antônio do Tauá (PA),Menos de 1 ano,498
1507003,Santo Antônio do Tauá (PA),3 anos,536
1507003,Santo Antônio do Tauá (PA),4 anos,522
1507003,Santo Antônio do Tauá (PA),6 anos,493
1507003,Santo Antônio do Tauá (PA),7 anos,544
1507003,Santo Antônio do Tauá (PA),15 anos,581
1507003,Santo Antônio do Tauá (PA),16 anos,620
1507003,Santo Antônio do Tauá (PA),17 anos,603
1507003,Santo Antônio do Tauá (PA),18 anos,589
1507003,Santo Antônio do Tauá (PA),24 anos,499
1507003,Santo Antônio do Tauá (PA),25 anos,468
1507003,Santo Antônio do Tauá (PA),34 anos,410
1507003,Santo Antônio do Tauá (PA),40 anos,298
1507003,Santo Antônio do Tauá (PA),44 anos,272
1507003,Santo Antônio do Tauá (PA),45 anos,273
1507003,Santo Antônio do Tauá (PA),49 anos,208
1507003,Santo Antônio do Tauá (PA),50 anos,220
1507003,Santo Antônio do Tauá (PA),54 anos,183
1507003,Santo Antônio do Tauá (PA),55 anos,174
1507003,Santo Antônio do Tauá (PA),59 anos,164
1507003,Santo Antônio do Tauá (PA),60 anos,157
1507003,Santo Antônio do Tauá (PA),64 anos,137
1507003,Santo Antônio do Tauá (PA),70 anos ou mais,910
1507102,São Caetano de Odivelas (PA),Total,16891
1507102,São Caetano de Odivelas (PA),Menos de 1 ano,307
1507102,São Caetano de Odivelas (PA),3 anos,334
1507102,São Caetano de Odivelas (PA),4 anos,324
1507102,São Caetano de Odivelas (PA),6 anos,367
1507102,São Caetano de Odivelas (PA),7 anos,321
1507102,São Caetano de Odivelas (PA),15 anos,391
1507102,São Caetano de Odivelas (PA),16 anos,411
1507102,São Caetano de Odivelas (PA),17 anos,386
1507102,São Caetano de Odivelas (PA),18 anos,349
1507102,São Caetano de Odivelas (PA),24 anos,318
1507102,São Caetano de Odivelas (PA),25 anos,328
1507102,São Caetano de Odivelas (PA),34 anos,237
1507102,São Caetano de Odivelas (PA),40 anos,207
1507102,São Caetano de Odivelas (PA),44 anos,151
1507102,São Caetano de Odivelas (PA),45 anos,151
1507102,São Caetano de Odivelas (PA),49 anos,125
1507102,São Caetano de Odivelas (PA),50 anos,137
1507102,São Caetano de Odivelas (PA),54 anos,146
1507102,São Caetano de Odivelas (PA),55 anos,131
1507102,São Caetano de Odivelas (PA),59 anos,90
1507102,São Caetano de Odivelas (PA),60 anos,95
1507102,São Caetano de Odivelas (PA),64 anos,96
1507102,São Caetano de Odivelas (PA),70 anos ou mais,727
1507151,São Domingos do Araguaia (PA),Total,23130
1507151,São Domingos do Araguaia (PA),Menos de 1 ano,459
1507151,São Domingos do Araguaia (PA),3 anos,498
1507151,São Domingos do Araguaia (PA),4 anos,473
1507151,São Domingos do Araguaia (PA),6 anos,492
1507151,São Domingos do Araguaia (PA),7 anos,557
1507151,São Domingos do Araguaia (PA),15 anos,575
1507151,São Domingos do Araguaia (PA),16 anos,535
1507151,São Domingos do Araguaia (PA),17 anos,501
1507151,São Domingos do Araguaia (PA),18 anos,501
1507151,São Domingos do Araguaia (PA),24 anos,405
1507151,São Domingos do Araguaia (PA),25 anos,412
1507151,São Domingos do Araguaia (PA),34 anos,299
1507151,São Domingos do Araguaia (PA),40 anos,227
1507151,São Domingos do Araguaia (PA),44 anos,189
1507151,São Domingos do Araguaia (PA),45 anos,197
1507151,São Domingos do Araguaia (PA),49 anos,176
1507151,São Domingos do Araguaia (PA),50 anos,197
1507151,São Domingos do Araguaia (PA),54 anos,135
1507151,São Domingos do Araguaia (PA),55 anos,190
1507151,São Domingos do Araguaia (PA),59 anos,134
1507151,São Domingos do Araguaia (PA),60 anos,130
1507151,São Domingos do Araguaia (PA),64 anos,114
1507151,São Domingos do Araguaia (PA),70 anos ou mais,900
1507201,São Domingos do Capim (PA),Total,29846
1507201,São Domingos do Capim (PA),Menos de 1 ano,754
1507201,São Domingos do Capim (PA),3 anos,763
1507201,São Domingos do Capim (PA),4 anos,833
1507201,São Domingos do Capim (PA),6 anos,780
1507201,São Domingos do Capim (PA),7 anos,799
1507201,São Domingos do Capim (PA),15 anos,759
1507201,São Domingos do Capim (PA),16 anos,695
1507201,São Domingos do Capim (PA),17 anos,695
1507201,São Domingos do Capim (PA),18 anos,659
1507201,São Domingos do Capim (PA),24 anos,512
1507201,São Domingos do Capim (PA),25 anos,482
1507201,São Domingos do Capim (PA),34 anos,376
1507201,São Domingos do Capim (PA),40 anos,290
1507201,São Domingos do Capim (PA),44 anos,263
1507201,São Domingos do Capim (PA),45 anos,200
1507201,São Domingos do Capim (PA),49 anos,180
1507201,São Domingos do Capim (PA),50 anos,155
1507201,São Domingos do Capim (PA),54 anos,175
1507201,São Domingos do Capim (PA),55 anos,187
1507201,São Domingos do Capim (PA),59 anos,161
1507201,São Domingos do Capim (PA),60 anos,157
1507201,São Domingos do Capim (PA),64 anos,138
1507201,São Domingos do Capim (PA),70 anos ou mais,854
1507300,São Félix do Xingu (PA),Total,91340
1507300,São Félix do Xingu (PA),Menos de 1 ano,1400
1507300,São Félix do Xingu (PA),3 anos,1616
1507300,São Félix do Xingu (PA),4 anos,1834
1507300,São Félix do Xingu (PA),6 anos,1751
1507300,São Félix do Xingu (PA),7 anos,1922
1507300,São Félix do Xingu (PA),15 anos,1834
1507300,São Félix do Xingu (PA),16 anos,1617
1507300,São Félix do Xingu (PA),17 anos,1676
1507300,São Félix do Xingu (PA),18 anos,1714
1507300,São Félix do Xingu (PA),24 anos,2120
1507300,São Félix do Xingu (PA),25 anos,2039
1507300,São Félix do Xingu (PA),34 anos,1620
1507300,São Félix do Xingu (PA),40 anos,1809
1507300,São Félix do Xingu (PA),44 anos,928
1507300,São Félix do Xingu (PA),45 anos,1109
1507300,São Félix do Xingu (PA),49 anos,788
1507300,São Félix do Xingu (PA),50 anos,933
1507300,São Félix do Xingu (PA),54 anos,547
1507300,São Félix do Xingu (PA),55 anos,487
1507300,São Félix do Xingu (PA),59 anos,426
1507300,São Félix do Xingu (PA),60 anos,494
1507300,São Félix do Xingu (PA),64 anos,251
1507300,São Félix do Xingu (PA),70 anos ou mais,1122
1507409,São Francisco do Pará (PA),Total,15060
1507409,São Francisco do Pará (PA),Menos de 1 ano,256
1507409,São Francisco do Pará (PA),3 anos,228
1507409,São Francisco do Pará (PA),4 anos,291
1507409,São Francisco do Pará (PA),6 anos,273
1507409,São Francisco do Pará (PA),7 anos,275
1507409,São Francisco do Pará (PA),15 anos,344
1507409,São Francisco do Pará (PA),16 anos,332
1507409,São Francisco do Pará (PA),17 anos,297
1507409,São Francisco do Pará (PA),18 anos,306
1507409,São Francisco do Pará (PA),24 anos,247
1507409,São Francisco do Pará (PA),25 anos,283
1507409,São Francisco do Pará (PA),34 anos,197
1507409,São Francisco do Pará (PA),40 anos,158
1507409,São Francisco do Pará (PA),44 anos,146
1507409,São Francisco do Pará (PA),45 anos,155
1507409,São Francisco do Pará (PA),49 anos,144
1507409,São Francisco do Pará (PA),50 anos,137
1507409,São Francisco do Pará (PA),54 anos,118
1507409,São Francisco do Pará (PA),55 anos,140
1507409,São Francisco do Pará (PA),59 anos,92
1507409,São Francisco do Pará (PA),60 anos,104
1507409,São Francisco do Pará (PA),64 anos,65
1507409,São Francisco do Pará (PA),70 anos ou mais,659
1507458,São Geraldo do Araguaia (PA),Total,25587
1507458,São Geraldo do Araguaia (PA),Menos de 1 ano,460
1507458,São Geraldo do Araguaia (PA),3 anos,514
1507458,São Geraldo do Araguaia (PA),4 anos,510
1507458,São Geraldo do Araguaia (PA),6 anos,505
1507458,São Geraldo do Araguaia (PA),7 anos,528
1507458,São Geraldo do Araguaia (PA),15 anos,563
1507458,São Geraldo do Araguaia (PA),16 anos,570
1507458,São Geraldo do Araguaia (PA),17 anos,556
1507458,São Geraldo do Araguaia (PA),18 anos,519
1507458,São Geraldo do Araguaia (PA),24 anos,454
1507458,São Geraldo do Araguaia (PA),25 anos,539
1507458,São Geraldo do Araguaia (PA),34 anos,371
1507458,São Geraldo do Araguaia (PA),40 anos,362
1507458,São Geraldo do Araguaia (PA),44 anos,232
1507458,São Geraldo do Araguaia (PA),45 anos,271
1507458,São Geraldo do Araguaia (PA),49 anos,187
1507458,São Geraldo do Araguaia (PA),50 anos,253
1507458,São Geraldo do Araguaia (PA),54 anos,175
1507458,São Geraldo do Araguaia (PA),55 anos,182
1507458,São Geraldo do Araguaia (PA),59 anos,155
1507458,São Geraldo do Araguaia (PA),60 anos,156
1507458,São Geraldo do Araguaia (PA),64 anos,115
1507458,São Geraldo do Araguaia (PA),70 anos ou mais,885
1507466,São João da Ponta (PA),Total,5265
1507466,São João da Ponta (PA),Menos de 1 ano,91
1507466,São João da Ponta (PA),3 anos,107
1507466,São João da Ponta (PA),4 anos,134
1507466,São João da Ponta (PA),6 anos,138
1507466,São João da Ponta (PA),7 anos,113
1507466,São João da Ponta (PA),15 anos,132
1507466,São João da Ponta (PA),16 anos,121
1507466,São João da Ponta (PA),17 anos,116
1507466,São João da Ponta (PA),18 anos,109
1507466,São João da Ponta (PA),24 anos,105
1507466,São João da Ponta (PA),25 anos,73
1507466,São João da Ponta (PA),34 anos,70
1507466,São João da Ponta (PA),40 anos,57
1507466,São João da Ponta (PA),44 anos,45
1507466,São João da Ponta (PA),45 anos,59
1507466,São João da Ponta (PA),49 anos,42
1507466,São João da Ponta (PA),50 anos,47
1507466,São João da Ponta (PA),54 anos,36
1507466,São João da Ponta (PA),55 anos,37
1507466,São João da Ponta (PA),59 anos,41
1507466,São João da Ponta (PA),60 anos,36
1507466,São João da Ponta (PA),64 anos,25
1507466,São João da Ponta (PA),70 anos ou mais,258
1507474,São João de Pirabas (PA),Total,20647
1507474,São João de Pirabas (PA),Menos de 1 ano,403
1507474,São João de Pirabas (PA),3 anos,384
1507474,São João de Pirabas (PA),4 anos,432
1507474,São João de Pirabas (PA),6 anos,491
1507474,São João de Pirabas (PA),7 anos,436
1507474,São João de Pirabas (PA),15 anos,474
1507474,São João de Pirabas (PA),16 anos,482
1507474,São João de Pirabas (PA),17 anos,432
1507474,São João de Pirabas (PA),18 anos,459
1507474,São João de Pirabas (PA),24 anos,392
1507474,São João de Pirabas (PA),25 anos,359
1507474,São João de Pirabas (PA),34 anos,261
1507474,São João de Pirabas (PA),40 anos,217
1507474,São João de Pirabas (PA),44 anos,183
1507474,São João de Pirabas (PA),45 anos,175
1507474,São João de Pirabas (PA),49 anos,165
1507474,São João de Pirabas (PA),50 anos,162
1507474,São João de Pirabas (PA),54 anos,150
1507474,São João de Pirabas (PA),55 anos,156
1507474,São João de Pirabas (PA),59 anos,125
1507474,São João de Pirabas (PA),60 anos,135
1507474,São João de Pirabas (PA),64 anos,105
1507474,São João de Pirabas (PA),70 anos ou mais,931
1507508,São João do Araguaia (PA),Total,13155
1507508,São João do Araguaia (PA),Menos de 1 ano,261
1507508,São João do Araguaia (PA),3 anos,305
1507508,São João do Araguaia (PA),4 anos,317
1507508,São João do Araguaia (PA),6 anos,316
1507508,São João do Araguaia (PA),7 anos,285
1507508,São João do Araguaia (PA),15 anos,310
1507508,São João do Araguaia (PA),16 anos,287
1507508,São João do Araguaia (PA),17 anos,324
1507508,São João do Araguaia (PA),18 anos,266
1507508,São João do Araguaia (PA),24 anos,216
1507508,São João do Araguaia (PA),25 anos,218
1507508,São João do Araguaia (PA),34 anos,165
1507508,São João do Araguaia (PA),40 anos,164
1507508,São João do Araguaia (PA),44 anos,126
1507508,São João do Araguaia (PA),45 anos,148
1507508,São João do Araguaia (PA),49 anos,111
1507508,São João do Araguaia (PA),50 anos,113
1507508,São João do Araguaia (PA),54 anos,92
1507508,São João do Araguaia (PA),55 anos,113
1507508,São João do Araguaia (PA),59 anos,82
1507508,São João do Araguaia (PA),60 anos,88
1507508,São João do Araguaia (PA),64 anos,63
1507508,São João do Araguaia (PA),70 anos ou mais,411
1507607,São Miguel do Guamá (PA),Total,51567
1507607,São Miguel do Guamá (PA),Menos de 1 ano,1088
1507607,São Miguel do Guamá (PA),3 anos,1085
1507607,São Miguel do Guamá (PA),4 anos,1145
1507607,São Miguel do Guamá (PA),6 anos,1124
1507607,São Miguel do Guamá (PA),7 anos,1203
1507607,São Miguel do Guamá (PA),15 anos,1163
1507607,São Miguel do Guamá (PA),16 anos,1119
1507607,São Miguel do Guamá (PA),17 anos,1180
1507607,São Miguel do Guamá (PA),18 anos,1115
1507607,São Miguel do Guamá (PA),24 anos,963
1507607,São Miguel do Guamá (PA),25 anos,945
1507607,São Miguel do Guamá (PA),34 anos,756
1507607,São Miguel do Guamá (PA),40 anos,591
1507607,São Miguel do Guamá (PA),44 anos,525
1507607,São Miguel do Guamá (PA),45 anos,463
1507607,São Miguel do Guamá (PA),49 anos,435
1507607,São Miguel do Guamá (PA),50 anos,401
1507607,São Miguel do Guamá (PA),54 anos,312
1507607,São Miguel do Guamá (PA),55 anos,334
1507607,São Miguel do Guamá (PA),59 anos,241
1507607,São Miguel do Guamá (PA),60 anos,280
1507607,São Miguel do Guamá (PA),64 anos,212
1507607,São Miguel do Guamá (PA),70 anos ou mais,1713
1507706,São Sebastião da Boa Vista (PA),Total,22904
1507706,São Sebastião da Boa Vista (PA),Menos de 1 ano,541
1507706,São Sebastião da Boa Vista (PA),3 anos,544
1507706,São Sebastião da Boa Vista (PA),4 anos,573
1507706,São Sebastião da Boa Vista (PA),6 anos,537
1507706,São Sebastião da Boa Vista (PA),7 anos,562
1507706,São Sebastião da Boa Vista (PA),15 anos,607
1507706,São Sebastião da Boa Vista (PA),16 anos,583
1507706,São Sebastião da Boa Vista (PA),17 anos,529
1507706,São Sebastião da Boa Vista (PA),18 anos,554
1507706,São Sebastião da Boa Vista (PA),24 anos,436
1507706,São Sebastião da Boa Vista (PA),25 anos,454
1507706,São Sebastião da Boa Vista (PA),34 anos,290
1507706,São Sebastião da Boa Vista (PA),40 anos,254
1507706,São Sebastião da Boa Vista (PA),44 anos,191
1507706,São Sebastião da Boa Vista (PA),45 anos,165
1507706,São Sebastião da Boa Vista (PA),49 anos,148
1507706,São Sebastião da Boa Vista (PA),50 anos,164
1507706,São Sebastião da Boa Vista (PA),54 anos,126
1507706,São Sebastião da Boa Vista (PA),55 anos,127
1507706,São Sebastião da Boa Vista (PA),59 anos,98
1507706,São Sebastião da Boa Vista (PA),60 anos,91
1507706,São Sebastião da Boa Vista (PA),64 anos,78
1507706,São Sebastião da Boa Vista (PA),70 anos ou mais,702
1507755,Sapucaia (PA),Total,5047
1507755,Sapucaia (PA),Menos de 1 ano,83
1507755,Sapucaia (PA),3 anos,98
1507755,Sapucaia (PA),4 anos,82
1507755,Sapucaia (PA),6 anos,96
1507755,Sapucaia (PA),7 anos,102
1507755,Sapucaia (PA),15 anos,108
1507755,Sapucaia (PA),16 anos,97
1507755,Sapucaia (PA),17 anos,99
1507755,Sapucaia (PA),18 anos,98
1507755,Sapucaia (PA),24 anos,108
1507755,Sapucaia (PA),25 anos,91
1507755,Sapucaia (PA),34 anos,69
1507755,Sapucaia (PA),40 anos,90
1507755,Sapucaia (PA),44 anos,56
1507755,Sapucaia (PA),45 anos,76
1507755,Sapucaia (PA),49 anos,41
1507755,Sapucaia (PA),50 anos,45
1507755,Sapucaia (PA),54 anos,46
1507755,Sapucaia (PA),55 anos,35
1507755,Sapucaia (PA),59 anos,26
1507755,Sapucaia (PA),60 anos,24
1507755,Sapucaia (PA),64 anos,22
1507755,Sapucaia (PA),70 anos ou mais,102
1507805,Senador José Porfírio (PA),Total,13045
1507805,Senador José Porfírio (PA),Menos de 1 ano,279
1507805,Senador José Porfírio (PA),3 anos,354
1507805,Senador José Porfírio (PA),4 anos,329
1507805,Senador José Porfírio (PA),6 anos,322
1507805,Senador José Porfírio (PA),7 anos,323
1507805,Senador José Porfírio (PA),15 anos,312
1507805,Senador José Porfírio (PA),16 anos,264
1507805,Senador José Porfírio (PA),17 anos,249
1507805,Senador José Porfírio (PA),18 anos,265
1507805,Senador José Porfírio (PA),24 anos,219
1507805,Senador José Porfírio (PA),25 anos,235
1507805,Senador José Porfírio (PA),34 anos,158
1507805,Senador José Porfírio (PA),40 anos,158
1507805,Senador José Porfírio (PA),44 anos,127
1507805,Senador José Porfírio (PA),45 anos,147
1507805,Senador José Porfírio (PA),49 anos,96
1507805,Senador José Porfírio (PA),50 anos,108
1507805,Senador José Porfírio (PA),54 anos,78
1507805,Senador José Porfírio (PA),55 anos,86
1507805,Senador José Porfírio (PA),59 anos,61
1507805,Senador José Porfírio (PA),60 anos,65
1507805,Senador José Porfírio (PA),64 anos,39
1507805,Senador José Porfírio (PA),70 anos ou mais,222
1507904,Soure (PA),Total,23001
1507904,Soure (PA),Menos de 1 ano,422
1507904,Soure (PA),3 anos,439
1507904,Soure (PA),4 anos,441
1507904,Soure (PA),6 anos,471
1507904,Soure (PA),7 anos,435
1507904,Soure (PA),15 anos,565
1507904,Soure (PA),16 anos,541
1507904,Soure (PA),17 anos,514
1507904,Soure (PA),18 anos,512
1507904,Soure (PA),24 anos,414
1507904,Soure (PA),25 anos,437
1507904,Soure (PA),34 anos,323
1507904,Soure (PA),40 anos,291
1507904,Soure (PA),44 anos,262
1507904,Soure (PA),45 anos,225
1507904,Soure (PA),49 anos,220
1507904,Soure (PA),50 anos,199
1507904,Soure (PA),54 anos,164
1507904,Soure (PA),55 anos,178
1507904,Soure (PA),59 anos,135
1507904,Soure (PA),60 anos,130
1507904,Soure (PA),64 anos,103
1507904,Soure (PA),70 anos ou mais,931
1507953,Tailândia (PA),Total,79297
1507953,Tailândia (PA),Menos de 1 ano,1497
1507953,Tailândia (PA),3 anos,1779
1507953,Tailândia (PA),4 anos,1886
1507953,Tailândia (PA),6 anos,1767
1507953,Tailândia (PA),7 anos,1914
1507953,Tailândia (PA),15 anos,1853
1507953,Tailândia (PA),16 anos,1469
1507953,Tailândia (PA),17 anos,1620
1507953,Tailândia (PA),18 anos,1679
1507953,Tailândia (PA),24 anos,1885
1507953,Tailândia (PA),25 anos,2031
1507953,Tailândia (PA),34 anos,1214
1507953,Tailândia (PA),40 anos,1232
1507953,Tailândia (PA),44 anos,597
1507953,Tailândia (PA),45 anos,749
1507953,Tailândia (PA),49 anos,507
1507953,Tailândia (PA),50 anos,579
1507953,Tailândia (PA),54 anos,293
1507953,Tailândia (PA),55 anos,377
1507953,Tailândia (PA),59 anos,250
1507953,Tailândia (PA),60 anos,355
1507953,Tailândia (PA),64 anos,208
1507953,Tailândia (PA),70 anos ou mais,1046
1507961,Terra Alta (PA),Total,10262
1507961,Terra Alta (PA),Menos de 1 ano,200
1507961,Terra Alta (PA),3 anos,191
1507961,Terra Alta (PA),4 anos,179
1507961,Terra Alta (PA),6 anos,240
1507961,Terra Alta (PA),7 anos,199
1507961,Terra Alta (PA),15 anos,255
1507961,Terra Alta (PA),16 anos,252
1507961,Terra Alta (PA),17 anos,221
1507961,Terra Alta (PA),18 anos,242
1507961,Terra Alta (PA),24 anos,164
1507961,Terra Alta (PA),25 anos,178
1507961,Terra Alta (PA),34 anos,129
1507961,Terra Alta (PA),40 anos,153
1507961,Terra Alta (PA),44 anos,118
1507961,Terra Alta (PA),45 anos,103
1507961,Terra Alta (PA),49 anos,87
1507961,Terra Alta (PA),50 anos,88
1507961,Terra Alta (PA),54 anos,62
1507961,Terra Alta (PA),55 anos,74
1507961,Terra Alta (PA),59 anos,65
1507961,Terra Alta (PA),60 anos,66
1507961,Terra Alta (PA),64 anos,62
1507961,Terra Alta (PA),70 anos ou mais,424
1507979,Terra Santa (PA),Total,16949
1507979,Terra Santa (PA),Menos de 1 ano,314
1507979,Terra Santa (PA),3 anos,351
1507979,Terra Santa (PA),4 anos,351
1507979,Terra Santa (PA),6 anos,402
1507979,Terra Santa (PA),7 anos,365
1507979,Terra Santa (PA),15 anos,427
1507979,Terra Santa (PA),16 anos,410
1507979,Terra Santa (PA),17 anos,379
1507979,Terra Santa (PA),18 anos,391
1507979,Terra Santa (PA),24 anos,290
1507979,Terra Santa (PA),25 anos,314
1507979,Terra Santa (PA),34 anos,234
1507979,Terra Santa (PA),40 anos,204
1507979,Terra Santa (PA),44 anos,147
1507979,Terra Santa (PA),45 anos,158
1507979,Terra Santa (PA),49 anos,109
1507979,Terra Santa (PA),50 anos,145
1507979,Terra Santa (PA),54 anos,131
1507979,Terra Santa (PA),55 anos,110
1507979,Terra Santa (PA),59 anos,97
1507979,Terra Santa (PA),60 anos,79
1507979,Terra Santa (PA),64 anos,87
1507979,Terra Santa (PA),70 anos ou mais,606
1508001,Tomé-Açu (PA),Total,56518
1508001,Tomé-Açu (PA),Menos de 1 ano,1285
1508001,Tomé-Açu (PA),3 anos,1297
1508001,Tomé-Açu (PA),4 anos,1296
1508001,Tomé-Açu (PA),6 anos,1312
1508001,Tomé-Açu (PA),7 anos,1266
1508001,Tomé-Açu (PA),15 anos,1366
1508001,Tomé-Açu (PA),16 anos,1297
1508001,Tomé-Açu (PA),17 anos,1232
1508001,Tomé-Açu (PA),18 anos,1276
1508001,Tomé-Açu (PA),24 anos,1113
1508001,Tomé-Açu (PA),25 anos,1044
1508001,Tomé-Açu (PA),34 anos,745
1508001,Tomé-Açu (PA),40 anos,682
1508001,Tomé-Açu (PA),44 anos,516
1508001,Tomé-Açu (PA),45 anos,489
1508001,Tomé-Açu (PA),49 anos,345
1508001,Tomé-Açu (PA),50 anos,405
1508001,Tomé-Açu (PA),54 anos,332
1508001,Tomé-Açu (PA),55 anos,319
1508001,Tomé-Açu (PA),59 anos,273
1508001,Tomé-Açu (PA),60 anos,269
1508001,Tomé-Açu (PA),64 anos,194
1508001,Tomé-Açu (PA),70 anos ou mais,1530
1508035,Tracuateua (PA),Total,27455
1508035,Tracuateua (PA),Menos de 1 ano,523
1508035,Tracuateua (PA),3 anos,627
1508035,Tracuateua (PA),4 anos,631
1508035,Tracuateua (PA),6 anos,568
1508035,Tracuateua (PA),7 anos,625
1508035,Tracuateua (PA),15 anos,684
1508035,Tracuateua (PA),16 anos,658
1508035,Tracuateua (PA),17 anos,634
1508035,Tracuateua (PA),18 anos,630
1508035,Tracuateua (PA),24 anos,482
1508035,Tracuateua (PA),25 anos,484
1508035,Tracuateua (PA),34 anos,334
1508035,Tracuateua (PA),40 anos,291
1508035,Tracuateua (PA),44 anos,283
1508035,Tracuateua (PA),45 anos,240
1508035,Tracuateua (PA),49 anos,223
1508035,Tracuateua (PA),50 anos,225
1508035,Tracuateua (PA),54 anos,170
1508035,Tracuateua (PA),55 anos,192
1508035,Tracuateua (PA),59 anos,148
1508035,Tracuateua (PA),60 anos,131
1508035,Tracuateua (PA),64 anos,112
1508035,Tracuateua (PA),70 anos ou mais,989
1508050,Trairão (PA),Total,16875
1508050,Trairão (PA),Menos de 1 ano,357
1508050,Trairão (PA),3 anos,379
1508050,Trairão (PA),4 anos,355
1508050,Trairão (PA),6 anos,339
1508050,Trairão (PA),7 anos,372
1508050,Trairão (PA),15 anos,366
1508050,Trairão (PA),16 anos,345
1508050,Trairão (PA),17 anos,303
1508050,Trairão (PA),18 anos,321
1508050,Trairão (PA),24 anos,384
1508050,Trairão (PA),25 anos,377
1508050,Trairão (PA),34 anos,271
1508050,Trairão (PA),40 anos,219
1508050,Trairão (PA),44 anos,141
1508050,Trairão (PA),45 anos,154
1508050,Trairão (PA),49 anos,144
1508050,Trairão (PA),50 anos,168
1508050,Trairão (PA),54 anos,112
1508050,Trairão (PA),55 anos,119
1508050,Trairão (PA),59 anos,84
1508050,Trairão (PA),60 anos,92
1508050,Trairão (PA),64 anos,52
1508050,Trairão (PA),70 anos ou mais,281
1508084,Tucumã (PA),Total,33690
1508084,Tucumã (PA),Menos de 1 ano,700
1508084,Tucumã (PA),3 anos,644
1508084,Tucumã (PA),4 anos,621
1508084,Tucumã (PA),6 anos,634
1508084,Tucumã (PA),7 anos,666
1508084,Tucumã (PA),15 anos,758
1508084,Tucumã (PA),16 anos,736
1508084,Tucumã (PA),17 anos,705
1508084,Tucumã (PA),18 anos,701
1508084,Tucumã (PA),24 anos,717
1508084,Tucumã (PA),25 anos,664
1508084,Tucumã (PA),34 anos,522
1508084,Tucumã (PA),40 anos,415
1508084,Tucumã (PA),44 anos,399
1508084,Tucumã (PA),45 anos,377
1508084,Tucumã (PA),49 anos,308
1508084,Tucumã (PA),50 anos,317
1508084,Tucumã (PA),54 anos,244
1508084,Tucumã (PA),55 anos,234
1508084,Tucumã (PA),59 anos,171
1508084,Tucumã (PA),60 anos,169
1508084,Tucumã (PA),64 anos,131
1508084,Tucumã (PA),70 anos ou mais,711
1508100,Tucuruí (PA),Total,97128
1508100,Tucuruí (PA),Menos de 1 ano,1959
1508100,Tucuruí (PA),3 anos,2046
1508100,Tucuruí (PA),4 anos,2056
1508100,Tucuruí (PA),6 anos,2041
1508100,Tucuruí (PA),7 anos,1997
1508100,Tucuruí (PA),15 anos,2236
1508100,Tucuruí (PA),16 anos,2172
1508100,Tucuruí (PA),17 anos,2055
1508100,Tucuruí (PA),18 anos,2091
1508100,Tucuruí (PA),24 anos,2095
1508100,Tucuruí (PA),25 anos,2102
1508100,Tucuruí (PA),34 anos,1389
1508100,Tucuruí (PA),40 anos,1275
1508100,Tucuruí (PA),44 anos,952
1508100,Tucuruí (PA),45 anos,901
1508100,Tucuruí (PA),49 anos,793
1508100,Tucuruí (PA),50 anos,823
1508100,Tucuruí (PA),54 anos,643
1508100,Tucuruí (PA),55 anos,637
1508100,Tucuruí (PA),59 anos,446
1508100,Tucuruí (PA),60 anos,488
1508100,Tucuruí (PA),64 anos,283
1508100,Tucuruí (PA),70 anos ou mais,2020
1508126,Ulianópolis (PA),Total,43341
1508126,Ulianópolis (PA),Menos de 1 ano,922
1508126,Ulianópolis (PA),3 anos,892
1508126,Ulianópolis (PA),4 anos,1012
1508126,Ulianópolis (PA),6 anos,915
1508126,Ulianópolis (PA),7 anos,1083
1508126,Ulianópolis (PA),15 anos,843
1508126,Ulianópolis (PA),16 anos,711
1508126,Ulianópolis (PA),17 anos,822
1508126,Ulianópolis (PA),18 anos,742
1508126,Ulianópolis (PA),24 anos,1072
1508126,Ulianópolis (PA),25 anos,927
1508126,Ulianópolis (PA),34 anos,775
1508126,Ulianópolis (PA),40 anos,739
1508126,Ulianópolis (PA),44 anos,363
1508126,Ulianópolis (PA),45 anos,393
1508126,Ulianópolis (PA),49 anos,255
1508126,Ulianópolis (PA),50 anos,354
1508126,Ulianópolis (PA),54 anos,392
1508126,Ulianópolis (PA),55 anos,221
1508126,Ulianópolis (PA),59 anos,147
1508126,Ulianópolis (PA),60 anos,208
1508126,Ulianópolis (PA),64 anos,116
1508126,Ulianópolis (PA),70 anos ou mais,480
1508159,Uruará (PA),Total,44789
1508159,Uruará (PA),Menos de 1 ano,908
1508159,Uruará (PA),3 anos,991
1508159,Uruará (PA),4 anos,934
1508159,Uruará (PA),6 anos,949
1508159,Uruará (PA),7 anos,913
1508159,Uruará (PA),15 anos,1032
1508159,Uruará (PA),16 anos,914
1508159,Uruará (PA),17 anos,970
1508159,Uruará (PA),18 anos,857
1508159,Uruará (PA),24 anos,933
1508159,Uruará (PA),25 anos,983
1508159,Uruará (PA),34 anos,687
1508159,Uruará (PA),40 anos,620
1508159,Uruará (PA),44 anos,412
1508159,Uruará (PA),45 anos,450
1508159,Uruará (PA),49 anos,359
1508159,Uruará (PA),50 anos,372
1508159,Uruará (PA),54 anos,275
1508159,Uruará (PA),55 anos,276
1508159,Uruará (PA),59 anos,199
1508159,Uruará (PA),60 anos,243
1508159,Uruará (PA),64 anos,177
1508159,Uruará (PA),70 anos ou mais,976
1508209,Vigia (PA),Total,47889
1508209,Vigia (PA),Menos de 1 ano,848
1508209,Vigia (PA),3 anos,857
1508209,Vigia (PA),4 anos,933
1508209,Vigia (PA),6 anos,900
1508209,Vigia (PA),7 anos,940
1508209,Vigia (PA),15 anos,1101
1508209,Vigia (PA),16 anos,1065
1508209,Vigia (PA),17 anos,1060
1508209,Vigia (PA),18 anos,1040
1508209,Vigia (PA),24 anos,961
1508209,Vigia (PA),25 anos,908
1508209,Vigia (PA),34 anos,709
1508209,Vigia (PA),40 anos,616
1508209,Vigia (PA),44 anos,522
1508209,Vigia (PA),45 anos,416
1508209,Vigia (PA),49 anos,438
1508209,Vigia (PA),50 anos,411
1508209,Vigia (PA),54 anos,380
1508209,Vigia (PA),55 anos,341
1508209,Vigia (PA),59 anos,304
1508209,Vigia (PA),60 anos,281
1508209,Vigia (PA),64 anos,242
1508209,Vigia (PA),70 anos ou mais,1800
1508308,Viseu (PA),Total,56716
1508308,Viseu (PA),Menos de 1 ano,1377
1508308,Viseu (PA),3 anos,1498
1508308,Viseu (PA),4 anos,1490
1508308,Viseu (PA),6 anos,1536
1508308,Viseu (PA),7 anos,1580
1508308,Viseu (PA),15 anos,1404
1508308,Viseu (PA),16 anos,1338
1508308,Viseu (PA),17 anos,1289
1508308,Viseu (PA),18 anos,1223
1508308,Viseu (PA),24 anos,1046
1508308,Viseu (PA),25 anos,1040
1508308,Viseu (PA),34 anos,621
1508308,Viseu (PA),40 anos,589
1508308,Viseu (PA),44 anos,483
1508308,Viseu (PA),45 anos,410
1508308,Viseu (PA),49 anos,399
1508308,Viseu (PA),50 anos,402
1508308,Viseu (PA),54 anos,396
1508308,Viseu (PA),55 anos,347
1508308,Viseu (PA),59 anos,270
1508308,Viseu (PA),60 anos,317
1508308,Viseu (PA),64 anos,225
1508308,Viseu (PA),70 anos ou mais,1762
1508357,Vitória do Xingu (PA),Total,13431
1508357,Vitória do Xingu (PA),Menos de 1 ano,207
1508357,Vitória do Xingu (PA),3 anos,256
1508357,Vitória do Xingu (PA),4 anos,296
1508357,Vitória do Xingu (PA),6 anos,254
1508357,Vitória do Xingu (PA),7 anos,242
1508357,Vitória do Xingu (PA),15 anos,317
1508357,Vitória do Xingu (PA),16 anos,266
1508357,Vitória do Xingu (PA),17 anos,280
1508357,Vitória do Xingu (PA),18 anos,274
1508357,Vitória do Xingu (PA),24 anos,280
1508357,Vitória do Xingu (PA),25 anos,297
1508357,Vitória do Xingu (PA),34 anos,193
1508357,Vitória do Xingu (PA),40 anos,207
1508357,Vitória do Xingu (PA),44 anos,144
1508357,Vitória do Xingu (PA),45 anos,141
1508357,Vitória do Xingu (PA),49 anos,109
1508357,Vitória do Xingu (PA),50 anos,112
1508357,Vitória do Xingu (PA),54 anos,84
1508357,Vitória do Xingu (PA),55 anos,101
1508357,Vitória do Xingu (PA),59 anos,71
1508357,Vitória do Xingu (PA),60 anos,81
1508357,Vitória do Xingu (PA),64 anos,65
1508357,Vitória do Xingu (PA),70 anos ou mais,353
1508407,Xinguara (PA),Total,40573
1508407,Xinguara (PA),Menos de 1 ano,729
1508407,Xinguara (PA),3 anos,791
1508407,Xinguara (PA),4 anos,774
1508407,Xinguara (PA),6 anos,753
1508407,Xinguara (PA),7 anos,813
1508407,Xinguara (PA),15 anos,870
1508407,Xinguara (PA),16 anos,781
1508407,Xinguara (PA),17 anos,820
1508407,Xinguara (PA),18 anos,777
1508407,Xinguara (PA),24 anos,845
1508407,Xinguara (PA),25 anos,826
1508407,Xinguara (PA),34 anos,636
1508407,Xinguara (PA),40 anos,589
1508407,Xinguara (PA),44 anos,444
1508407,Xinguara (PA),45 anos,484
1508407,Xinguara (PA),49 anos,356
1508407,Xinguara (PA),50 anos,365
1508407,Xinguara (PA),54 anos,299
1508407,Xinguara (PA),55 anos,302
1508407,Xinguara (PA),59 anos,226
1508407,Xinguara (PA),60 anos,219
1508407,Xinguara (PA),64 anos,164
1508407,Xinguara (PA),70 anos ou mais,1069
Fonte: IBGE - Censo Demográfico,,,
,,,
Notas,,,
1 - Dados do Universo.,,,
2 - A categoria Pessoa responsável inclui as pessoas Sem declaração de compartilhamento de responsabilidade pelo domicílio.,,,
,,,
Legenda,,,
Símbolo,Significado,,
-,"Zero absoluto, não resultante de um cálculo ou arredondamento.
Ex: Em determinado município não existem pessoas de 14 anos de idade sem instrução.",,
0,"Zero resultante de um cálculo ou arredondamento.
Ex: A inflação do feijão em determinada Região Metropolitana foi 0.
Determinado município produziu 400 kg de sementes de girassol e os dados da tabela são expressos em toneladas.",,
X,"Valor inibido para não identificar o informante.
Ex: Determinado município só possui uma empresa produtora de cimento, logo o valor de sua produção deve ser inibido.",,
..,"Valor não se aplica.
Ex: Não se pode obter o total da produção agrícola em determinado município quando os produtos agrícolas são contabilizados com unidades de medida distintas.",,
...,"Valor não disponível.
Ex: A produção de feijão em determinado município não foi pesquisada ou determinado município não existia no ano da pesquisa.",,
"A a Z
(exceto X)","Significa uma faixa de valores. Varia em função da tabela (se for o caso).
Ex: O nível de precisão da produção estimada de combustíveis está na faixa A (95 a 100%)",,
