Codigo,Municipio,Idade,Total
15,Pará,Total,7581051
15,Pará,Menos de 1 ano,142182
15,Pará,Menos de 1 mês,10995
15,Pará,1 mês,10718
15,Pará,2 meses,11217
15,Pará,3 meses,10775
15,Pará,4 meses,11143
15,Pará,5 meses,9972
15,Pará,6 meses,11540
15,Pará,7 meses,13788
15,Pará,8 meses,13240
15,Pará,9 meses,13152
15,Pará,10 meses,13312
15,Pará,11 meses,12330
15,Pará,1 ano,143042
15,Pará,2 anos,148592
15,Pará,3 anos,150381
15,Pará,4 anos,152458
15,Pará,5 anos,155465
15,Pará,6 anos,151539
15,Pará,7 anos,157262
15,Pará,8 anos,155071
15,Pará,9 anos,162241
15,Pará,10 anos,176377
15,Pará,11 anos,163123
15,Pará,12 anos,164504
15,Pará,13 anos,164148
15,Pará,14 anos,168016
15,Pará,15 anos,166275
15,Pará,16 anos,161193
15,Pará,17 anos,157358
15,Pará,18 anos,155890
15,Pará,19 anos,146463
15,Pará,20 anos,152165
15,Pará,21 anos,147761
15,Pará,22 anos,152387
15,Pará,23 anos,146311
15,Pará,24 anos,150381
15,Pará,25 anos,149609
15,Pará,26 anos,138114
15,Pará,27 anos,141457
15,Pará,28 anos,141615
15,Pará,29 anos,136670
15,Pará,30 anos,146368
15,Pará,31 anos,122258
15,Pará,32 anos,123321
15,Pará,33 anos,113210
15,Pará,34 anos,112117
15,Pará,35 anos,115434
15,Pará,36 anos,102199
15,Pará,37 anos,101098
15,Pará,38 anos,97595
15,Pará,39 anos,98209
15,Pará,40 anos,104714
15,Pará,41 anos,85766
15,Pará,42 anos,86513
15,Pará,43 anos,78254
15,Pará,44 anos,79577
15,Pará,45 anos,79041
15,Pará,46 anos,72914
15,Pará,47 anos,70766
15,Pará,48 anos,66219
15,Pará,49 anos,65057
15,Pará,50 anos,68732
15,Pará,51 anos,57277
15,Pará,52 anos,59830
15,Pará,53 anos,54105
15,Pará,54 anos,54265
15,Pará,55 anos,53434
15,Pará,56 anos,49803
15,Pará,57 anos,44739
15,Pará,58 anos,43361
15,Pará,59 anos,41691
15,Pará,60 anos,43805
15,Pará,61 anos,33396
15,Pará,62 anos,34469
15,Pará,63 anos,31888
15,Pará,64 anos,30880
15,Pará,65 anos,32689
15,Pará,66 anos,28648
15,Pará,67 anos,26467
15,Pará,68 anos,24479
15,Pará,69 anos,22102
15,Pará,70 anos,25979
15,Pará,71 anos,18100
15,Pará,72 anos,17725
15,Pará,73 anos,16603
15,Pará,74 anos,16935
15,Pará,75 anos,15178
15,Pará,76 anos,12704
15,Pará,77 anos,12556
15,Pará,78 anos,11843
15,Pará,79 anos,10444
15,Pará,80 anos,10672
15,Pará,81 anos,7208
15,Pará,82 anos,6989
15,Pará,83 anos,6324
15,Pará,84 anos,5816
15,Pará,85 anos,4905
15,Pará,86 anos,4154
15,Pará,87 anos,3522
15,Pará,88 anos,2949
15,Pará,89 anos,2545
15,Pará,90 anos,2670
15,Pará,91 anos,1688
15,Pará,92 anos,1728
15,Pará,93 anos,1495
15,Pará,94 anos,1331
15,Pará,95 anos,1111
15,Pará,96 anos,812
15,Pará,97 anos,584
15,Pará,98 anos,508
15,Pará,99 anos,334
15,Pará,100 anos ou mais,899
1500107,Abaetetuba (PA),Total,141100
1500107,Abaetetuba (PA),Menos de 1 ano,2581
1500107,Abaetetuba (PA),Menos de 1 mês,190
1500107,Abaetetuba (PA),1 mês,177
1500107,Abaetetuba (PA),2 meses,200
1500107,Abaetetuba (PA),3 meses,203
1500107,Abaetetuba (PA),4 meses,209
1500107,Abaetetuba (PA),5 meses,172
1500107,Abaetetuba (PA),6 meses,213
1500107,Abaetetuba (PA),7 meses,244
1500107,Abaetetuba (PA),8 meses,231
1500107,Abaetetuba (PA),9 meses,233
1500107,Abaetetuba (PA),10 meses,273
1500107,Abaetetuba (PA),11 meses,236
1500107,Abaetetuba (PA),1 ano,2506
1500107,Abaetetuba (PA),2 anos,2580
1500107,Abaetetuba (PA),3 anos,2675
1500107,Abaetetuba (PA),4 anos,2643
1500107,Abaetetuba (PA),5 anos,2809
1500107,Abaetetuba (PA),6 anos,2666
1500107,Abaetetuba (PA),7 anos,2800
1500107,Abaetetuba (PA),8 anos,2769
1500107,Abaetetuba (PA),9 anos,3046
1500107,Abaetetuba (PA),10 anos,3277
1500107,Abaetetuba (PA),11 anos,3035
1500107,Abaetetuba (PA),12 anos,3260
1500107,Abaetetuba (PA),13 anos,3261
1500107,Abaetetuba (PA),14 anos,3449
1500107,Abaetetuba (PA),15 anos,3338
1500107,Abaetetuba (PA),16 anos,3477
1500107,Abaetetuba (PA),17 anos,3343
1500107,Abaetetuba (PA),18 anos,3302
1500107,Abaetetuba (PA),19 anos,3111
1500107,Abaetetuba (PA),20 anos,3142
1500107,Abaetetuba (PA),21 anos,2795
1500107,Abaetetuba (PA),22 anos,2965
1500107,Abaetetuba (PA),23 anos,2995
1500107,Abaetetuba (PA),24 anos,2995
1500107,Abaetetuba (PA),25 anos,2798
1500107,Abaetetuba (PA),26 anos,2755
1500107,Abaetetuba (PA),27 anos,2615
1500107,Abaetetuba (PA),28 anos,2680
1500107,Abaetetuba (PA),29 anos,2475
1500107,Abaetetuba (PA),30 anos,2481
1500107,Abaetetuba (PA),31 anos,2189
1500107,Abaetetuba (PA),32 anos,2222
1500107,Abaetetuba (PA),33 anos,2121
1500107,Abaetetuba (PA),34 anos,2020
1500107,Abaetetuba (PA),35 anos,2023
1500107,Abaetetuba (PA),36 anos,1843
1500107,Abaetetuba (PA),37 anos,1918
1500107,Abaetetuba (PA),38 anos,1825
1500107,Abaetetuba (PA),39 anos,1724
1500107,Abaetetuba (PA),40 anos,1786
1500107,Abaetetuba (PA),41 anos,1466
1500107,Abaetetuba (PA),42 anos,1474
1500107,Abaetetuba (PA),43 anos,1355
1500107,Abaetetuba (PA),44 anos,1406
1500107,Abaetetuba (PA),45 anos,1312
1500107,Abaetetuba (PA),46 anos,1200
1500107,Abaetetuba (PA),47 anos,1206
1500107,Abaetetuba (PA),48 anos,1115
1500107,Abaetetuba (PA),49 anos,1110
1500107,Abaetetuba (PA),50 anos,1157
1500107,Abaetetuba (PA),51 anos,939
1500107,Abaetetuba (PA),52 anos,969
1500107,Abaetetuba (PA),53 anos,923
1500107,Abaetetuba (PA),54 anos,922
1500107,Abaetetuba (PA),55 anos,1019
1500107,Abaetetuba (PA),56 anos,889
1500107,Abaetetuba (PA),57 anos,804
1500107,Abaetetuba (PA),58 anos,707
1500107,Abaetetuba (PA),59 anos,736
1500107,Abaetetuba (PA),60 anos,802
1500107,Abaetetuba (PA),61 anos,577
1500107,Abaetetuba (PA),62 anos,606
1500107,Abaetetuba (PA),63 anos,583
1500107,Abaetetuba (PA),64 anos,601
1500107,Abaetetuba (PA),65 anos,641
1500107,Abaetetuba (PA),66 anos,534
1500107,Abaetetuba (PA),67 anos,476
1500107,Abaetetuba (PA),68 anos,479
1500107,Abaetetuba (PA),69 anos,386
1500107,Abaetetuba (PA),70 anos,510
1500107,Abaetetuba (PA),71 anos,308
1500107,Abaetetuba (PA),72 anos,351
1500107,Abaetetuba (PA),73 anos,301
1500107,Abaetetuba (PA),74 anos,362
1500107,Abaetetuba (PA),75 anos,295
1500107,Abaetetuba (PA),76 anos,208
1500107,Abaetetuba (PA),77 anos,240
1500107,Abaetetuba (PA),78 anos,222
1500107,Abaetetuba (PA),79 anos,191
1500107,Abaetetuba (PA),80 anos,204
1500107,Abaetetuba (PA),81 anos,109
1500107,Abaetetuba (PA),82 anos,120
1500107,Abaetetuba (PA),83 anos,116
1500107,Abaetetuba (PA),84 anos,111
1500107,Abaetetuba (PA),85 anos,93
1500107,Abaetetuba (PA),86 anos,89
1500107,Abaetetuba (PA),87 anos,61
1500107,Abaetetuba (PA),88 anos,73
1500107,Abaetetuba (PA),89 anos,71
1500107,Abaetetuba (PA),90 anos,69
1500107,Abaetetuba (PA),91 anos,42
1500107,Abaetetuba (PA),92 anos,50
1500107,Abaetetuba (PA),93 anos,46
1500107,Abaetetuba (PA),94 anos,34
1500107,Abaetetuba (PA),95 anos,27
1500107,Abaetetuba (PA),96 anos,28
1500107,Abaetetuba (PA),97 anos,12
1500107,Abaetetuba (PA),98 anos,19
1500107,Abaetetuba (PA),99 anos,11
1500107,Abaetetuba (PA),100 anos ou mais,38
1500131,Abel Figueiredo (PA),Total,6780
1500131,Abel Figueiredo (PA),Menos de 1 ano,115
1500131,Abel Figueiredo (PA),Menos de 1 mês,9
1500131,Abel Figueiredo (PA),1 mês,13
1500131,Abel Figueiredo (PA),2 meses,13
1500131,Abel Figueiredo (PA),3 meses,10
1500131,Abel Figueiredo (PA),4 meses,8
1500131,Abel Figueiredo (PA),5 meses,8
1500131,Abel Figueiredo (PA),6 meses,6
1500131,Abel Figueiredo (PA),7 meses,11
1500131,Abel Figueiredo (PA),8 meses,7
1500131,Abel Figueiredo (PA),9 meses,6
1500131,Abel Figueiredo (PA),10 meses,14
1500131,Abel Figueiredo (PA),11 meses,10
1500131,Abel Figueiredo (PA),1 ano,118
1500131,Abel Figueiredo (PA),2 anos,160
1500131,Abel Figueiredo (PA),3 anos,139
1500131,Abel Figueiredo (PA),4 anos,125
1500131,Abel Figueiredo (PA),5 anos,148
1500131,Abel Figueiredo (PA),6 anos,140
1500131,Abel Figueiredo (PA),7 anos,137
1500131,Abel Figueiredo (PA),8 anos,147
1500131,Abel Figueiredo (PA),9 anos,140
1500131,Abel Figueiredo (PA),10 anos,152
1500131,Abel Figueiredo (PA),11 anos,163
1500131,Abel Figueiredo (PA),12 anos,142
1500131,Abel Figueiredo (PA),13 anos,151
1500131,Abel Figueiredo (PA),14 anos,146
1500131,Abel Figueiredo (PA),15 anos,150
1500131,Abel Figueiredo (PA),16 anos,145
1500131,Abel Figueiredo (PA),17 anos,132
1500131,Abel Figueiredo (PA),18 anos,129
1500131,Abel Figueiredo (PA),19 anos,149
1500131,Abel Figueiredo (PA),20 anos,111
1500131,Abel Figueiredo (PA),21 anos,116
1500131,Abel Figueiredo (PA),22 anos,141
1500131,Abel Figueiredo (PA),23 anos,120
1500131,Abel Figueiredo (PA),24 anos,119
1500131,Abel Figueiredo (PA),25 anos,125
1500131,Abel Figueiredo (PA),26 anos,117
1500131,Abel Figueiredo (PA),27 anos,134
1500131,Abel Figueiredo (PA),28 anos,130
1500131,Abel Figueiredo (PA),29 anos,136
1500131,Abel Figueiredo (PA),30 anos,116
1500131,Abel Figueiredo (PA),31 anos,105
1500131,Abel Figueiredo (PA),32 anos,137
1500131,Abel Figueiredo (PA),33 anos,87
1500131,Abel Figueiredo (PA),34 anos,104
1500131,Abel Figueiredo (PA),35 anos,104
1500131,Abel Figueiredo (PA),36 anos,78
1500131,Abel Figueiredo (PA),37 anos,92
1500131,Abel Figueiredo (PA),38 anos,83
1500131,Abel Figueiredo (PA),39 anos,74
1500131,Abel Figueiredo (PA),40 anos,84
1500131,Abel Figueiredo (PA),41 anos,83
1500131,Abel Figueiredo (PA),42 anos,80
1500131,Abel Figueiredo (PA),43 anos,70
1500131,Abel Figueiredo (PA),44 anos,71
1500131,Abel Figueiredo (PA),45 anos,61
1500131,Abel Figueiredo (PA),46 anos,77
1500131,Abel Figueiredo (PA),47 anos,72
1500131,Abel Figueiredo (PA),48 anos,75
1500131,Abel Figueiredo (PA),49 anos,56
1500131,Abel Figueiredo (PA),50 anos,61
1500131,Abel Figueiredo (PA),51 anos,51
1500131,Abel Figueiredo (PA),52 anos,62
1500131,Abel Figueiredo (PA),53 anos,39
1500131,Abel Figueiredo (PA),54 anos,36
1500131,Abel Figueiredo (PA),55 anos,41
1500131,Abel Figueiredo (PA),56 anos,49
1500131,Abel Figueiredo (PA),57 anos,28
1500131,Abel Figueiredo (PA),58 anos,41
1500131,Abel Figueiredo (PA),59 anos,53
1500131,Abel Figueiredo (PA),60 anos,33
1500131,Abel Figueiredo (PA),61 anos,37
1500131,Abel Figueiredo (PA),62 anos,36
1500131,Abel Figueiredo (PA),63 anos,40
1500131,Abel Figueiredo (PA),64 anos,27
1500131,Abel Figueiredo (PA),65 anos,36
1500131,Abel Figueiredo (PA),66 anos,26
1500131,Abel Figueiredo (PA),67 anos,28
1500131,Abel Figueiredo (PA),68 anos,29
1500131,Abel Figueiredo (PA),69 anos,21
1500131,Abel Figueiredo (PA),70 anos,19
1500131,Abel Figueiredo (PA),71 anos,15
1500131,Abel Figueiredo (PA),72 anos,18
1500131,Abel Figueiredo (PA),73 anos,12
1500131,Abel Figueiredo (PA),74 anos,19
1500131,Abel Figueiredo (PA),75 anos,23
1500131,Abel Figueiredo (PA),76 anos,6
1500131,Abel Figueiredo (PA),77 anos,11
1500131,Abel Figueiredo (PA),78 anos,8
1500131,Abel Figueiredo (PA),79 anos,18
1500131,Abel Figueiredo (PA),80 anos,12
1500131,Abel Figueiredo (PA),81 anos,8
1500131,Abel Figueiredo (PA),82 anos,7
1500131,Abel Figueiredo (PA),83 anos,8
1500131,Abel Figueiredo (PA),84 anos,7
1500131,Abel Figueiredo (PA),85 anos,5
1500131,Abel Figueiredo (PA),86 anos,4
1500131,Abel Figueiredo (PA),87 anos,5
1500131,Abel Figueiredo (PA),88 anos,2
1500131,Abel Figueiredo (PA),89 anos,1
1500131,Abel Figueiredo (PA),90 anos,4
1500131,Abel Figueiredo (PA),91 anos,2
1500131,Abel Figueiredo (PA),92 anos,-
1500131,Abel Figueiredo (PA),93 anos,1
1500131,Abel Figueiredo (PA),94 anos,-
1500131,Abel Figueiredo (PA),95 anos,4
1500131,Abel Figueiredo (PA),96 anos,-
1500131,Abel Figueiredo (PA),97 anos,-
1500131,Abel Figueiredo (PA),98 anos,-
1500131,Abel Figueiredo (PA),99 anos,-
1500131,Abel Figueiredo (PA),100 anos ou mais,1
1500206,Acará (PA),Total,53569
1500206,Acará (PA),Menos de 1 ano,1181
1500206,Acará (PA),Menos de 1 mês,88
1500206,Acará (PA),1 mês,79
1500206,Acará (PA),2 meses,121
1500206,Acará (PA),3 meses,104
1500206,Acará (PA),4 meses,88
1500206,Acará (PA),5 meses,62
1500206,Acará (PA),6 meses,92
1500206,Acará (PA),7 meses,115
1500206,Acará (PA),8 meses,105
1500206,Acará (PA),9 meses,119
1500206,Acará (PA),10 meses,103
1500206,Acará (PA),11 meses,105
1500206,Acará (PA),1 ano,1184
1500206,Acará (PA),2 anos,1304
1500206,Acará (PA),3 anos,1266
1500206,Acará (PA),4 anos,1284
1500206,Acará (PA),5 anos,1341
1500206,Acará (PA),6 anos,1231
1500206,Acará (PA),7 anos,1300
1500206,Acará (PA),8 anos,1244
1500206,Acará (PA),9 anos,1252
1500206,Acará (PA),10 anos,1479
1500206,Acará (PA),11 anos,1304
1500206,Acará (PA),12 anos,1308
1500206,Acará (PA),13 anos,1321
1500206,Acará (PA),14 anos,1369
1500206,Acará (PA),15 anos,1375
1500206,Acará (PA),16 anos,1190
1500206,Acará (PA),17 anos,1248
1500206,Acará (PA),18 anos,1256
1500206,Acará (PA),19 anos,1077
1500206,Acará (PA),20 anos,1117
1500206,Acará (PA),21 anos,1009
1500206,Acará (PA),22 anos,1060
1500206,Acará (PA),23 anos,1014
1500206,Acará (PA),24 anos,956
1500206,Acará (PA),25 anos,958
1500206,Acará (PA),26 anos,906
1500206,Acará (PA),27 anos,826
1500206,Acará (PA),28 anos,897
1500206,Acará (PA),29 anos,830
1500206,Acará (PA),30 anos,890
1500206,Acará (PA),31 anos,695
1500206,Acará (PA),32 anos,786
1500206,Acará (PA),33 anos,665
1500206,Acará (PA),34 anos,648
1500206,Acará (PA),35 anos,747
1500206,Acará (PA),36 anos,650
1500206,Acará (PA),37 anos,645
1500206,Acará (PA),38 anos,631
1500206,Acará (PA),39 anos,678
1500206,Acará (PA),40 anos,641
1500206,Acará (PA),41 anos,517
1500206,Acará (PA),42 anos,523
1500206,Acará (PA),43 anos,507
1500206,Acará (PA),44 anos,504
1500206,Acará (PA),45 anos,463
1500206,Acará (PA),46 anos,416
1500206,Acará (PA),47 anos,448
1500206,Acará (PA),48 anos,376
1500206,Acará (PA),49 anos,399
1500206,Acará (PA),50 anos,388
1500206,Acará (PA),51 anos,307
1500206,Acará (PA),52 anos,306
1500206,Acará (PA),53 anos,310
1500206,Acará (PA),54 anos,277
1500206,Acará (PA),55 anos,323
1500206,Acará (PA),56 anos,262
1500206,Acará (PA),57 anos,239
1500206,Acará (PA),58 anos,260
1500206,Acará (PA),59 anos,290
1500206,Acará (PA),60 anos,318
1500206,Acará (PA),61 anos,212
1500206,Acará (PA),62 anos,215
1500206,Acará (PA),63 anos,195
1500206,Acará (PA),64 anos,205
1500206,Acará (PA),65 anos,226
1500206,Acará (PA),66 anos,224
1500206,Acará (PA),67 anos,198
1500206,Acará (PA),68 anos,197
1500206,Acará (PA),69 anos,169
1500206,Acará (PA),70 anos,192
1500206,Acará (PA),71 anos,114
1500206,Acará (PA),72 anos,123
1500206,Acará (PA),73 anos,101
1500206,Acará (PA),74 anos,108
1500206,Acará (PA),75 anos,105
1500206,Acará (PA),76 anos,85
1500206,Acará (PA),77 anos,84
1500206,Acará (PA),78 anos,83
1500206,Acará (PA),79 anos,63
1500206,Acará (PA),80 anos,62
1500206,Acará (PA),81 anos,53
1500206,Acará (PA),82 anos,37
1500206,Acará (PA),83 anos,46
1500206,Acará (PA),84 anos,47
1500206,Acará (PA),85 anos,31
1500206,Acará (PA),86 anos,23
1500206,Acará (PA),87 anos,22
1500206,Acará (PA),88 anos,24
1500206,Acará (PA),89 anos,10
1500206,Acará (PA),90 anos,20
1500206,Acará (PA),91 anos,6
1500206,Acará (PA),92 anos,18
1500206,Acará (PA),93 anos,15
1500206,Acará (PA),94 anos,10
1500206,Acará (PA),95 anos,21
1500206,Acará (PA),96 anos,9
1500206,Acará (PA),97 anos,6
1500206,Acará (PA),98 anos,7
1500206,Acará (PA),99 anos,-
1500206,Acará (PA),100 anos ou mais,7
1500305,Afuá (PA),Total,35042
1500305,Afuá (PA),Menos de 1 ano,906
1500305,Afuá (PA),Menos de 1 mês,74
1500305,Afuá (PA),1 mês,66
1500305,Afuá (PA),2 meses,83
1500305,Afuá (PA),3 meses,93
1500305,Afuá (PA),4 meses,77
1500305,Afuá (PA),5 meses,59
1500305,Afuá (PA),6 meses,73
1500305,Afuá (PA),7 meses,74
1500305,Afuá (PA),8 meses,80
1500305,Afuá (PA),9 meses,70
1500305,Afuá (PA),10 meses,85
1500305,Afuá (PA),11 meses,72
1500305,Afuá (PA),1 ano,917
1500305,Afuá (PA),2 anos,905
1500305,Afuá (PA),3 anos,929
1500305,Afuá (PA),4 anos,936
1500305,Afuá (PA),5 anos,985
1500305,Afuá (PA),6 anos,968
1500305,Afuá (PA),7 anos,988
1500305,Afuá (PA),8 anos,944
1500305,Afuá (PA),9 anos,1011
1500305,Afuá (PA),10 anos,1123
1500305,Afuá (PA),11 anos,939
1500305,Afuá (PA),12 anos,980
1500305,Afuá (PA),13 anos,996
1500305,Afuá (PA),14 anos,966
1500305,Afuá (PA),15 anos,950
1500305,Afuá (PA),16 anos,888
1500305,Afuá (PA),17 anos,852
1500305,Afuá (PA),18 anos,743
1500305,Afuá (PA),19 anos,772
1500305,Afuá (PA),20 anos,697
1500305,Afuá (PA),21 anos,642
1500305,Afuá (PA),22 anos,683
1500305,Afuá (PA),23 anos,601
1500305,Afuá (PA),24 anos,614
1500305,Afuá (PA),25 anos,671
1500305,Afuá (PA),26 anos,518
1500305,Afuá (PA),27 anos,539
1500305,Afuá (PA),28 anos,531
1500305,Afuá (PA),29 anos,520
1500305,Afuá (PA),30 anos,489
1500305,Afuá (PA),31 anos,448
1500305,Afuá (PA),32 anos,445
1500305,Afuá (PA),33 anos,430
1500305,Afuá (PA),34 anos,401
1500305,Afuá (PA),35 anos,427
1500305,Afuá (PA),36 anos,376
1500305,Afuá (PA),37 anos,373
1500305,Afuá (PA),38 anos,326
1500305,Afuá (PA),39 anos,335
1500305,Afuá (PA),40 anos,359
1500305,Afuá (PA),41 anos,290
1500305,Afuá (PA),42 anos,299
1500305,Afuá (PA),43 anos,222
1500305,Afuá (PA),44 anos,310
1500305,Afuá (PA),45 anos,221
1500305,Afuá (PA),46 anos,229
1500305,Afuá (PA),47 anos,256
1500305,Afuá (PA),48 anos,232
1500305,Afuá (PA),49 anos,234
1500305,Afuá (PA),50 anos,222
1500305,Afuá (PA),51 anos,167
1500305,Afuá (PA),52 anos,194
1500305,Afuá (PA),53 anos,165
1500305,Afuá (PA),54 anos,198
1500305,Afuá (PA),55 anos,189
1500305,Afuá (PA),56 anos,167
1500305,Afuá (PA),57 anos,171
1500305,Afuá (PA),58 anos,140
1500305,Afuá (PA),59 anos,148
1500305,Afuá (PA),60 anos,136
1500305,Afuá (PA),61 anos,96
1500305,Afuá (PA),62 anos,102
1500305,Afuá (PA),63 anos,86
1500305,Afuá (PA),64 anos,110
1500305,Afuá (PA),65 anos,120
1500305,Afuá (PA),66 anos,131
1500305,Afuá (PA),67 anos,110
1500305,Afuá (PA),68 anos,68
1500305,Afuá (PA),69 anos,68
1500305,Afuá (PA),70 anos,102
1500305,Afuá (PA),71 anos,82
1500305,Afuá (PA),72 anos,64
1500305,Afuá (PA),73 anos,48
1500305,Afuá (PA),74 anos,55
1500305,Afuá (PA),75 anos,65
1500305,Afuá (PA),76 anos,45
1500305,Afuá (PA),77 anos,52
1500305,Afuá (PA),78 anos,40
1500305,Afuá (PA),79 anos,33
1500305,Afuá (PA),80 anos,42
1500305,Afuá (PA),81 anos,29
1500305,Afuá (PA),82 anos,27
1500305,Afuá (PA),83 anos,22
1500305,Afuá (PA),84 anos,13
1500305,Afuá (PA),85 anos,18
1500305,Afuá (PA),86 anos,18
1500305,Afuá (PA),87 anos,14
1500305,Afuá (PA),88 anos,11
1500305,Afuá (PA),89 anos,6
1500305,Afuá (PA),90 anos,6
1500305,Afuá (PA),91 anos,4
1500305,Afuá (PA),92 anos,5
1500305,Afuá (PA),93 anos,4
1500305,Afuá (PA),94 anos,8
1500305,Afuá (PA),95 anos,8
1500305,Afuá (PA),96 anos,6
1500305,Afuá (PA),97 anos,2
1500305,Afuá (PA),98 anos,2
1500305,Afuá (PA),99 anos,1
1500305,Afuá (PA),100 anos ou mais,6
1500347,Água Azul do Norte (PA),Total,25057
1500347,Água Azul do Norte (PA),Menos de 1 ano,348
1500347,Água Azul do Norte (PA),Menos de 1 mês,18
1500347,Água Azul do Norte (PA),1 mês,25
1500347,Água Azul do Norte (PA),2 meses,33
1500347,Água Azul do Norte (PA),3 meses,15
1500347,Água Azul do Norte (PA),4 meses,30
1500347,Água Azul do Norte (PA),5 meses,29
1500347,Água Azul do Norte (PA),6 meses,26
1500347,Água Azul do Norte (PA),7 meses,40
1500347,Água Azul do Norte (PA),8 meses,33
1500347,Água Azul do Norte (PA),9 meses,38
1500347,Água Azul do Norte (PA),10 meses,33
1500347,Água Azul do Norte (PA),11 meses,28
1500347,Água Azul do Norte (PA),1 ano,397
1500347,Água Azul do Norte (PA),2 anos,413
1500347,Água Azul do Norte (PA),3 anos,392
1500347,Água Azul do Norte (PA),4 anos,441
1500347,Água Azul do Norte (PA),5 anos,466
1500347,Água Azul do Norte (PA),6 anos,434
1500347,Água Azul do Norte (PA),7 anos,444
1500347,Água Azul do Norte (PA),8 anos,462
1500347,Água Azul do Norte (PA),9 anos,575
1500347,Água Azul do Norte (PA),10 anos,661
1500347,Água Azul do Norte (PA),11 anos,531
1500347,Água Azul do Norte (PA),12 anos,430
1500347,Água Azul do Norte (PA),13 anos,460
1500347,Água Azul do Norte (PA),14 anos,458
1500347,Água Azul do Norte (PA),15 anos,503
1500347,Água Azul do Norte (PA),16 anos,434
1500347,Água Azul do Norte (PA),17 anos,435
1500347,Água Azul do Norte (PA),18 anos,440
1500347,Água Azul do Norte (PA),19 anos,566
1500347,Água Azul do Norte (PA),20 anos,687
1500347,Água Azul do Norte (PA),21 anos,544
1500347,Água Azul do Norte (PA),22 anos,489
1500347,Água Azul do Norte (PA),23 anos,482
1500347,Água Azul do Norte (PA),24 anos,595
1500347,Água Azul do Norte (PA),25 anos,540
1500347,Água Azul do Norte (PA),26 anos,436
1500347,Água Azul do Norte (PA),27 anos,511
1500347,Água Azul do Norte (PA),28 anos,572
1500347,Água Azul do Norte (PA),29 anos,615
1500347,Água Azul do Norte (PA),30 anos,763
1500347,Água Azul do Norte (PA),31 anos,521
1500347,Água Azul do Norte (PA),32 anos,474
1500347,Água Azul do Norte (PA),33 anos,410
1500347,Água Azul do Norte (PA),34 anos,456
1500347,Água Azul do Norte (PA),35 anos,490
1500347,Água Azul do Norte (PA),36 anos,364
1500347,Água Azul do Norte (PA),37 anos,366
1500347,Água Azul do Norte (PA),38 anos,417
1500347,Água Azul do Norte (PA),39 anos,502
1500347,Água Azul do Norte (PA),40 anos,556
1500347,Água Azul do Norte (PA),41 anos,400
1500347,Água Azul do Norte (PA),42 anos,315
1500347,Água Azul do Norte (PA),43 anos,221
1500347,Água Azul do Norte (PA),44 anos,265
1500347,Água Azul do Norte (PA),45 anos,303
1500347,Água Azul do Norte (PA),46 anos,203
1500347,Água Azul do Norte (PA),47 anos,209
1500347,Água Azul do Norte (PA),48 anos,197
1500347,Água Azul do Norte (PA),49 anos,205
1500347,Água Azul do Norte (PA),50 anos,252
1500347,Água Azul do Norte (PA),51 anos,184
1500347,Água Azul do Norte (PA),52 anos,182
1500347,Água Azul do Norte (PA),53 anos,124
1500347,Água Azul do Norte (PA),54 anos,163
1500347,Água Azul do Norte (PA),55 anos,148
1500347,Água Azul do Norte (PA),56 anos,112
1500347,Água Azul do Norte (PA),57 anos,102
1500347,Água Azul do Norte (PA),58 anos,140
1500347,Água Azul do Norte (PA),59 anos,113
1500347,Água Azul do Norte (PA),60 anos,121
1500347,Água Azul do Norte (PA),61 anos,88
1500347,Água Azul do Norte (PA),62 anos,83
1500347,Água Azul do Norte (PA),63 anos,69
1500347,Água Azul do Norte (PA),64 anos,83
1500347,Água Azul do Norte (PA),65 anos,107
1500347,Água Azul do Norte (PA),66 anos,37
1500347,Água Azul do Norte (PA),67 anos,63
1500347,Água Azul do Norte (PA),68 anos,50
1500347,Água Azul do Norte (PA),69 anos,58
1500347,Água Azul do Norte (PA),70 anos,73
1500347,Água Azul do Norte (PA),71 anos,38
1500347,Água Azul do Norte (PA),72 anos,31
1500347,Água Azul do Norte (PA),73 anos,27
1500347,Água Azul do Norte (PA),74 anos,32
1500347,Água Azul do Norte (PA),75 anos,28
1500347,Água Azul do Norte (PA),76 anos,18
1500347,Água Azul do Norte (PA),77 anos,21
1500347,Água Azul do Norte (PA),78 anos,24
1500347,Água Azul do Norte (PA),79 anos,13
1500347,Água Azul do Norte (PA),80 anos,19
1500347,Água Azul do Norte (PA),81 anos,9
1500347,Água Azul do Norte (PA),82 anos,9
1500347,Água Azul do Norte (PA),83 anos,8
1500347,Água Azul do Norte (PA),84 anos,1
1500347,Água Azul do Norte (PA),85 anos,8
1500347,Água Azul do Norte (PA),86 anos,5
1500347,Água Azul do Norte (PA),87 anos,5
1500347,Água Azul do Norte (PA),88 anos,1
1500347,Água Azul do Norte (PA),89 anos,3
1500347,Água Azul do Norte (PA),90 anos,2
1500347,Água Azul do Norte (PA),91 anos,1
1500347,Água Azul do Norte (PA),92 anos,-
1500347,Água Azul do Norte (PA),93 anos,1
1500347,Água Azul do Norte (PA),94 anos,1
1500347,Água Azul do Norte (PA),95 anos,-
1500347,Água Azul do Norte (PA),96 anos,1
1500347,Água Azul do Norte (PA),97 anos,-
1500347,Água Azul do Norte (PA),98 anos,-
1500347,Água Azul do Norte (PA),99 anos,-
1500347,Água Azul do Norte (PA),100 anos ou mais,1
1500404,Alenquer (PA),Total,52626
1500404,Alenquer (PA),Menos de 1 ano,1134
1500404,Alenquer (PA),Menos de 1 mês,94
1500404,Alenquer (PA),1 mês,100
1500404,Alenquer (PA),2 meses,92
1500404,Alenquer (PA),3 meses,90
1500404,Alenquer (PA),4 meses,91
1500404,Alenquer (PA),5 meses,66
1500404,Alenquer (PA),6 meses,84
1500404,Alenquer (PA),7 meses,102
1500404,Alenquer (PA),8 meses,102
1500404,Alenquer (PA),9 meses,128
1500404,Alenquer (PA),10 meses,104
1500404,Alenquer (PA),11 meses,81
1500404,Alenquer (PA),1 ano,1148
1500404,Alenquer (PA),2 anos,1211
1500404,Alenquer (PA),3 anos,1298
1500404,Alenquer (PA),4 anos,1374
1500404,Alenquer (PA),5 anos,1297
1500404,Alenquer (PA),6 anos,1363
1500404,Alenquer (PA),7 anos,1353
1500404,Alenquer (PA),8 anos,1311
1500404,Alenquer (PA),9 anos,1358
1500404,Alenquer (PA),10 anos,1471
1500404,Alenquer (PA),11 anos,1324
1500404,Alenquer (PA),12 anos,1312
1500404,Alenquer (PA),13 anos,1397
1500404,Alenquer (PA),14 anos,1421
1500404,Alenquer (PA),15 anos,1312
1500404,Alenquer (PA),16 anos,1291
1500404,Alenquer (PA),17 anos,1256
1500404,Alenquer (PA),18 anos,1048
1500404,Alenquer (PA),19 anos,946
1500404,Alenquer (PA),20 anos,881
1500404,Alenquer (PA),21 anos,843
1500404,Alenquer (PA),22 anos,853
1500404,Alenquer (PA),23 anos,783
1500404,Alenquer (PA),24 anos,833
1500404,Alenquer (PA),25 anos,880
1500404,Alenquer (PA),26 anos,755
1500404,Alenquer (PA),27 anos,762
1500404,Alenquer (PA),28 anos,815
1500404,Alenquer (PA),29 anos,713
1500404,Alenquer (PA),30 anos,855
1500404,Alenquer (PA),31 anos,692
1500404,Alenquer (PA),32 anos,700
1500404,Alenquer (PA),33 anos,697
1500404,Alenquer (PA),34 anos,692
1500404,Alenquer (PA),35 anos,690
1500404,Alenquer (PA),36 anos,640
1500404,Alenquer (PA),37 anos,617
1500404,Alenquer (PA),38 anos,534
1500404,Alenquer (PA),39 anos,588
1500404,Alenquer (PA),40 anos,571
1500404,Alenquer (PA),41 anos,442
1500404,Alenquer (PA),42 anos,488
1500404,Alenquer (PA),43 anos,444
1500404,Alenquer (PA),44 anos,470
1500404,Alenquer (PA),45 anos,428
1500404,Alenquer (PA),46 anos,474
1500404,Alenquer (PA),47 anos,423
1500404,Alenquer (PA),48 anos,405
1500404,Alenquer (PA),49 anos,341
1500404,Alenquer (PA),50 anos,408
1500404,Alenquer (PA),51 anos,332
1500404,Alenquer (PA),52 anos,407
1500404,Alenquer (PA),53 anos,353
1500404,Alenquer (PA),54 anos,345
1500404,Alenquer (PA),55 anos,347
1500404,Alenquer (PA),56 anos,353
1500404,Alenquer (PA),57 anos,343
1500404,Alenquer (PA),58 anos,326
1500404,Alenquer (PA),59 anos,235
1500404,Alenquer (PA),60 anos,297
1500404,Alenquer (PA),61 anos,229
1500404,Alenquer (PA),62 anos,249
1500404,Alenquer (PA),63 anos,211
1500404,Alenquer (PA),64 anos,227
1500404,Alenquer (PA),65 anos,210
1500404,Alenquer (PA),66 anos,220
1500404,Alenquer (PA),67 anos,231
1500404,Alenquer (PA),68 anos,233
1500404,Alenquer (PA),69 anos,175
1500404,Alenquer (PA),70 anos,202
1500404,Alenquer (PA),71 anos,145
1500404,Alenquer (PA),72 anos,162
1500404,Alenquer (PA),73 anos,122
1500404,Alenquer (PA),74 anos,152
1500404,Alenquer (PA),75 anos,109
1500404,Alenquer (PA),76 anos,138
1500404,Alenquer (PA),77 anos,143
1500404,Alenquer (PA),78 anos,101
1500404,Alenquer (PA),79 anos,103
1500404,Alenquer (PA),80 anos,112
1500404,Alenquer (PA),81 anos,64
1500404,Alenquer (PA),82 anos,65
1500404,Alenquer (PA),83 anos,53
1500404,Alenquer (PA),84 anos,58
1500404,Alenquer (PA),85 anos,37
1500404,Alenquer (PA),86 anos,34
1500404,Alenquer (PA),87 anos,35
1500404,Alenquer (PA),88 anos,20
1500404,Alenquer (PA),89 anos,20
1500404,Alenquer (PA),90 anos,22
1500404,Alenquer (PA),91 anos,11
1500404,Alenquer (PA),92 anos,6
1500404,Alenquer (PA),93 anos,10
1500404,Alenquer (PA),94 anos,5
1500404,Alenquer (PA),95 anos,9
1500404,Alenquer (PA),96 anos,5
1500404,Alenquer (PA),97 anos,6
1500404,Alenquer (PA),98 anos,3
1500404,Alenquer (PA),99 anos,2
1500404,Alenquer (PA),100 anos ou mais,7
1500503,Almeirim (PA),Total,33614
1500503,Almeirim (PA),Menos de 1 ano,755
1500503,Almeirim (PA),Menos de 1 mês,57
1500503,Almeirim (PA),1 mês,55
1500503,Almeirim (PA),2 meses,56
1500503,Almeirim (PA),3 meses,45
1500503,Almeirim (PA),4 meses,68
1500503,Almeirim (PA),5 meses,47
1500503,Almeirim (PA),6 meses,63
1500503,Almeirim (PA),7 meses,84
1500503,Almeirim (PA),8 meses,72
1500503,Almeirim (PA),9 meses,80
1500503,Almeirim (PA),10 meses,63
1500503,Almeirim (PA),11 meses,65
1500503,Almeirim (PA),1 ano,755
1500503,Almeirim (PA),2 anos,743
1500503,Almeirim (PA),3 anos,786
1500503,Almeirim (PA),4 anos,819
1500503,Almeirim (PA),5 anos,779
1500503,Almeirim (PA),6 anos,745
1500503,Almeirim (PA),7 anos,837
1500503,Almeirim (PA),8 anos,777
1500503,Almeirim (PA),9 anos,741
1500503,Almeirim (PA),10 anos,854
1500503,Almeirim (PA),11 anos,788
1500503,Almeirim (PA),12 anos,831
1500503,Almeirim (PA),13 anos,757
1500503,Almeirim (PA),14 anos,893
1500503,Almeirim (PA),15 anos,806
1500503,Almeirim (PA),16 anos,790
1500503,Almeirim (PA),17 anos,798
1500503,Almeirim (PA),18 anos,712
1500503,Almeirim (PA),19 anos,626
1500503,Almeirim (PA),20 anos,619
1500503,Almeirim (PA),21 anos,599
1500503,Almeirim (PA),22 anos,625
1500503,Almeirim (PA),23 anos,612
1500503,Almeirim (PA),24 anos,602
1500503,Almeirim (PA),25 anos,628
1500503,Almeirim (PA),26 anos,584
1500503,Almeirim (PA),27 anos,548
1500503,Almeirim (PA),28 anos,573
1500503,Almeirim (PA),29 anos,536
1500503,Almeirim (PA),30 anos,578
1500503,Almeirim (PA),31 anos,466
1500503,Almeirim (PA),32 anos,526
1500503,Almeirim (PA),33 anos,468
1500503,Almeirim (PA),34 anos,493
1500503,Almeirim (PA),35 anos,521
1500503,Almeirim (PA),36 anos,437
1500503,Almeirim (PA),37 anos,414
1500503,Almeirim (PA),38 anos,435
1500503,Almeirim (PA),39 anos,392
1500503,Almeirim (PA),40 anos,407
1500503,Almeirim (PA),41 anos,358
1500503,Almeirim (PA),42 anos,364
1500503,Almeirim (PA),43 anos,318
1500503,Almeirim (PA),44 anos,336
1500503,Almeirim (PA),45 anos,327
1500503,Almeirim (PA),46 anos,324
1500503,Almeirim (PA),47 anos,304
1500503,Almeirim (PA),48 anos,297
1500503,Almeirim (PA),49 anos,284
1500503,Almeirim (PA),50 anos,288
1500503,Almeirim (PA),51 anos,248
1500503,Almeirim (PA),52 anos,279
1500503,Almeirim (PA),53 anos,244
1500503,Almeirim (PA),54 anos,209
1500503,Almeirim (PA),55 anos,213
1500503,Almeirim (PA),56 anos,196
1500503,Almeirim (PA),57 anos,157
1500503,Almeirim (PA),58 anos,175
1500503,Almeirim (PA),59 anos,151
1500503,Almeirim (PA),60 anos,155
1500503,Almeirim (PA),61 anos,100
1500503,Almeirim (PA),62 anos,127
1500503,Almeirim (PA),63 anos,132
1500503,Almeirim (PA),64 anos,113
1500503,Almeirim (PA),65 anos,121
1500503,Almeirim (PA),66 anos,94
1500503,Almeirim (PA),67 anos,100
1500503,Almeirim (PA),68 anos,79
1500503,Almeirim (PA),69 anos,81
1500503,Almeirim (PA),70 anos,80
1500503,Almeirim (PA),71 anos,54
1500503,Almeirim (PA),72 anos,73
1500503,Almeirim (PA),73 anos,54
1500503,Almeirim (PA),74 anos,55
1500503,Almeirim (PA),75 anos,38
1500503,Almeirim (PA),76 anos,45
1500503,Almeirim (PA),77 anos,62
1500503,Almeirim (PA),78 anos,53
1500503,Almeirim (PA),79 anos,32
1500503,Almeirim (PA),80 anos,35
1500503,Almeirim (PA),81 anos,18
1500503,Almeirim (PA),82 anos,28
1500503,Almeirim (PA),83 anos,24
1500503,Almeirim (PA),84 anos,16
1500503,Almeirim (PA),85 anos,14
1500503,Almeirim (PA),86 anos,13
1500503,Almeirim (PA),87 anos,16
1500503,Almeirim (PA),88 anos,7
1500503,Almeirim (PA),89 anos,16
1500503,Almeirim (PA),90 anos,13
1500503,Almeirim (PA),91 anos,4
1500503,Almeirim (PA),92 anos,7
1500503,Almeirim (PA),93 anos,6
1500503,Almeirim (PA),94 anos,5
1500503,Almeirim (PA),95 anos,3
1500503,Almeirim (PA),96 anos,5
1500503,Almeirim (PA),97 anos,4
1500503,Almeirim (PA),98 anos,1
1500503,Almeirim (PA),99 anos,2
1500503,Almeirim (PA),100 anos ou mais,2
1500602,Altamira (PA),Total,99075
1500602,Altamira (PA),Menos de 1 ano,1814
1500602,Altamira (PA),Menos de 1 mês,141
1500602,Altamira (PA),1 mês,143
1500602,Altamira (PA),2 meses,146
1500602,Altamira (PA),3 meses,163
1500602,Altamira (PA),4 meses,157
1500602,Altamira (PA),5 meses,123
1500602,Altamira (PA),6 meses,153
1500602,Altamira (PA),7 meses,171
1500602,Altamira (PA),8 meses,149
1500602,Altamira (PA),9 meses,157
1500602,Altamira (PA),10 meses,172
1500602,Altamira (PA),11 meses,139
1500602,Altamira (PA),1 ano,1858
1500602,Altamira (PA),2 anos,1890
1500602,Altamira (PA),3 anos,1906
1500602,Altamira (PA),4 anos,1919
1500602,Altamira (PA),5 anos,1984
1500602,Altamira (PA),6 anos,1898
1500602,Altamira (PA),7 anos,1996
1500602,Altamira (PA),8 anos,2102
1500602,Altamira (PA),9 anos,2078
1500602,Altamira (PA),10 anos,2287
1500602,Altamira (PA),11 anos,2141
1500602,Altamira (PA),12 anos,2112
1500602,Altamira (PA),13 anos,2176
1500602,Altamira (PA),14 anos,2130
1500602,Altamira (PA),15 anos,2169
1500602,Altamira (PA),16 anos,2121
1500602,Altamira (PA),17 anos,2090
1500602,Altamira (PA),18 anos,2048
1500602,Altamira (PA),19 anos,1951
1500602,Altamira (PA),20 anos,1928
1500602,Altamira (PA),21 anos,1889
1500602,Altamira (PA),22 anos,1969
1500602,Altamira (PA),23 anos,1872
1500602,Altamira (PA),24 anos,1952
1500602,Altamira (PA),25 anos,2060
1500602,Altamira (PA),26 anos,1829
1500602,Altamira (PA),27 anos,1972
1500602,Altamira (PA),28 anos,1953
1500602,Altamira (PA),29 anos,1816
1500602,Altamira (PA),30 anos,1935
1500602,Altamira (PA),31 anos,1583
1500602,Altamira (PA),32 anos,1592
1500602,Altamira (PA),33 anos,1557
1500602,Altamira (PA),34 anos,1483
1500602,Altamira (PA),35 anos,1564
1500602,Altamira (PA),36 anos,1406
1500602,Altamira (PA),37 anos,1324
1500602,Altamira (PA),38 anos,1348
1500602,Altamira (PA),39 anos,1281
1500602,Altamira (PA),40 anos,1324
1500602,Altamira (PA),41 anos,1159
1500602,Altamira (PA),42 anos,1165
1500602,Altamira (PA),43 anos,1096
1500602,Altamira (PA),44 anos,1041
1500602,Altamira (PA),45 anos,1079
1500602,Altamira (PA),46 anos,1055
1500602,Altamira (PA),47 anos,990
1500602,Altamira (PA),48 anos,902
1500602,Altamira (PA),49 anos,843
1500602,Altamira (PA),50 anos,887
1500602,Altamira (PA),51 anos,793
1500602,Altamira (PA),52 anos,816
1500602,Altamira (PA),53 anos,769
1500602,Altamira (PA),54 anos,698
1500602,Altamira (PA),55 anos,672
1500602,Altamira (PA),56 anos,630
1500602,Altamira (PA),57 anos,533
1500602,Altamira (PA),58 anos,572
1500602,Altamira (PA),59 anos,530
1500602,Altamira (PA),60 anos,523
1500602,Altamira (PA),61 anos,408
1500602,Altamira (PA),62 anos,436
1500602,Altamira (PA),63 anos,426
1500602,Altamira (PA),64 anos,376
1500602,Altamira (PA),65 anos,374
1500602,Altamira (PA),66 anos,358
1500602,Altamira (PA),67 anos,348
1500602,Altamira (PA),68 anos,272
1500602,Altamira (PA),69 anos,258
1500602,Altamira (PA),70 anos,339
1500602,Altamira (PA),71 anos,209
1500602,Altamira (PA),72 anos,211
1500602,Altamira (PA),73 anos,199
1500602,Altamira (PA),74 anos,198
1500602,Altamira (PA),75 anos,194
1500602,Altamira (PA),76 anos,154
1500602,Altamira (PA),77 anos,162
1500602,Altamira (PA),78 anos,167
1500602,Altamira (PA),79 anos,112
1500602,Altamira (PA),80 anos,126
1500602,Altamira (PA),81 anos,101
1500602,Altamira (PA),82 anos,99
1500602,Altamira (PA),83 anos,76
1500602,Altamira (PA),84 anos,96
1500602,Altamira (PA),85 anos,57
1500602,Altamira (PA),86 anos,54
1500602,Altamira (PA),87 anos,27
1500602,Altamira (PA),88 anos,40
1500602,Altamira (PA),89 anos,27
1500602,Altamira (PA),90 anos,28
1500602,Altamira (PA),91 anos,17
1500602,Altamira (PA),92 anos,11
1500602,Altamira (PA),93 anos,11
1500602,Altamira (PA),94 anos,8
1500602,Altamira (PA),95 anos,10
1500602,Altamira (PA),96 anos,5
1500602,Altamira (PA),97 anos,5
1500602,Altamira (PA),98 anos,5
1500602,Altamira (PA),99 anos,1
1500602,Altamira (PA),100 anos ou mais,10
1500701,Anajás (PA),Total,24759
1500701,Anajás (PA),Menos de 1 ano,650
1500701,Anajás (PA),Menos de 1 mês,57
1500701,Anajás (PA),1 mês,43
1500701,Anajás (PA),2 meses,47
1500701,Anajás (PA),3 meses,45
1500701,Anajás (PA),4 meses,54
1500701,Anajás (PA),5 meses,41
1500701,Anajás (PA),6 meses,55
1500701,Anajás (PA),7 meses,62
1500701,Anajás (PA),8 meses,74
1500701,Anajás (PA),9 meses,61
1500701,Anajás (PA),10 meses,57
1500701,Anajás (PA),11 meses,54
1500701,Anajás (PA),1 ano,727
1500701,Anajás (PA),2 anos,772
1500701,Anajás (PA),3 anos,761
1500701,Anajás (PA),4 anos,745
1500701,Anajás (PA),5 anos,718
1500701,Anajás (PA),6 anos,765
1500701,Anajás (PA),7 anos,774
1500701,Anajás (PA),8 anos,687
1500701,Anajás (PA),9 anos,738
1500701,Anajás (PA),10 anos,726
1500701,Anajás (PA),11 anos,681
1500701,Anajás (PA),12 anos,701
1500701,Anajás (PA),13 anos,639
1500701,Anajás (PA),14 anos,662
1500701,Anajás (PA),15 anos,623
1500701,Anajás (PA),16 anos,594
1500701,Anajás (PA),17 anos,587
1500701,Anajás (PA),18 anos,546
1500701,Anajás (PA),19 anos,503
1500701,Anajás (PA),20 anos,478
1500701,Anajás (PA),21 anos,448
1500701,Anajás (PA),22 anos,498
1500701,Anajás (PA),23 anos,456
1500701,Anajás (PA),24 anos,473
1500701,Anajás (PA),25 anos,425
1500701,Anajás (PA),26 anos,391
1500701,Anajás (PA),27 anos,388
1500701,Anajás (PA),28 anos,378
1500701,Anajás (PA),29 anos,362
1500701,Anajás (PA),30 anos,405
1500701,Anajás (PA),31 anos,283
1500701,Anajás (PA),32 anos,329
1500701,Anajás (PA),33 anos,296
1500701,Anajás (PA),34 anos,268
1500701,Anajás (PA),35 anos,297
1500701,Anajás (PA),36 anos,265
1500701,Anajás (PA),37 anos,252
1500701,Anajás (PA),38 anos,256
1500701,Anajás (PA),39 anos,219
1500701,Anajás (PA),40 anos,241
1500701,Anajás (PA),41 anos,172
1500701,Anajás (PA),42 anos,198
1500701,Anajás (PA),43 anos,166
1500701,Anajás (PA),44 anos,152
1500701,Anajás (PA),45 anos,145
1500701,Anajás (PA),46 anos,152
1500701,Anajás (PA),47 anos,135
1500701,Anajás (PA),48 anos,140
1500701,Anajás (PA),49 anos,159
1500701,Anajás (PA),50 anos,159
1500701,Anajás (PA),51 anos,106
1500701,Anajás (PA),52 anos,120
1500701,Anajás (PA),53 anos,104
1500701,Anajás (PA),54 anos,108
1500701,Anajás (PA),55 anos,108
1500701,Anajás (PA),56 anos,111
1500701,Anajás (PA),57 anos,102
1500701,Anajás (PA),58 anos,99
1500701,Anajás (PA),59 anos,91
1500701,Anajás (PA),60 anos,94
1500701,Anajás (PA),61 anos,63
1500701,Anajás (PA),62 anos,66
1500701,Anajás (PA),63 anos,77
1500701,Anajás (PA),64 anos,61
1500701,Anajás (PA),65 anos,82
1500701,Anajás (PA),66 anos,75
1500701,Anajás (PA),67 anos,71
1500701,Anajás (PA),68 anos,58
1500701,Anajás (PA),69 anos,50
1500701,Anajás (PA),70 anos,56
1500701,Anajás (PA),71 anos,35
1500701,Anajás (PA),72 anos,41
1500701,Anajás (PA),73 anos,33
1500701,Anajás (PA),74 anos,33
1500701,Anajás (PA),75 anos,37
1500701,Anajás (PA),76 anos,27
1500701,Anajás (PA),77 anos,41
1500701,Anajás (PA),78 anos,41
1500701,Anajás (PA),79 anos,24
1500701,Anajás (PA),80 anos,28
1500701,Anajás (PA),81 anos,18
1500701,Anajás (PA),82 anos,23
1500701,Anajás (PA),83 anos,7
1500701,Anajás (PA),84 anos,11
1500701,Anajás (PA),85 anos,15
1500701,Anajás (PA),86 anos,13
1500701,Anajás (PA),87 anos,8
1500701,Anajás (PA),88 anos,6
1500701,Anajás (PA),89 anos,2
1500701,Anajás (PA),90 anos,4
1500701,Anajás (PA),91 anos,1
1500701,Anajás (PA),92 anos,5
1500701,Anajás (PA),93 anos,2
1500701,Anajás (PA),94 anos,3
1500701,Anajás (PA),95 anos,1
1500701,Anajás (PA),96 anos,3
1500701,Anajás (PA),97 anos,3
1500701,Anajás (PA),98 anos,2
1500701,Anajás (PA),99 anos,2
1500701,Anajás (PA),100 anos ou mais,3
1500800,Ananindeua (PA),Total,471980
1500800,Ananindeua (PA),Menos de 1 ano,7355
1500800,Ananindeua (PA),Menos de 1 mês,574
1500800,Ananindeua (PA),1 mês,582
1500800,Ananindeua (PA),2 meses,572
1500800,Ananindeua (PA),3 meses,537
1500800,Ananindeua (PA),4 meses,594
1500800,Ananindeua (PA),5 meses,506
1500800,Ananindeua (PA),6 meses,604
1500800,Ananindeua (PA),7 meses,719
1500800,Ananindeua (PA),8 meses,647
1500800,Ananindeua (PA),9 meses,665
1500800,Ananindeua (PA),10 meses,758
1500800,Ananindeua (PA),11 meses,597
1500800,Ananindeua (PA),1 ano,7461
1500800,Ananindeua (PA),2 anos,7524
1500800,Ananindeua (PA),3 anos,7348
1500800,Ananindeua (PA),4 anos,7685
1500800,Ananindeua (PA),5 anos,7806
1500800,Ananindeua (PA),6 anos,7610
1500800,Ananindeua (PA),7 anos,8212
1500800,Ananindeua (PA),8 anos,8024
1500800,Ananindeua (PA),9 anos,8661
1500800,Ananindeua (PA),10 anos,9475
1500800,Ananindeua (PA),11 anos,8737
1500800,Ananindeua (PA),12 anos,8718
1500800,Ananindeua (PA),13 anos,8932
1500800,Ananindeua (PA),14 anos,9236
1500800,Ananindeua (PA),15 anos,9366
1500800,Ananindeua (PA),16 anos,9269
1500800,Ananindeua (PA),17 anos,8899
1500800,Ananindeua (PA),18 anos,9265
1500800,Ananindeua (PA),19 anos,8592
1500800,Ananindeua (PA),20 anos,9000
1500800,Ananindeua (PA),21 anos,9472
1500800,Ananindeua (PA),22 anos,9492
1500800,Ananindeua (PA),23 anos,9407
1500800,Ananindeua (PA),24 anos,9763
1500800,Ananindeua (PA),25 anos,9705
1500800,Ananindeua (PA),26 anos,9307
1500800,Ananindeua (PA),27 anos,9551
1500800,Ananindeua (PA),28 anos,9628
1500800,Ananindeua (PA),29 anos,9646
1500800,Ananindeua (PA),30 anos,10156
1500800,Ananindeua (PA),31 anos,8678
1500800,Ananindeua (PA),32 anos,8621
1500800,Ananindeua (PA),33 anos,8032
1500800,Ananindeua (PA),34 anos,8107
1500800,Ananindeua (PA),35 anos,8373
1500800,Ananindeua (PA),36 anos,7588
1500800,Ananindeua (PA),37 anos,7508
1500800,Ananindeua (PA),38 anos,7184
1500800,Ananindeua (PA),39 anos,7193
1500800,Ananindeua (PA),40 anos,7549
1500800,Ananindeua (PA),41 anos,6606
1500800,Ananindeua (PA),42 anos,6502
1500800,Ananindeua (PA),43 anos,5805
1500800,Ananindeua (PA),44 anos,5965
1500800,Ananindeua (PA),45 anos,5891
1500800,Ananindeua (PA),46 anos,5325
1500800,Ananindeua (PA),47 anos,5218
1500800,Ananindeua (PA),48 anos,4950
1500800,Ananindeua (PA),49 anos,4854
1500800,Ananindeua (PA),50 anos,5105
1500800,Ananindeua (PA),51 anos,4303
1500800,Ananindeua (PA),52 anos,4438
1500800,Ananindeua (PA),53 anos,4042
1500800,Ananindeua (PA),54 anos,4021
1500800,Ananindeua (PA),55 anos,3760
1500800,Ananindeua (PA),56 anos,3585
1500800,Ananindeua (PA),57 anos,3104
1500800,Ananindeua (PA),58 anos,2999
1500800,Ananindeua (PA),59 anos,2833
1500800,Ananindeua (PA),60 anos,2873
1500800,Ananindeua (PA),61 anos,2220
1500800,Ananindeua (PA),62 anos,2288
1500800,Ananindeua (PA),63 anos,2011
1500800,Ananindeua (PA),64 anos,1986
1500800,Ananindeua (PA),65 anos,1891
1500800,Ananindeua (PA),66 anos,1651
1500800,Ananindeua (PA),67 anos,1453
1500800,Ananindeua (PA),68 anos,1328
1500800,Ananindeua (PA),69 anos,1166
1500800,Ananindeua (PA),70 anos,1378
1500800,Ananindeua (PA),71 anos,984
1500800,Ananindeua (PA),72 anos,955
1500800,Ananindeua (PA),73 anos,856
1500800,Ananindeua (PA),74 anos,849
1500800,Ananindeua (PA),75 anos,745
1500800,Ananindeua (PA),76 anos,656
1500800,Ananindeua (PA),77 anos,677
1500800,Ananindeua (PA),78 anos,594
1500800,Ananindeua (PA),79 anos,510
1500800,Ananindeua (PA),80 anos,524
1500800,Ananindeua (PA),81 anos,374
1500800,Ananindeua (PA),82 anos,384
1500800,Ananindeua (PA),83 anos,340
1500800,Ananindeua (PA),84 anos,308
1500800,Ananindeua (PA),85 anos,244
1500800,Ananindeua (PA),86 anos,229
1500800,Ananindeua (PA),87 anos,184
1500800,Ananindeua (PA),88 anos,133
1500800,Ananindeua (PA),89 anos,106
1500800,Ananindeua (PA),90 anos,137
1500800,Ananindeua (PA),91 anos,97
1500800,Ananindeua (PA),92 anos,81
1500800,Ananindeua (PA),93 anos,61
1500800,Ananindeua (PA),94 anos,66
1500800,Ananindeua (PA),95 anos,51
1500800,Ananindeua (PA),96 anos,36
1500800,Ananindeua (PA),97 anos,25
1500800,Ananindeua (PA),98 anos,22
1500800,Ananindeua (PA),99 anos,16
1500800,Ananindeua (PA),100 anos ou mais,50
1500859,Anapu (PA),Total,20543
1500859,Anapu (PA),Menos de 1 ano,467
1500859,Anapu (PA),Menos de 1 mês,31
1500859,Anapu (PA),1 mês,25
1500859,Anapu (PA),2 meses,49
1500859,Anapu (PA),3 meses,32
1500859,Anapu (PA),4 meses,37
1500859,Anapu (PA),5 meses,24
1500859,Anapu (PA),6 meses,37
1500859,Anapu (PA),7 meses,51
1500859,Anapu (PA),8 meses,37
1500859,Anapu (PA),9 meses,45
1500859,Anapu (PA),10 meses,49
1500859,Anapu (PA),11 meses,50
1500859,Anapu (PA),1 ano,450
1500859,Anapu (PA),2 anos,522
1500859,Anapu (PA),3 anos,518
1500859,Anapu (PA),4 anos,504
1500859,Anapu (PA),5 anos,525
1500859,Anapu (PA),6 anos,436
1500859,Anapu (PA),7 anos,466
1500859,Anapu (PA),8 anos,528
1500859,Anapu (PA),9 anos,470
1500859,Anapu (PA),10 anos,517
1500859,Anapu (PA),11 anos,461
1500859,Anapu (PA),12 anos,516
1500859,Anapu (PA),13 anos,510
1500859,Anapu (PA),14 anos,467
1500859,Anapu (PA),15 anos,488
1500859,Anapu (PA),16 anos,513
1500859,Anapu (PA),17 anos,452
1500859,Anapu (PA),18 anos,468
1500859,Anapu (PA),19 anos,392
1500859,Anapu (PA),20 anos,393
1500859,Anapu (PA),21 anos,379
1500859,Anapu (PA),22 anos,393
1500859,Anapu (PA),23 anos,384
1500859,Anapu (PA),24 anos,403
1500859,Anapu (PA),25 anos,417
1500859,Anapu (PA),26 anos,375
1500859,Anapu (PA),27 anos,350
1500859,Anapu (PA),28 anos,358
1500859,Anapu (PA),29 anos,323
1500859,Anapu (PA),30 anos,320
1500859,Anapu (PA),31 anos,327
1500859,Anapu (PA),32 anos,273
1500859,Anapu (PA),33 anos,302
1500859,Anapu (PA),34 anos,307
1500859,Anapu (PA),35 anos,296
1500859,Anapu (PA),36 anos,255
1500859,Anapu (PA),37 anos,228
1500859,Anapu (PA),38 anos,234
1500859,Anapu (PA),39 anos,211
1500859,Anapu (PA),40 anos,273
1500859,Anapu (PA),41 anos,196
1500859,Anapu (PA),42 anos,202
1500859,Anapu (PA),43 anos,211
1500859,Anapu (PA),44 anos,177
1500859,Anapu (PA),45 anos,178
1500859,Anapu (PA),46 anos,209
1500859,Anapu (PA),47 anos,183
1500859,Anapu (PA),48 anos,152
1500859,Anapu (PA),49 anos,140
1500859,Anapu (PA),50 anos,168
1500859,Anapu (PA),51 anos,146
1500859,Anapu (PA),52 anos,140
1500859,Anapu (PA),53 anos,146
1500859,Anapu (PA),54 anos,151
1500859,Anapu (PA),55 anos,157
1500859,Anapu (PA),56 anos,130
1500859,Anapu (PA),57 anos,117
1500859,Anapu (PA),58 anos,97
1500859,Anapu (PA),59 anos,111
1500859,Anapu (PA),60 anos,114
1500859,Anapu (PA),61 anos,57
1500859,Anapu (PA),62 anos,75
1500859,Anapu (PA),63 anos,83
1500859,Anapu (PA),64 anos,70
1500859,Anapu (PA),65 anos,80
1500859,Anapu (PA),66 anos,66
1500859,Anapu (PA),67 anos,60
1500859,Anapu (PA),68 anos,38
1500859,Anapu (PA),69 anos,46
1500859,Anapu (PA),70 anos,47
1500859,Anapu (PA),71 anos,33
1500859,Anapu (PA),72 anos,46
1500859,Anapu (PA),73 anos,28
1500859,Anapu (PA),74 anos,26
1500859,Anapu (PA),75 anos,21
1500859,Anapu (PA),76 anos,30
1500859,Anapu (PA),77 anos,20
1500859,Anapu (PA),78 anos,23
1500859,Anapu (PA),79 anos,23
1500859,Anapu (PA),80 anos,10
1500859,Anapu (PA),81 anos,9
1500859,Anapu (PA),82 anos,10
1500859,Anapu (PA),83 anos,8
1500859,Anapu (PA),84 anos,10
1500859,Anapu (PA),85 anos,5
1500859,Anapu (PA),86 anos,5
1500859,Anapu (PA),87 anos,6
1500859,Anapu (PA),88 anos,2
1500859,Anapu (PA),89 anos,2
1500859,Anapu (PA),90 anos,1
1500859,Anapu (PA),91 anos,-
1500859,Anapu (PA),92 anos,1
1500859,Anapu (PA),93 anos,1
1500859,Anapu (PA),94 anos,1
1500859,Anapu (PA),95 anos,3
1500859,Anapu (PA),96 anos,1
1500859,Anapu (PA),97 anos,-
1500859,Anapu (PA),98 anos,-
1500859,Anapu (PA),99 anos,-
1500859,Anapu (PA),100 anos ou mais,-
1500909,Augusto Corrêa (PA),Total,40497
1500909,Augusto Corrêa (PA),Menos de 1 ano,922
1500909,Augusto Corrêa (PA),Menos de 1 mês,91
1500909,Augusto Corrêa (PA),1 mês,65
1500909,Augusto Corrêa (PA),2 meses,67
1500909,Augusto Corrêa (PA),3 meses,66
1500909,Augusto Corrêa (PA),4 meses,68
1500909,Augusto Corrêa (PA),5 meses,57
1500909,Augusto Corrêa (PA),6 meses,62
1500909,Augusto Corrêa (PA),7 meses,89
1500909,Augusto Corrêa (PA),8 meses,93
1500909,Augusto Corrêa (PA),9 meses,84
1500909,Augusto Corrêa (PA),10 meses,106
1500909,Augusto Corrêa (PA),11 meses,74
1500909,Augusto Corrêa (PA),1 ano,956
1500909,Augusto Corrêa (PA),2 anos,1037
1500909,Augusto Corrêa (PA),3 anos,998
1500909,Augusto Corrêa (PA),4 anos,1032
1500909,Augusto Corrêa (PA),5 anos,960
1500909,Augusto Corrêa (PA),6 anos,1004
1500909,Augusto Corrêa (PA),7 anos,1017
1500909,Augusto Corrêa (PA),8 anos,1104
1500909,Augusto Corrêa (PA),9 anos,1051
1500909,Augusto Corrêa (PA),10 anos,1112
1500909,Augusto Corrêa (PA),11 anos,1019
1500909,Augusto Corrêa (PA),12 anos,1047
1500909,Augusto Corrêa (PA),13 anos,1014
1500909,Augusto Corrêa (PA),14 anos,1074
1500909,Augusto Corrêa (PA),15 anos,990
1500909,Augusto Corrêa (PA),16 anos,985
1500909,Augusto Corrêa (PA),17 anos,967
1500909,Augusto Corrêa (PA),18 anos,899
1500909,Augusto Corrêa (PA),19 anos,803
1500909,Augusto Corrêa (PA),20 anos,801
1500909,Augusto Corrêa (PA),21 anos,782
1500909,Augusto Corrêa (PA),22 anos,748
1500909,Augusto Corrêa (PA),23 anos,727
1500909,Augusto Corrêa (PA),24 anos,701
1500909,Augusto Corrêa (PA),25 anos,770
1500909,Augusto Corrêa (PA),26 anos,678
1500909,Augusto Corrêa (PA),27 anos,667
1500909,Augusto Corrêa (PA),28 anos,605
1500909,Augusto Corrêa (PA),29 anos,571
1500909,Augusto Corrêa (PA),30 anos,622
1500909,Augusto Corrêa (PA),31 anos,534
1500909,Augusto Corrêa (PA),32 anos,564
1500909,Augusto Corrêa (PA),33 anos,477
1500909,Augusto Corrêa (PA),34 anos,479
1500909,Augusto Corrêa (PA),35 anos,510
1500909,Augusto Corrêa (PA),36 anos,418
1500909,Augusto Corrêa (PA),37 anos,418
1500909,Augusto Corrêa (PA),38 anos,418
1500909,Augusto Corrêa (PA),39 anos,412
1500909,Augusto Corrêa (PA),40 anos,415
1500909,Augusto Corrêa (PA),41 anos,342
1500909,Augusto Corrêa (PA),42 anos,351
1500909,Augusto Corrêa (PA),43 anos,341
1500909,Augusto Corrêa (PA),44 anos,359
1500909,Augusto Corrêa (PA),45 anos,325
1500909,Augusto Corrêa (PA),46 anos,302
1500909,Augusto Corrêa (PA),47 anos,278
1500909,Augusto Corrêa (PA),48 anos,296
1500909,Augusto Corrêa (PA),49 anos,280
1500909,Augusto Corrêa (PA),50 anos,270
1500909,Augusto Corrêa (PA),51 anos,259
1500909,Augusto Corrêa (PA),52 anos,261
1500909,Augusto Corrêa (PA),53 anos,232
1500909,Augusto Corrêa (PA),54 anos,268
1500909,Augusto Corrêa (PA),55 anos,246
1500909,Augusto Corrêa (PA),56 anos,251
1500909,Augusto Corrêa (PA),57 anos,219
1500909,Augusto Corrêa (PA),58 anos,202
1500909,Augusto Corrêa (PA),59 anos,218
1500909,Augusto Corrêa (PA),60 anos,243
1500909,Augusto Corrêa (PA),61 anos,165
1500909,Augusto Corrêa (PA),62 anos,168
1500909,Augusto Corrêa (PA),63 anos,170
1500909,Augusto Corrêa (PA),64 anos,163
1500909,Augusto Corrêa (PA),65 anos,162
1500909,Augusto Corrêa (PA),66 anos,168
1500909,Augusto Corrêa (PA),67 anos,158
1500909,Augusto Corrêa (PA),68 anos,147
1500909,Augusto Corrêa (PA),69 anos,126
1500909,Augusto Corrêa (PA),70 anos,124
1500909,Augusto Corrêa (PA),71 anos,84
1500909,Augusto Corrêa (PA),72 anos,69
1500909,Augusto Corrêa (PA),73 anos,88
1500909,Augusto Corrêa (PA),74 anos,121
1500909,Augusto Corrêa (PA),75 anos,92
1500909,Augusto Corrêa (PA),76 anos,74
1500909,Augusto Corrêa (PA),77 anos,57
1500909,Augusto Corrêa (PA),78 anos,67
1500909,Augusto Corrêa (PA),79 anos,72
1500909,Augusto Corrêa (PA),80 anos,66
1500909,Augusto Corrêa (PA),81 anos,36
1500909,Augusto Corrêa (PA),82 anos,37
1500909,Augusto Corrêa (PA),83 anos,28
1500909,Augusto Corrêa (PA),84 anos,20
1500909,Augusto Corrêa (PA),85 anos,21
1500909,Augusto Corrêa (PA),86 anos,19
1500909,Augusto Corrêa (PA),87 anos,25
1500909,Augusto Corrêa (PA),88 anos,22
1500909,Augusto Corrêa (PA),89 anos,17
1500909,Augusto Corrêa (PA),90 anos,25
1500909,Augusto Corrêa (PA),91 anos,14
1500909,Augusto Corrêa (PA),92 anos,13
1500909,Augusto Corrêa (PA),93 anos,8
1500909,Augusto Corrêa (PA),94 anos,3
1500909,Augusto Corrêa (PA),95 anos,4
1500909,Augusto Corrêa (PA),96 anos,1
1500909,Augusto Corrêa (PA),97 anos,2
1500909,Augusto Corrêa (PA),98 anos,3
1500909,Augusto Corrêa (PA),99 anos,1
1500909,Augusto Corrêa (PA),100 anos ou mais,6
1500958,Aurora do Pará (PA),Total,26546
1500958,Aurora do Pará (PA),Menos de 1 ano,504
1500958,Aurora do Pará (PA),Menos de 1 mês,42
1500958,Aurora do Pará (PA),1 mês,41
1500958,Aurora do Pará (PA),2 meses,44
1500958,Aurora do Pará (PA),3 meses,32
1500958,Aurora do Pará (PA),4 meses,34
1500958,Aurora do Pará (PA),5 meses,35
1500958,Aurora do Pará (PA),6 meses,39
1500958,Aurora do Pará (PA),7 meses,42
1500958,Aurora do Pará (PA),8 meses,53
1500958,Aurora do Pará (PA),9 meses,42
1500958,Aurora do Pará (PA),10 meses,51
1500958,Aurora do Pará (PA),11 meses,49
1500958,Aurora do Pará (PA),1 ano,531
1500958,Aurora do Pará (PA),2 anos,546
1500958,Aurora do Pará (PA),3 anos,534
1500958,Aurora do Pará (PA),4 anos,568
1500958,Aurora do Pará (PA),5 anos,614
1500958,Aurora do Pará (PA),6 anos,541
1500958,Aurora do Pará (PA),7 anos,602
1500958,Aurora do Pará (PA),8 anos,610
1500958,Aurora do Pará (PA),9 anos,693
1500958,Aurora do Pará (PA),10 anos,730
1500958,Aurora do Pará (PA),11 anos,689
1500958,Aurora do Pará (PA),12 anos,622
1500958,Aurora do Pará (PA),13 anos,694
1500958,Aurora do Pará (PA),14 anos,684
1500958,Aurora do Pará (PA),15 anos,618
1500958,Aurora do Pará (PA),16 anos,566
1500958,Aurora do Pará (PA),17 anos,586
1500958,Aurora do Pará (PA),18 anos,560
1500958,Aurora do Pará (PA),19 anos,586
1500958,Aurora do Pará (PA),20 anos,609
1500958,Aurora do Pará (PA),21 anos,538
1500958,Aurora do Pará (PA),22 anos,517
1500958,Aurora do Pará (PA),23 anos,516
1500958,Aurora do Pará (PA),24 anos,507
1500958,Aurora do Pará (PA),25 anos,506
1500958,Aurora do Pará (PA),26 anos,443
1500958,Aurora do Pará (PA),27 anos,449
1500958,Aurora do Pará (PA),28 anos,462
1500958,Aurora do Pará (PA),29 anos,504
1500958,Aurora do Pará (PA),30 anos,536
1500958,Aurora do Pará (PA),31 anos,370
1500958,Aurora do Pará (PA),32 anos,357
1500958,Aurora do Pará (PA),33 anos,376
1500958,Aurora do Pará (PA),34 anos,348
1500958,Aurora do Pará (PA),35 anos,395
1500958,Aurora do Pará (PA),36 anos,322
1500958,Aurora do Pará (PA),37 anos,288
1500958,Aurora do Pará (PA),38 anos,302
1500958,Aurora do Pará (PA),39 anos,301
1500958,Aurora do Pará (PA),40 anos,334
1500958,Aurora do Pará (PA),41 anos,287
1500958,Aurora do Pará (PA),42 anos,242
1500958,Aurora do Pará (PA),43 anos,242
1500958,Aurora do Pará (PA),44 anos,249
1500958,Aurora do Pará (PA),45 anos,241
1500958,Aurora do Pará (PA),46 anos,215
1500958,Aurora do Pará (PA),47 anos,189
1500958,Aurora do Pará (PA),48 anos,193
1500958,Aurora do Pará (PA),49 anos,200
1500958,Aurora do Pará (PA),50 anos,191
1500958,Aurora do Pará (PA),51 anos,181
1500958,Aurora do Pará (PA),52 anos,202
1500958,Aurora do Pará (PA),53 anos,152
1500958,Aurora do Pará (PA),54 anos,153
1500958,Aurora do Pará (PA),55 anos,169
1500958,Aurora do Pará (PA),56 anos,149
1500958,Aurora do Pará (PA),57 anos,132
1500958,Aurora do Pará (PA),58 anos,152
1500958,Aurora do Pará (PA),59 anos,129
1500958,Aurora do Pará (PA),60 anos,159
1500958,Aurora do Pará (PA),61 anos,115
1500958,Aurora do Pará (PA),62 anos,106
1500958,Aurora do Pará (PA),63 anos,126
1500958,Aurora do Pará (PA),64 anos,100
1500958,Aurora do Pará (PA),65 anos,112
1500958,Aurora do Pará (PA),66 anos,76
1500958,Aurora do Pará (PA),67 anos,90
1500958,Aurora do Pará (PA),68 anos,114
1500958,Aurora do Pará (PA),69 anos,106
1500958,Aurora do Pará (PA),70 anos,107
1500958,Aurora do Pará (PA),71 anos,57
1500958,Aurora do Pará (PA),72 anos,52
1500958,Aurora do Pará (PA),73 anos,49
1500958,Aurora do Pará (PA),74 anos,37
1500958,Aurora do Pará (PA),75 anos,66
1500958,Aurora do Pará (PA),76 anos,36
1500958,Aurora do Pará (PA),77 anos,29
1500958,Aurora do Pará (PA),78 anos,36
1500958,Aurora do Pará (PA),79 anos,41
1500958,Aurora do Pará (PA),80 anos,42
1500958,Aurora do Pará (PA),81 anos,22
1500958,Aurora do Pará (PA),82 anos,20
1500958,Aurora do Pará (PA),83 anos,19
1500958,Aurora do Pará (PA),84 anos,13
1500958,Aurora do Pará (PA),85 anos,14
1500958,Aurora do Pará (PA),86 anos,11
1500958,Aurora do Pará (PA),87 anos,6
1500958,Aurora do Pará (PA),88 anos,12
1500958,Aurora do Pará (PA),89 anos,7
1500958,Aurora do Pará (PA),90 anos,12
1500958,Aurora do Pará (PA),91 anos,6
1500958,Aurora do Pará (PA),92 anos,7
1500958,Aurora do Pará (PA),93 anos,2
1500958,Aurora do Pará (PA),94 anos,5
1500958,Aurora do Pará (PA),95 anos,3
1500958,Aurora do Pará (PA),96 anos,2
1500958,Aurora do Pará (PA),97 anos,-
1500958,Aurora do Pará (PA),98 anos,2
1500958,Aurora do Pará (PA),99 anos,-
1500958,Aurora do Pará (PA),100 anos ou mais,1
1501006,Aveiro (PA),Total,15849
1501006,Aveiro (PA),Menos de 1 ano,333
1501006,Aveiro (PA),Menos de 1 mês,25
1501006,Aveiro (PA),1 mês,23
1501006,Aveiro (PA),2 meses,30
1501006,Aveiro (PA),3 meses,23
1501006,Aveiro (PA),4 meses,22
1501006,Aveiro (PA),5 meses,21
1501006,Aveiro (PA),6 meses,22
1501006,Aveiro (PA),7 meses,26
1501006,Aveiro (PA),8 meses,29
1501006,Aveiro (PA),9 meses,37
1501006,Aveiro (PA),10 meses,36
1501006,Aveiro (PA),11 meses,39
1501006,Aveiro (PA),1 ano,369
1501006,Aveiro (PA),2 anos,382
1501006,Aveiro (PA),3 anos,406
1501006,Aveiro (PA),4 anos,404
1501006,Aveiro (PA),5 anos,434
1501006,Aveiro (PA),6 anos,416
1501006,Aveiro (PA),7 anos,393
1501006,Aveiro (PA),8 anos,455
1501006,Aveiro (PA),9 anos,420
1501006,Aveiro (PA),10 anos,446
1501006,Aveiro (PA),11 anos,444
1501006,Aveiro (PA),12 anos,490
1501006,Aveiro (PA),13 anos,455
1501006,Aveiro (PA),14 anos,453
1501006,Aveiro (PA),15 anos,424
1501006,Aveiro (PA),16 anos,407
1501006,Aveiro (PA),17 anos,350
1501006,Aveiro (PA),18 anos,350
1501006,Aveiro (PA),19 anos,289
1501006,Aveiro (PA),20 anos,262
1501006,Aveiro (PA),21 anos,227
1501006,Aveiro (PA),22 anos,251
1501006,Aveiro (PA),23 anos,226
1501006,Aveiro (PA),24 anos,222
1501006,Aveiro (PA),25 anos,252
1501006,Aveiro (PA),26 anos,216
1501006,Aveiro (PA),27 anos,225
1501006,Aveiro (PA),28 anos,214
1501006,Aveiro (PA),29 anos,211
1501006,Aveiro (PA),30 anos,214
1501006,Aveiro (PA),31 anos,182
1501006,Aveiro (PA),32 anos,222
1501006,Aveiro (PA),33 anos,183
1501006,Aveiro (PA),34 anos,174
1501006,Aveiro (PA),35 anos,171
1501006,Aveiro (PA),36 anos,169
1501006,Aveiro (PA),37 anos,159
1501006,Aveiro (PA),38 anos,160
1501006,Aveiro (PA),39 anos,161
1501006,Aveiro (PA),40 anos,162
1501006,Aveiro (PA),41 anos,142
1501006,Aveiro (PA),42 anos,143
1501006,Aveiro (PA),43 anos,157
1501006,Aveiro (PA),44 anos,146
1501006,Aveiro (PA),45 anos,156
1501006,Aveiro (PA),46 anos,117
1501006,Aveiro (PA),47 anos,131
1501006,Aveiro (PA),48 anos,116
1501006,Aveiro (PA),49 anos,113
1501006,Aveiro (PA),50 anos,144
1501006,Aveiro (PA),51 anos,115
1501006,Aveiro (PA),52 anos,104
1501006,Aveiro (PA),53 anos,108
1501006,Aveiro (PA),54 anos,100
1501006,Aveiro (PA),55 anos,112
1501006,Aveiro (PA),56 anos,107
1501006,Aveiro (PA),57 anos,109
1501006,Aveiro (PA),58 anos,95
1501006,Aveiro (PA),59 anos,83
1501006,Aveiro (PA),60 anos,93
1501006,Aveiro (PA),61 anos,59
1501006,Aveiro (PA),62 anos,63
1501006,Aveiro (PA),63 anos,77
1501006,Aveiro (PA),64 anos,54
1501006,Aveiro (PA),65 anos,83
1501006,Aveiro (PA),66 anos,64
1501006,Aveiro (PA),67 anos,54
1501006,Aveiro (PA),68 anos,59
1501006,Aveiro (PA),69 anos,47
1501006,Aveiro (PA),70 anos,70
1501006,Aveiro (PA),71 anos,44
1501006,Aveiro (PA),72 anos,45
1501006,Aveiro (PA),73 anos,34
1501006,Aveiro (PA),74 anos,38
1501006,Aveiro (PA),75 anos,38
1501006,Aveiro (PA),76 anos,23
1501006,Aveiro (PA),77 anos,23
1501006,Aveiro (PA),78 anos,28
1501006,Aveiro (PA),79 anos,17
1501006,Aveiro (PA),80 anos,18
1501006,Aveiro (PA),81 anos,19
1501006,Aveiro (PA),82 anos,12
1501006,Aveiro (PA),83 anos,8
1501006,Aveiro (PA),84 anos,17
1501006,Aveiro (PA),85 anos,12
1501006,Aveiro (PA),86 anos,11
1501006,Aveiro (PA),87 anos,14
1501006,Aveiro (PA),88 anos,10
1501006,Aveiro (PA),89 anos,9
1501006,Aveiro (PA),90 anos,4
1501006,Aveiro (PA),91 anos,6
1501006,Aveiro (PA),92 anos,2
1501006,Aveiro (PA),93 anos,2
1501006,Aveiro (PA),94 anos,2
1501006,Aveiro (PA),95 anos,2
1501006,Aveiro (PA),96 anos,3
1501006,Aveiro (PA),97 anos,2
1501006,Aveiro (PA),98 anos,-
1501006,Aveiro (PA),99 anos,1
1501006,Aveiro (PA),100 anos ou mais,1
1501105,Bagre (PA),Total,23864
1501105,Bagre (PA),Menos de 1 ano,634
1501105,Bagre (PA),Menos de 1 mês,61
1501105,Bagre (PA),1 mês,62
1501105,Bagre (PA),2 meses,45
1501105,Bagre (PA),3 meses,35
1501105,Bagre (PA),4 meses,58
1501105,Bagre (PA),5 meses,36
1501105,Bagre (PA),6 meses,54
1501105,Bagre (PA),7 meses,68
1501105,Bagre (PA),8 meses,49
1501105,Bagre (PA),9 meses,46
1501105,Bagre (PA),10 meses,61
1501105,Bagre (PA),11 meses,59
1501105,Bagre (PA),1 ano,660
1501105,Bagre (PA),2 anos,677
1501105,Bagre (PA),3 anos,680
1501105,Bagre (PA),4 anos,697
1501105,Bagre (PA),5 anos,668
1501105,Bagre (PA),6 anos,673
1501105,Bagre (PA),7 anos,683
1501105,Bagre (PA),8 anos,655
1501105,Bagre (PA),9 anos,717
1501105,Bagre (PA),10 anos,814
1501105,Bagre (PA),11 anos,723
1501105,Bagre (PA),12 anos,678
1501105,Bagre (PA),13 anos,632
1501105,Bagre (PA),14 anos,649
1501105,Bagre (PA),15 anos,652
1501105,Bagre (PA),16 anos,584
1501105,Bagre (PA),17 anos,585
1501105,Bagre (PA),18 anos,502
1501105,Bagre (PA),19 anos,536
1501105,Bagre (PA),20 anos,580
1501105,Bagre (PA),21 anos,406
1501105,Bagre (PA),22 anos,467
1501105,Bagre (PA),23 anos,414
1501105,Bagre (PA),24 anos,394
1501105,Bagre (PA),25 anos,437
1501105,Bagre (PA),26 anos,384
1501105,Bagre (PA),27 anos,355
1501105,Bagre (PA),28 anos,336
1501105,Bagre (PA),29 anos,505
1501105,Bagre (PA),30 anos,482
1501105,Bagre (PA),31 anos,293
1501105,Bagre (PA),32 anos,310
1501105,Bagre (PA),33 anos,235
1501105,Bagre (PA),34 anos,269
1501105,Bagre (PA),35 anos,275
1501105,Bagre (PA),36 anos,212
1501105,Bagre (PA),37 anos,272
1501105,Bagre (PA),38 anos,248
1501105,Bagre (PA),39 anos,253
1501105,Bagre (PA),40 anos,315
1501105,Bagre (PA),41 anos,151
1501105,Bagre (PA),42 anos,162
1501105,Bagre (PA),43 anos,132
1501105,Bagre (PA),44 anos,139
1501105,Bagre (PA),45 anos,138
1501105,Bagre (PA),46 anos,141
1501105,Bagre (PA),47 anos,119
1501105,Bagre (PA),48 anos,125
1501105,Bagre (PA),49 anos,119
1501105,Bagre (PA),50 anos,129
1501105,Bagre (PA),51 anos,87
1501105,Bagre (PA),52 anos,119
1501105,Bagre (PA),53 anos,94
1501105,Bagre (PA),54 anos,116
1501105,Bagre (PA),55 anos,107
1501105,Bagre (PA),56 anos,95
1501105,Bagre (PA),57 anos,55
1501105,Bagre (PA),58 anos,85
1501105,Bagre (PA),59 anos,88
1501105,Bagre (PA),60 anos,121
1501105,Bagre (PA),61 anos,61
1501105,Bagre (PA),62 anos,70
1501105,Bagre (PA),63 anos,58
1501105,Bagre (PA),64 anos,75
1501105,Bagre (PA),65 anos,74
1501105,Bagre (PA),66 anos,48
1501105,Bagre (PA),67 anos,65
1501105,Bagre (PA),68 anos,62
1501105,Bagre (PA),69 anos,52
1501105,Bagre (PA),70 anos,67
1501105,Bagre (PA),71 anos,25
1501105,Bagre (PA),72 anos,31
1501105,Bagre (PA),73 anos,33
1501105,Bagre (PA),74 anos,34
1501105,Bagre (PA),75 anos,26
1501105,Bagre (PA),76 anos,18
1501105,Bagre (PA),77 anos,14
1501105,Bagre (PA),78 anos,25
1501105,Bagre (PA),79 anos,20
1501105,Bagre (PA),80 anos,20
1501105,Bagre (PA),81 anos,8
1501105,Bagre (PA),82 anos,8
1501105,Bagre (PA),83 anos,6
1501105,Bagre (PA),84 anos,8
1501105,Bagre (PA),85 anos,11
1501105,Bagre (PA),86 anos,6
1501105,Bagre (PA),87 anos,5
1501105,Bagre (PA),88 anos,10
1501105,Bagre (PA),89 anos,10
1501105,Bagre (PA),90 anos,4
1501105,Bagre (PA),91 anos,5
1501105,Bagre (PA),92 anos,12
1501105,Bagre (PA),93 anos,10
1501105,Bagre (PA),94 anos,4
1501105,Bagre (PA),95 anos,5
1501105,Bagre (PA),96 anos,2
1501105,Bagre (PA),97 anos,2
1501105,Bagre (PA),98 anos,3
1501105,Bagre (PA),99 anos,-
1501105,Bagre (PA),100 anos ou mais,4
1501204,Baião (PA),Total,36882
1501204,Baião (PA),Menos de 1 ano,649
1501204,Baião (PA),Menos de 1 mês,53
1501204,Baião (PA),1 mês,64
1501204,Baião (PA),2 meses,34
1501204,Baião (PA),3 meses,58
1501204,Baião (PA),4 meses,43
1501204,Baião (PA),5 meses,36
1501204,Baião (PA),6 meses,47
1501204,Baião (PA),7 meses,70
1501204,Baião (PA),8 meses,55
1501204,Baião (PA),9 meses,58
1501204,Baião (PA),10 meses,60
1501204,Baião (PA),11 meses,71
1501204,Baião (PA),1 ano,705
1501204,Baião (PA),2 anos,767
1501204,Baião (PA),3 anos,838
1501204,Baião (PA),4 anos,843
1501204,Baião (PA),5 anos,886
1501204,Baião (PA),6 anos,879
1501204,Baião (PA),7 anos,896
1501204,Baião (PA),8 anos,887
1501204,Baião (PA),9 anos,909
1501204,Baião (PA),10 anos,1039
1501204,Baião (PA),11 anos,882
1501204,Baião (PA),12 anos,930
1501204,Baião (PA),13 anos,886
1501204,Baião (PA),14 anos,952
1501204,Baião (PA),15 anos,856
1501204,Baião (PA),16 anos,817
1501204,Baião (PA),17 anos,810
1501204,Baião (PA),18 anos,776
1501204,Baião (PA),19 anos,771
1501204,Baião (PA),20 anos,832
1501204,Baião (PA),21 anos,738
1501204,Baião (PA),22 anos,758
1501204,Baião (PA),23 anos,737
1501204,Baião (PA),24 anos,725
1501204,Baião (PA),25 anos,726
1501204,Baião (PA),26 anos,633
1501204,Baião (PA),27 anos,651
1501204,Baião (PA),28 anos,646
1501204,Baião (PA),29 anos,643
1501204,Baião (PA),30 anos,701
1501204,Baião (PA),31 anos,581
1501204,Baião (PA),32 anos,557
1501204,Baião (PA),33 anos,507
1501204,Baião (PA),34 anos,517
1501204,Baião (PA),35 anos,482
1501204,Baião (PA),36 anos,380
1501204,Baião (PA),37 anos,420
1501204,Baião (PA),38 anos,431
1501204,Baião (PA),39 anos,418
1501204,Baião (PA),40 anos,486
1501204,Baião (PA),41 anos,330
1501204,Baião (PA),42 anos,380
1501204,Baião (PA),43 anos,305
1501204,Baião (PA),44 anos,319
1501204,Baião (PA),45 anos,333
1501204,Baião (PA),46 anos,279
1501204,Baião (PA),47 anos,289
1501204,Baião (PA),48 anos,276
1501204,Baião (PA),49 anos,265
1501204,Baião (PA),50 anos,259
1501204,Baião (PA),51 anos,229
1501204,Baião (PA),52 anos,234
1501204,Baião (PA),53 anos,240
1501204,Baião (PA),54 anos,226
1501204,Baião (PA),55 anos,219
1501204,Baião (PA),56 anos,193
1501204,Baião (PA),57 anos,200
1501204,Baião (PA),58 anos,208
1501204,Baião (PA),59 anos,191
1501204,Baião (PA),60 anos,188
1501204,Baião (PA),61 anos,136
1501204,Baião (PA),62 anos,135
1501204,Baião (PA),63 anos,131
1501204,Baião (PA),64 anos,151
1501204,Baião (PA),65 anos,164
1501204,Baião (PA),66 anos,128
1501204,Baião (PA),67 anos,138
1501204,Baião (PA),68 anos,127
1501204,Baião (PA),69 anos,90
1501204,Baião (PA),70 anos,133
1501204,Baião (PA),71 anos,84
1501204,Baião (PA),72 anos,85
1501204,Baião (PA),73 anos,76
1501204,Baião (PA),74 anos,81
1501204,Baião (PA),75 anos,61
1501204,Baião (PA),76 anos,58
1501204,Baião (PA),77 anos,47
1501204,Baião (PA),78 anos,49
1501204,Baião (PA),79 anos,48
1501204,Baião (PA),80 anos,37
1501204,Baião (PA),81 anos,14
1501204,Baião (PA),82 anos,28
1501204,Baião (PA),83 anos,27
1501204,Baião (PA),84 anos,27
1501204,Baião (PA),85 anos,18
1501204,Baião (PA),86 anos,25
1501204,Baião (PA),87 anos,14
1501204,Baião (PA),88 anos,11
1501204,Baião (PA),89 anos,8
1501204,Baião (PA),90 anos,10
1501204,Baião (PA),91 anos,6
1501204,Baião (PA),92 anos,5
1501204,Baião (PA),93 anos,5
1501204,Baião (PA),94 anos,5
1501204,Baião (PA),95 anos,3
1501204,Baião (PA),96 anos,2
1501204,Baião (PA),97 anos,1
1501204,Baião (PA),98 anos,2
1501204,Baião (PA),99 anos,-
1501204,Baião (PA),100 anos ou mais,2
1501253,Bannach (PA),Total,3431
1501253,Bannach (PA),Menos de 1 ano,70
1501253,Bannach (PA),Menos de 1 mês,2
1501253,Bannach (PA),1 mês,6
1501253,Bannach (PA),2 meses,10
1501253,Bannach (PA),3 meses,5
1501253,Bannach (PA),4 meses,8
1501253,Bannach (PA),5 meses,6
1501253,Bannach (PA),6 meses,1
1501253,Bannach (PA),7 meses,6
1501253,Bannach (PA),8 meses,8
1501253,Bannach (PA),9 meses,4
1501253,Bannach (PA),10 meses,7
1501253,Bannach (PA),11 meses,7
1501253,Bannach (PA),1 ano,69
1501253,Bannach (PA),2 anos,76
1501253,Bannach (PA),3 anos,53
1501253,Bannach (PA),4 anos,81
1501253,Bannach (PA),5 anos,59
1501253,Bannach (PA),6 anos,67
1501253,Bannach (PA),7 anos,68
1501253,Bannach (PA),8 anos,87
1501253,Bannach (PA),9 anos,78
1501253,Bannach (PA),10 anos,81
1501253,Bannach (PA),11 anos,64
1501253,Bannach (PA),12 anos,70
1501253,Bannach (PA),13 anos,68
1501253,Bannach (PA),14 anos,60
1501253,Bannach (PA),15 anos,73
1501253,Bannach (PA),16 anos,65
1501253,Bannach (PA),17 anos,57
1501253,Bannach (PA),18 anos,72
1501253,Bannach (PA),19 anos,55
1501253,Bannach (PA),20 anos,54
1501253,Bannach (PA),21 anos,46
1501253,Bannach (PA),22 anos,53
1501253,Bannach (PA),23 anos,51
1501253,Bannach (PA),24 anos,55
1501253,Bannach (PA),25 anos,72
1501253,Bannach (PA),26 anos,57
1501253,Bannach (PA),27 anos,75
1501253,Bannach (PA),28 anos,70
1501253,Bannach (PA),29 anos,52
1501253,Bannach (PA),30 anos,52
1501253,Bannach (PA),31 anos,60
1501253,Bannach (PA),32 anos,54
1501253,Bannach (PA),33 anos,51
1501253,Bannach (PA),34 anos,43
1501253,Bannach (PA),35 anos,67
1501253,Bannach (PA),36 anos,53
1501253,Bannach (PA),37 anos,47
1501253,Bannach (PA),38 anos,56
1501253,Bannach (PA),39 anos,48
1501253,Bannach (PA),40 anos,46
1501253,Bannach (PA),41 anos,46
1501253,Bannach (PA),42 anos,41
1501253,Bannach (PA),43 anos,38
1501253,Bannach (PA),44 anos,35
1501253,Bannach (PA),45 anos,33
1501253,Bannach (PA),46 anos,43
1501253,Bannach (PA),47 anos,37
1501253,Bannach (PA),48 anos,38
1501253,Bannach (PA),49 anos,27
1501253,Bannach (PA),50 anos,39
1501253,Bannach (PA),51 anos,33
1501253,Bannach (PA),52 anos,35
1501253,Bannach (PA),53 anos,27
1501253,Bannach (PA),54 anos,28
1501253,Bannach (PA),55 anos,28
1501253,Bannach (PA),56 anos,22
1501253,Bannach (PA),57 anos,31
1501253,Bannach (PA),58 anos,26
1501253,Bannach (PA),59 anos,30
1501253,Bannach (PA),60 anos,23
1501253,Bannach (PA),61 anos,18
1501253,Bannach (PA),62 anos,15
1501253,Bannach (PA),63 anos,25
1501253,Bannach (PA),64 anos,17
1501253,Bannach (PA),65 anos,17
1501253,Bannach (PA),66 anos,12
1501253,Bannach (PA),67 anos,14
1501253,Bannach (PA),68 anos,13
1501253,Bannach (PA),69 anos,11
1501253,Bannach (PA),70 anos,13
1501253,Bannach (PA),71 anos,11
1501253,Bannach (PA),72 anos,7
1501253,Bannach (PA),73 anos,14
1501253,Bannach (PA),74 anos,4
1501253,Bannach (PA),75 anos,5
1501253,Bannach (PA),76 anos,1
1501253,Bannach (PA),77 anos,7
1501253,Bannach (PA),78 anos,5
1501253,Bannach (PA),79 anos,4
1501253,Bannach (PA),80 anos,4
1501253,Bannach (PA),81 anos,3
1501253,Bannach (PA),82 anos,2
1501253,Bannach (PA),83 anos,2
1501253,Bannach (PA),84 anos,2
1501253,Bannach (PA),85 anos,4
1501253,Bannach (PA),86 anos,1
1501253,Bannach (PA),87 anos,2
1501253,Bannach (PA),88 anos,1
1501253,Bannach (PA),89 anos,-
1501253,Bannach (PA),90 anos,-
1501253,Bannach (PA),91 anos,-
1501253,Bannach (PA),92 anos,1
1501253,Bannach (PA),93 anos,-
1501253,Bannach (PA),94 anos,1
1501253,Bannach (PA),95 anos,-
1501253,Bannach (PA),96 anos,-
1501253,Bannach (PA),97 anos,-
1501253,Bannach (PA),98 anos,-
1501253,Bannach (PA),99 anos,-
1501253,Bannach (PA),100 anos ou mais,-
1501303,Barcarena (PA),Total,99859
1501303,Barcarena (PA),Menos de 1 ano,1992
1501303,Barcarena (PA),Menos de 1 mês,143
1501303,Barcarena (PA),1 mês,161
1501303,Barcarena (PA),2 meses,172
1501303,Barcarena (PA),3 meses,157
1501303,Barcarena (PA),4 meses,143
1501303,Barcarena (PA),5 meses,150
1501303,Barcarena (PA),6 meses,151
1501303,Barcarena (PA),7 meses,210
1501303,Barcarena (PA),8 meses,190
1501303,Barcarena (PA),9 meses,188
1501303,Barcarena (PA),10 meses,187
1501303,Barcarena (PA),11 meses,140
1501303,Barcarena (PA),1 ano,1957
1501303,Barcarena (PA),2 anos,2137
1501303,Barcarena (PA),3 anos,2066
1501303,Barcarena (PA),4 anos,2025
1501303,Barcarena (PA),5 anos,2043
1501303,Barcarena (PA),6 anos,2016
1501303,Barcarena (PA),7 anos,2104
1501303,Barcarena (PA),8 anos,1980
1501303,Barcarena (PA),9 anos,2195
1501303,Barcarena (PA),10 anos,2356
1501303,Barcarena (PA),11 anos,2135
1501303,Barcarena (PA),12 anos,2260
1501303,Barcarena (PA),13 anos,2366
1501303,Barcarena (PA),14 anos,2301
1501303,Barcarena (PA),15 anos,2191
1501303,Barcarena (PA),16 anos,2198
1501303,Barcarena (PA),17 anos,2170
1501303,Barcarena (PA),18 anos,2158
1501303,Barcarena (PA),19 anos,2060
1501303,Barcarena (PA),20 anos,2018
1501303,Barcarena (PA),21 anos,2029
1501303,Barcarena (PA),22 anos,2128
1501303,Barcarena (PA),23 anos,2152
1501303,Barcarena (PA),24 anos,2008
1501303,Barcarena (PA),25 anos,2020
1501303,Barcarena (PA),26 anos,1946
1501303,Barcarena (PA),27 anos,1973
1501303,Barcarena (PA),28 anos,2009
1501303,Barcarena (PA),29 anos,1821
1501303,Barcarena (PA),30 anos,1954
1501303,Barcarena (PA),31 anos,1680
1501303,Barcarena (PA),32 anos,1623
1501303,Barcarena (PA),33 anos,1573
1501303,Barcarena (PA),34 anos,1491
1501303,Barcarena (PA),35 anos,1560
1501303,Barcarena (PA),36 anos,1515
1501303,Barcarena (PA),37 anos,1350
1501303,Barcarena (PA),38 anos,1282
1501303,Barcarena (PA),39 anos,1226
1501303,Barcarena (PA),40 anos,1352
1501303,Barcarena (PA),41 anos,1120
1501303,Barcarena (PA),42 anos,1137
1501303,Barcarena (PA),43 anos,1006
1501303,Barcarena (PA),44 anos,1042
1501303,Barcarena (PA),45 anos,964
1501303,Barcarena (PA),46 anos,973
1501303,Barcarena (PA),47 anos,899
1501303,Barcarena (PA),48 anos,844
1501303,Barcarena (PA),49 anos,850
1501303,Barcarena (PA),50 anos,887
1501303,Barcarena (PA),51 anos,718
1501303,Barcarena (PA),52 anos,747
1501303,Barcarena (PA),53 anos,680
1501303,Barcarena (PA),54 anos,631
1501303,Barcarena (PA),55 anos,623
1501303,Barcarena (PA),56 anos,550
1501303,Barcarena (PA),57 anos,507
1501303,Barcarena (PA),58 anos,482
1501303,Barcarena (PA),59 anos,428
1501303,Barcarena (PA),60 anos,478
1501303,Barcarena (PA),61 anos,360
1501303,Barcarena (PA),62 anos,370
1501303,Barcarena (PA),63 anos,315
1501303,Barcarena (PA),64 anos,327
1501303,Barcarena (PA),65 anos,350
1501303,Barcarena (PA),66 anos,271
1501303,Barcarena (PA),67 anos,257
1501303,Barcarena (PA),68 anos,227
1501303,Barcarena (PA),69 anos,208
1501303,Barcarena (PA),70 anos,226
1501303,Barcarena (PA),71 anos,157
1501303,Barcarena (PA),72 anos,169
1501303,Barcarena (PA),73 anos,159
1501303,Barcarena (PA),74 anos,166
1501303,Barcarena (PA),75 anos,154
1501303,Barcarena (PA),76 anos,103
1501303,Barcarena (PA),77 anos,126
1501303,Barcarena (PA),78 anos,111
1501303,Barcarena (PA),79 anos,108
1501303,Barcarena (PA),80 anos,111
1501303,Barcarena (PA),81 anos,40
1501303,Barcarena (PA),82 anos,57
1501303,Barcarena (PA),83 anos,59
1501303,Barcarena (PA),84 anos,48
1501303,Barcarena (PA),85 anos,41
1501303,Barcarena (PA),86 anos,43
1501303,Barcarena (PA),87 anos,39
1501303,Barcarena (PA),88 anos,43
1501303,Barcarena (PA),89 anos,35
1501303,Barcarena (PA),90 anos,27
1501303,Barcarena (PA),91 anos,14
1501303,Barcarena (PA),92 anos,33
1501303,Barcarena (PA),93 anos,22
1501303,Barcarena (PA),94 anos,14
1501303,Barcarena (PA),95 anos,25
1501303,Barcarena (PA),96 anos,18
1501303,Barcarena (PA),97 anos,6
1501303,Barcarena (PA),98 anos,6
1501303,Barcarena (PA),99 anos,9
1501303,Barcarena (PA),100 anos ou mais,19
1501402,Belém (PA),Total,1393399
1501402,Belém (PA),Menos de 1 ano,19853
1501402,Belém (PA),Menos de 1 mês,1528
1501402,Belém (PA),1 mês,1433
1501402,Belém (PA),2 meses,1550
1501402,Belém (PA),3 meses,1468
1501402,Belém (PA),4 meses,1543
1501402,Belém (PA),5 meses,1478
1501402,Belém (PA),6 meses,1617
1501402,Belém (PA),7 meses,1959
1501402,Belém (PA),8 meses,1851
1501402,Belém (PA),9 meses,1871
1501402,Belém (PA),10 meses,1845
1501402,Belém (PA),11 meses,1710
1501402,Belém (PA),1 ano,19815
1501402,Belém (PA),2 anos,19927
1501402,Belém (PA),3 anos,19819
1501402,Belém (PA),4 anos,20080
1501402,Belém (PA),5 anos,20527
1501402,Belém (PA),6 anos,20026
1501402,Belém (PA),7 anos,21137
1501402,Belém (PA),8 anos,21151
1501402,Belém (PA),9 anos,22881
1501402,Belém (PA),10 anos,24554
1501402,Belém (PA),11 anos,23060
1501402,Belém (PA),12 anos,23191
1501402,Belém (PA),13 anos,23857
1501402,Belém (PA),14 anos,24899
1501402,Belém (PA),15 anos,25235
1501402,Belém (PA),16 anos,25489
1501402,Belém (PA),17 anos,25007
1501402,Belém (PA),18 anos,26059
1501402,Belém (PA),19 anos,24250
1501402,Belém (PA),20 anos,26182
1501402,Belém (PA),21 anos,27120
1501402,Belém (PA),22 anos,27654
1501402,Belém (PA),23 anos,26735
1501402,Belém (PA),24 anos,27714
1501402,Belém (PA),25 anos,27992
1501402,Belém (PA),26 anos,26248
1501402,Belém (PA),27 anos,27560
1501402,Belém (PA),28 anos,28037
1501402,Belém (PA),29 anos,27579
1501402,Belém (PA),30 anos,28644
1501402,Belém (PA),31 anos,24732
1501402,Belém (PA),32 anos,25238
1501402,Belém (PA),33 anos,22691
1501402,Belém (PA),34 anos,23077
1501402,Belém (PA),35 anos,23899
1501402,Belém (PA),36 anos,21648
1501402,Belém (PA),37 anos,21838
1501402,Belém (PA),38 anos,21181
1501402,Belém (PA),39 anos,21450
1501402,Belém (PA),40 anos,22725
1501402,Belém (PA),41 anos,19308
1501402,Belém (PA),42 anos,19545
1501402,Belém (PA),43 anos,17450
1501402,Belém (PA),44 anos,18195
1501402,Belém (PA),45 anos,18360
1501402,Belém (PA),46 anos,16743
1501402,Belém (PA),47 anos,16480
1501402,Belém (PA),48 anos,15501
1501402,Belém (PA),49 anos,15541
1501402,Belém (PA),50 anos,16506
1501402,Belém (PA),51 anos,14246
1501402,Belém (PA),52 anos,14299
1501402,Belém (PA),53 anos,13020
1501402,Belém (PA),54 anos,12807
1501402,Belém (PA),55 anos,12325
1501402,Belém (PA),56 anos,11716
1501402,Belém (PA),57 anos,10540
1501402,Belém (PA),58 anos,10183
1501402,Belém (PA),59 anos,9944
1501402,Belém (PA),60 anos,10369
1501402,Belém (PA),61 anos,8281
1501402,Belém (PA),62 anos,8332
1501402,Belém (PA),63 anos,7837
1501402,Belém (PA),64 anos,7366
1501402,Belém (PA),65 anos,7658
1501402,Belém (PA),66 anos,6451
1501402,Belém (PA),67 anos,6089
1501402,Belém (PA),68 anos,5554
1501402,Belém (PA),69 anos,5218
1501402,Belém (PA),70 anos,5809
1501402,Belém (PA),71 anos,4467
1501402,Belém (PA),72 anos,4446
1501402,Belém (PA),73 anos,4134
1501402,Belém (PA),74 anos,4147
1501402,Belém (PA),75 anos,3803
1501402,Belém (PA),76 anos,3144
1501402,Belém (PA),77 anos,2991
1501402,Belém (PA),78 anos,2925
1501402,Belém (PA),79 anos,2635
1501402,Belém (PA),80 anos,2659
1501402,Belém (PA),81 anos,2083
1501402,Belém (PA),82 anos,1993
1501402,Belém (PA),83 anos,1867
1501402,Belém (PA),84 anos,1591
1501402,Belém (PA),85 anos,1357
1501402,Belém (PA),86 anos,1133
1501402,Belém (PA),87 anos,942
1501402,Belém (PA),88 anos,781
1501402,Belém (PA),89 anos,662
1501402,Belém (PA),90 anos,700
1501402,Belém (PA),91 anos,432
1501402,Belém (PA),92 anos,425
1501402,Belém (PA),93 anos,338
1501402,Belém (PA),94 anos,319
1501402,Belém (PA),95 anos,262
1501402,Belém (PA),96 anos,194
1501402,Belém (PA),97 anos,142
1501402,Belém (PA),98 anos,120
1501402,Belém (PA),99 anos,72
1501402,Belém (PA),100 anos ou mais,201
1501451,Belterra (PA),Total,16318
1501451,Belterra (PA),Menos de 1 ano,291
1501451,Belterra (PA),Menos de 1 mês,25
1501451,Belterra (PA),1 mês,14
1501451,Belterra (PA),2 meses,22
1501451,Belterra (PA),3 meses,30
1501451,Belterra (PA),4 meses,21
1501451,Belterra (PA),5 meses,20
1501451,Belterra (PA),6 meses,19
1501451,Belterra (PA),7 meses,21
1501451,Belterra (PA),8 meses,39
1501451,Belterra (PA),9 meses,31
1501451,Belterra (PA),10 meses,25
1501451,Belterra (PA),11 meses,24
1501451,Belterra (PA),1 ano,322
1501451,Belterra (PA),2 anos,348
1501451,Belterra (PA),3 anos,375
1501451,Belterra (PA),4 anos,364
1501451,Belterra (PA),5 anos,387
1501451,Belterra (PA),6 anos,421
1501451,Belterra (PA),7 anos,400
1501451,Belterra (PA),8 anos,422
1501451,Belterra (PA),9 anos,368
1501451,Belterra (PA),10 anos,416
1501451,Belterra (PA),11 anos,382
1501451,Belterra (PA),12 anos,394
1501451,Belterra (PA),13 anos,382
1501451,Belterra (PA),14 anos,398
1501451,Belterra (PA),15 anos,387
1501451,Belterra (PA),16 anos,355
1501451,Belterra (PA),17 anos,324
1501451,Belterra (PA),18 anos,301
1501451,Belterra (PA),19 anos,306
1501451,Belterra (PA),20 anos,261
1501451,Belterra (PA),21 anos,245
1501451,Belterra (PA),22 anos,236
1501451,Belterra (PA),23 anos,246
1501451,Belterra (PA),24 anos,248
1501451,Belterra (PA),25 anos,260
1501451,Belterra (PA),26 anos,234
1501451,Belterra (PA),27 anos,244
1501451,Belterra (PA),28 anos,276
1501451,Belterra (PA),29 anos,235
1501451,Belterra (PA),30 anos,286
1501451,Belterra (PA),31 anos,225
1501451,Belterra (PA),32 anos,228
1501451,Belterra (PA),33 anos,250
1501451,Belterra (PA),34 anos,214
1501451,Belterra (PA),35 anos,202
1501451,Belterra (PA),36 anos,185
1501451,Belterra (PA),37 anos,192
1501451,Belterra (PA),38 anos,191
1501451,Belterra (PA),39 anos,170
1501451,Belterra (PA),40 anos,151
1501451,Belterra (PA),41 anos,188
1501451,Belterra (PA),42 anos,172
1501451,Belterra (PA),43 anos,162
1501451,Belterra (PA),44 anos,150
1501451,Belterra (PA),45 anos,147
1501451,Belterra (PA),46 anos,158
1501451,Belterra (PA),47 anos,175
1501451,Belterra (PA),48 anos,142
1501451,Belterra (PA),49 anos,142
1501451,Belterra (PA),50 anos,145
1501451,Belterra (PA),51 anos,111
1501451,Belterra (PA),52 anos,139
1501451,Belterra (PA),53 anos,123
1501451,Belterra (PA),54 anos,120
1501451,Belterra (PA),55 anos,149
1501451,Belterra (PA),56 anos,115
1501451,Belterra (PA),57 anos,130
1501451,Belterra (PA),58 anos,126
1501451,Belterra (PA),59 anos,97
1501451,Belterra (PA),60 anos,99
1501451,Belterra (PA),61 anos,88
1501451,Belterra (PA),62 anos,91
1501451,Belterra (PA),63 anos,80
1501451,Belterra (PA),64 anos,81
1501451,Belterra (PA),65 anos,73
1501451,Belterra (PA),66 anos,88
1501451,Belterra (PA),67 anos,63
1501451,Belterra (PA),68 anos,76
1501451,Belterra (PA),69 anos,65
1501451,Belterra (PA),70 anos,85
1501451,Belterra (PA),71 anos,56
1501451,Belterra (PA),72 anos,63
1501451,Belterra (PA),73 anos,57
1501451,Belterra (PA),74 anos,54
1501451,Belterra (PA),75 anos,61
1501451,Belterra (PA),76 anos,38
1501451,Belterra (PA),77 anos,35
1501451,Belterra (PA),78 anos,29
1501451,Belterra (PA),79 anos,33
1501451,Belterra (PA),80 anos,27
1501451,Belterra (PA),81 anos,22
1501451,Belterra (PA),82 anos,24
1501451,Belterra (PA),83 anos,22
1501451,Belterra (PA),84 anos,15
1501451,Belterra (PA),85 anos,21
1501451,Belterra (PA),86 anos,9
1501451,Belterra (PA),87 anos,13
1501451,Belterra (PA),88 anos,7
1501451,Belterra (PA),89 anos,7
1501451,Belterra (PA),90 anos,6
1501451,Belterra (PA),91 anos,3
1501451,Belterra (PA),92 anos,2
1501451,Belterra (PA),93 anos,3
1501451,Belterra (PA),94 anos,1
1501451,Belterra (PA),95 anos,1
1501451,Belterra (PA),96 anos,-
1501451,Belterra (PA),97 anos,2
1501451,Belterra (PA),98 anos,3
1501451,Belterra (PA),99 anos,1
1501451,Belterra (PA),100 anos ou mais,1
1501501,Benevides (PA),Total,51651
1501501,Benevides (PA),Menos de 1 ano,890
1501501,Benevides (PA),Menos de 1 mês,77
1501501,Benevides (PA),1 mês,64
1501501,Benevides (PA),2 meses,65
1501501,Benevides (PA),3 meses,66
1501501,Benevides (PA),4 meses,69
1501501,Benevides (PA),5 meses,80
1501501,Benevides (PA),6 meses,69
1501501,Benevides (PA),7 meses,80
1501501,Benevides (PA),8 meses,86
1501501,Benevides (PA),9 meses,95
1501501,Benevides (PA),10 meses,77
1501501,Benevides (PA),11 meses,62
1501501,Benevides (PA),1 ano,918
1501501,Benevides (PA),2 anos,925
1501501,Benevides (PA),3 anos,906
1501501,Benevides (PA),4 anos,970
1501501,Benevides (PA),5 anos,962
1501501,Benevides (PA),6 anos,988
1501501,Benevides (PA),7 anos,1110
1501501,Benevides (PA),8 anos,1031
1501501,Benevides (PA),9 anos,1099
1501501,Benevides (PA),10 anos,1146
1501501,Benevides (PA),11 anos,1001
1501501,Benevides (PA),12 anos,1078
1501501,Benevides (PA),13 anos,1112
1501501,Benevides (PA),14 anos,1143
1501501,Benevides (PA),15 anos,1113
1501501,Benevides (PA),16 anos,1084
1501501,Benevides (PA),17 anos,1087
1501501,Benevides (PA),18 anos,1045
1501501,Benevides (PA),19 anos,1071
1501501,Benevides (PA),20 anos,984
1501501,Benevides (PA),21 anos,1020
1501501,Benevides (PA),22 anos,1061
1501501,Benevides (PA),23 anos,952
1501501,Benevides (PA),24 anos,1004
1501501,Benevides (PA),25 anos,1026
1501501,Benevides (PA),26 anos,1026
1501501,Benevides (PA),27 anos,1004
1501501,Benevides (PA),28 anos,1016
1501501,Benevides (PA),29 anos,1012
1501501,Benevides (PA),30 anos,1040
1501501,Benevides (PA),31 anos,856
1501501,Benevides (PA),32 anos,945
1501501,Benevides (PA),33 anos,840
1501501,Benevides (PA),34 anos,842
1501501,Benevides (PA),35 anos,882
1501501,Benevides (PA),36 anos,739
1501501,Benevides (PA),37 anos,781
1501501,Benevides (PA),38 anos,718
1501501,Benevides (PA),39 anos,708
1501501,Benevides (PA),40 anos,764
1501501,Benevides (PA),41 anos,637
1501501,Benevides (PA),42 anos,625
1501501,Benevides (PA),43 anos,545
1501501,Benevides (PA),44 anos,559
1501501,Benevides (PA),45 anos,553
1501501,Benevides (PA),46 anos,481
1501501,Benevides (PA),47 anos,477
1501501,Benevides (PA),48 anos,416
1501501,Benevides (PA),49 anos,485
1501501,Benevides (PA),50 anos,527
1501501,Benevides (PA),51 anos,392
1501501,Benevides (PA),52 anos,381
1501501,Benevides (PA),53 anos,408
1501501,Benevides (PA),54 anos,358
1501501,Benevides (PA),55 anos,362
1501501,Benevides (PA),56 anos,305
1501501,Benevides (PA),57 anos,282
1501501,Benevides (PA),58 anos,269
1501501,Benevides (PA),59 anos,295
1501501,Benevides (PA),60 anos,275
1501501,Benevides (PA),61 anos,213
1501501,Benevides (PA),62 anos,192
1501501,Benevides (PA),63 anos,217
1501501,Benevides (PA),64 anos,195
1501501,Benevides (PA),65 anos,206
1501501,Benevides (PA),66 anos,176
1501501,Benevides (PA),67 anos,174
1501501,Benevides (PA),68 anos,136
1501501,Benevides (PA),69 anos,156
1501501,Benevides (PA),70 anos,160
1501501,Benevides (PA),71 anos,116
1501501,Benevides (PA),72 anos,123
1501501,Benevides (PA),73 anos,126
1501501,Benevides (PA),74 anos,106
1501501,Benevides (PA),75 anos,79
1501501,Benevides (PA),76 anos,84
1501501,Benevides (PA),77 anos,87
1501501,Benevides (PA),78 anos,58
1501501,Benevides (PA),79 anos,64
1501501,Benevides (PA),80 anos,69
1501501,Benevides (PA),81 anos,44
1501501,Benevides (PA),82 anos,49
1501501,Benevides (PA),83 anos,38
1501501,Benevides (PA),84 anos,42
1501501,Benevides (PA),85 anos,35
1501501,Benevides (PA),86 anos,27
1501501,Benevides (PA),87 anos,28
1501501,Benevides (PA),88 anos,16
1501501,Benevides (PA),89 anos,14
1501501,Benevides (PA),90 anos,15
1501501,Benevides (PA),91 anos,11
1501501,Benevides (PA),92 anos,12
1501501,Benevides (PA),93 anos,13
1501501,Benevides (PA),94 anos,7
1501501,Benevides (PA),95 anos,9
1501501,Benevides (PA),96 anos,3
1501501,Benevides (PA),97 anos,3
1501501,Benevides (PA),98 anos,3
1501501,Benevides (PA),99 anos,5
1501501,Benevides (PA),100 anos ou mais,9
1501576,Bom Jesus do Tocantins (PA),Total,15298
1501576,Bom Jesus do Tocantins (PA),Menos de 1 ano,256
1501576,Bom Jesus do Tocantins (PA),Menos de 1 mês,19
1501576,Bom Jesus do Tocantins (PA),1 mês,24
1501576,Bom Jesus do Tocantins (PA),2 meses,21
1501576,Bom Jesus do Tocantins (PA),3 meses,31
1501576,Bom Jesus do Tocantins (PA),4 meses,18
1501576,Bom Jesus do Tocantins (PA),5 meses,20
1501576,Bom Jesus do Tocantins (PA),6 meses,17
1501576,Bom Jesus do Tocantins (PA),7 meses,28
1501576,Bom Jesus do Tocantins (PA),8 meses,23
1501576,Bom Jesus do Tocantins (PA),9 meses,17
1501576,Bom Jesus do Tocantins (PA),10 meses,22
1501576,Bom Jesus do Tocantins (PA),11 meses,16
1501576,Bom Jesus do Tocantins (PA),1 ano,294
1501576,Bom Jesus do Tocantins (PA),2 anos,300
1501576,Bom Jesus do Tocantins (PA),3 anos,303
1501576,Bom Jesus do Tocantins (PA),4 anos,293
1501576,Bom Jesus do Tocantins (PA),5 anos,312
1501576,Bom Jesus do Tocantins (PA),6 anos,302
1501576,Bom Jesus do Tocantins (PA),7 anos,276
1501576,Bom Jesus do Tocantins (PA),8 anos,324
1501576,Bom Jesus do Tocantins (PA),9 anos,326
1501576,Bom Jesus do Tocantins (PA),10 anos,345
1501576,Bom Jesus do Tocantins (PA),11 anos,316
1501576,Bom Jesus do Tocantins (PA),12 anos,348
1501576,Bom Jesus do Tocantins (PA),13 anos,366
1501576,Bom Jesus do Tocantins (PA),14 anos,363
1501576,Bom Jesus do Tocantins (PA),15 anos,324
1501576,Bom Jesus do Tocantins (PA),16 anos,305
1501576,Bom Jesus do Tocantins (PA),17 anos,327
1501576,Bom Jesus do Tocantins (PA),18 anos,307
1501576,Bom Jesus do Tocantins (PA),19 anos,295
1501576,Bom Jesus do Tocantins (PA),20 anos,292
1501576,Bom Jesus do Tocantins (PA),21 anos,293
1501576,Bom Jesus do Tocantins (PA),22 anos,310
1501576,Bom Jesus do Tocantins (PA),23 anos,284
1501576,Bom Jesus do Tocantins (PA),24 anos,310
1501576,Bom Jesus do Tocantins (PA),25 anos,305
1501576,Bom Jesus do Tocantins (PA),26 anos,262
1501576,Bom Jesus do Tocantins (PA),27 anos,287
1501576,Bom Jesus do Tocantins (PA),28 anos,267
1501576,Bom Jesus do Tocantins (PA),29 anos,255
1501576,Bom Jesus do Tocantins (PA),30 anos,309
1501576,Bom Jesus do Tocantins (PA),31 anos,212
1501576,Bom Jesus do Tocantins (PA),32 anos,224
1501576,Bom Jesus do Tocantins (PA),33 anos,209
1501576,Bom Jesus do Tocantins (PA),34 anos,202
1501576,Bom Jesus do Tocantins (PA),35 anos,198
1501576,Bom Jesus do Tocantins (PA),36 anos,190
1501576,Bom Jesus do Tocantins (PA),37 anos,202
1501576,Bom Jesus do Tocantins (PA),38 anos,172
1501576,Bom Jesus do Tocantins (PA),39 anos,209
1501576,Bom Jesus do Tocantins (PA),40 anos,215
1501576,Bom Jesus do Tocantins (PA),41 anos,156
1501576,Bom Jesus do Tocantins (PA),42 anos,168
1501576,Bom Jesus do Tocantins (PA),43 anos,152
1501576,Bom Jesus do Tocantins (PA),44 anos,168
1501576,Bom Jesus do Tocantins (PA),45 anos,175
1501576,Bom Jesus do Tocantins (PA),46 anos,150
1501576,Bom Jesus do Tocantins (PA),47 anos,148
1501576,Bom Jesus do Tocantins (PA),48 anos,133
1501576,Bom Jesus do Tocantins (PA),49 anos,162
1501576,Bom Jesus do Tocantins (PA),50 anos,139
1501576,Bom Jesus do Tocantins (PA),51 anos,120
1501576,Bom Jesus do Tocantins (PA),52 anos,116
1501576,Bom Jesus do Tocantins (PA),53 anos,115
1501576,Bom Jesus do Tocantins (PA),54 anos,104
1501576,Bom Jesus do Tocantins (PA),55 anos,140
1501576,Bom Jesus do Tocantins (PA),56 anos,106
1501576,Bom Jesus do Tocantins (PA),57 anos,102
1501576,Bom Jesus do Tocantins (PA),58 anos,88
1501576,Bom Jesus do Tocantins (PA),59 anos,123
1501576,Bom Jesus do Tocantins (PA),60 anos,115
1501576,Bom Jesus do Tocantins (PA),61 anos,103
1501576,Bom Jesus do Tocantins (PA),62 anos,92
1501576,Bom Jesus do Tocantins (PA),63 anos,70
1501576,Bom Jesus do Tocantins (PA),64 anos,71
1501576,Bom Jesus do Tocantins (PA),65 anos,61
1501576,Bom Jesus do Tocantins (PA),66 anos,58
1501576,Bom Jesus do Tocantins (PA),67 anos,64
1501576,Bom Jesus do Tocantins (PA),68 anos,37
1501576,Bom Jesus do Tocantins (PA),69 anos,59
1501576,Bom Jesus do Tocantins (PA),70 anos,61
1501576,Bom Jesus do Tocantins (PA),71 anos,40
1501576,Bom Jesus do Tocantins (PA),72 anos,37
1501576,Bom Jesus do Tocantins (PA),73 anos,31
1501576,Bom Jesus do Tocantins (PA),74 anos,34
1501576,Bom Jesus do Tocantins (PA),75 anos,35
1501576,Bom Jesus do Tocantins (PA),76 anos,28
1501576,Bom Jesus do Tocantins (PA),77 anos,31
1501576,Bom Jesus do Tocantins (PA),78 anos,24
1501576,Bom Jesus do Tocantins (PA),79 anos,31
1501576,Bom Jesus do Tocantins (PA),80 anos,27
1501576,Bom Jesus do Tocantins (PA),81 anos,23
1501576,Bom Jesus do Tocantins (PA),82 anos,16
1501576,Bom Jesus do Tocantins (PA),83 anos,10
1501576,Bom Jesus do Tocantins (PA),84 anos,14
1501576,Bom Jesus do Tocantins (PA),85 anos,9
1501576,Bom Jesus do Tocantins (PA),86 anos,10
1501576,Bom Jesus do Tocantins (PA),87 anos,14
1501576,Bom Jesus do Tocantins (PA),88 anos,7
1501576,Bom Jesus do Tocantins (PA),89 anos,6
1501576,Bom Jesus do Tocantins (PA),90 anos,6
1501576,Bom Jesus do Tocantins (PA),91 anos,3
1501576,Bom Jesus do Tocantins (PA),92 anos,1
1501576,Bom Jesus do Tocantins (PA),93 anos,2
1501576,Bom Jesus do Tocantins (PA),94 anos,3
1501576,Bom Jesus do Tocantins (PA),95 anos,2
1501576,Bom Jesus do Tocantins (PA),96 anos,4
1501576,Bom Jesus do Tocantins (PA),97 anos,3
1501576,Bom Jesus do Tocantins (PA),98 anos,-
1501576,Bom Jesus do Tocantins (PA),99 anos,-
1501576,Bom Jesus do Tocantins (PA),100 anos ou mais,2
1501600,Bonito (PA),Total,13630
1501600,Bonito (PA),Menos de 1 ano,308
1501600,Bonito (PA),Menos de 1 mês,18
1501600,Bonito (PA),1 mês,32
1501600,Bonito (PA),2 meses,33
1501600,Bonito (PA),3 meses,25
1501600,Bonito (PA),4 meses,17
1501600,Bonito (PA),5 meses,22
1501600,Bonito (PA),6 meses,33
1501600,Bonito (PA),7 meses,41
1501600,Bonito (PA),8 meses,19
1501600,Bonito (PA),9 meses,29
1501600,Bonito (PA),10 meses,23
1501600,Bonito (PA),11 meses,16
1501600,Bonito (PA),1 ano,285
1501600,Bonito (PA),2 anos,330
1501600,Bonito (PA),3 anos,278
1501600,Bonito (PA),4 anos,291
1501600,Bonito (PA),5 anos,313
1501600,Bonito (PA),6 anos,271
1501600,Bonito (PA),7 anos,338
1501600,Bonito (PA),8 anos,263
1501600,Bonito (PA),9 anos,295
1501600,Bonito (PA),10 anos,292
1501600,Bonito (PA),11 anos,320
1501600,Bonito (PA),12 anos,263
1501600,Bonito (PA),13 anos,293
1501600,Bonito (PA),14 anos,274
1501600,Bonito (PA),15 anos,290
1501600,Bonito (PA),16 anos,270
1501600,Bonito (PA),17 anos,293
1501600,Bonito (PA),18 anos,290
1501600,Bonito (PA),19 anos,286
1501600,Bonito (PA),20 anos,291
1501600,Bonito (PA),21 anos,306
1501600,Bonito (PA),22 anos,267
1501600,Bonito (PA),23 anos,270
1501600,Bonito (PA),24 anos,262
1501600,Bonito (PA),25 anos,329
1501600,Bonito (PA),26 anos,242
1501600,Bonito (PA),27 anos,285
1501600,Bonito (PA),28 anos,283
1501600,Bonito (PA),29 anos,248
1501600,Bonito (PA),30 anos,287
1501600,Bonito (PA),31 anos,232
1501600,Bonito (PA),32 anos,207
1501600,Bonito (PA),33 anos,184
1501600,Bonito (PA),34 anos,203
1501600,Bonito (PA),35 anos,192
1501600,Bonito (PA),36 anos,142
1501600,Bonito (PA),37 anos,174
1501600,Bonito (PA),38 anos,195
1501600,Bonito (PA),39 anos,170
1501600,Bonito (PA),40 anos,172
1501600,Bonito (PA),41 anos,150
1501600,Bonito (PA),42 anos,124
1501600,Bonito (PA),43 anos,130
1501600,Bonito (PA),44 anos,140
1501600,Bonito (PA),45 anos,130
1501600,Bonito (PA),46 anos,119
1501600,Bonito (PA),47 anos,114
1501600,Bonito (PA),48 anos,93
1501600,Bonito (PA),49 anos,85
1501600,Bonito (PA),50 anos,112
1501600,Bonito (PA),51 anos,96
1501600,Bonito (PA),52 anos,92
1501600,Bonito (PA),53 anos,89
1501600,Bonito (PA),54 anos,87
1501600,Bonito (PA),55 anos,97
1501600,Bonito (PA),56 anos,77
1501600,Bonito (PA),57 anos,70
1501600,Bonito (PA),58 anos,78
1501600,Bonito (PA),59 anos,64
1501600,Bonito (PA),60 anos,76
1501600,Bonito (PA),61 anos,52
1501600,Bonito (PA),62 anos,47
1501600,Bonito (PA),63 anos,39
1501600,Bonito (PA),64 anos,64
1501600,Bonito (PA),65 anos,43
1501600,Bonito (PA),66 anos,48
1501600,Bonito (PA),67 anos,47
1501600,Bonito (PA),68 anos,40
1501600,Bonito (PA),69 anos,36
1501600,Bonito (PA),70 anos,45
1501600,Bonito (PA),71 anos,29
1501600,Bonito (PA),72 anos,32
1501600,Bonito (PA),73 anos,31
1501600,Bonito (PA),74 anos,27
1501600,Bonito (PA),75 anos,22
1501600,Bonito (PA),76 anos,26
1501600,Bonito (PA),77 anos,30
1501600,Bonito (PA),78 anos,27
1501600,Bonito (PA),79 anos,17
1501600,Bonito (PA),80 anos,15
1501600,Bonito (PA),81 anos,16
1501600,Bonito (PA),82 anos,10
1501600,Bonito (PA),83 anos,10
1501600,Bonito (PA),84 anos,10
1501600,Bonito (PA),85 anos,8
1501600,Bonito (PA),86 anos,13
1501600,Bonito (PA),87 anos,11
1501600,Bonito (PA),88 anos,6
1501600,Bonito (PA),89 anos,1
1501600,Bonito (PA),90 anos,3
1501600,Bonito (PA),91 anos,3
1501600,Bonito (PA),92 anos,2
1501600,Bonito (PA),93 anos,3
1501600,Bonito (PA),94 anos,1
1501600,Bonito (PA),95 anos,1
1501600,Bonito (PA),96 anos,1
1501600,Bonito (PA),97 anos,2
1501600,Bonito (PA),98 anos,1
1501600,Bonito (PA),99 anos,3
1501600,Bonito (PA),100 anos ou mais,1
1501709,Bragança (PA),Total,113227
1501709,Bragança (PA),Menos de 1 ano,2223
1501709,Bragança (PA),Menos de 1 mês,163
1501709,Bragança (PA),1 mês,179
1501709,Bragança (PA),2 meses,168
1501709,Bragança (PA),3 meses,164
1501709,Bragança (PA),4 meses,162
1501709,Bragança (PA),5 meses,171
1501709,Bragança (PA),6 meses,225
1501709,Bragança (PA),7 meses,210
1501709,Bragança (PA),8 meses,222
1501709,Bragança (PA),9 meses,187
1501709,Bragança (PA),10 meses,196
1501709,Bragança (PA),11 meses,176
1501709,Bragança (PA),1 ano,2194
1501709,Bragança (PA),2 anos,2439
1501709,Bragança (PA),3 anos,2403
1501709,Bragança (PA),4 anos,2424
1501709,Bragança (PA),5 anos,2392
1501709,Bragança (PA),6 anos,2365
1501709,Bragança (PA),7 anos,2414
1501709,Bragança (PA),8 anos,2364
1501709,Bragança (PA),9 anos,2572
1501709,Bragança (PA),10 anos,2769
1501709,Bragança (PA),11 anos,2470
1501709,Bragança (PA),12 anos,2495
1501709,Bragança (PA),13 anos,2534
1501709,Bragança (PA),14 anos,2577
1501709,Bragança (PA),15 anos,2615
1501709,Bragança (PA),16 anos,2504
1501709,Bragança (PA),17 anos,2521
1501709,Bragança (PA),18 anos,2512
1501709,Bragança (PA),19 anos,2367
1501709,Bragança (PA),20 anos,2388
1501709,Bragança (PA),21 anos,2386
1501709,Bragança (PA),22 anos,2346
1501709,Bragança (PA),23 anos,2219
1501709,Bragança (PA),24 anos,2222
1501709,Bragança (PA),25 anos,2197
1501709,Bragança (PA),26 anos,2109
1501709,Bragança (PA),27 anos,2007
1501709,Bragança (PA),28 anos,1999
1501709,Bragança (PA),29 anos,1865
1501709,Bragança (PA),30 anos,1878
1501709,Bragança (PA),31 anos,1614
1501709,Bragança (PA),32 anos,1667
1501709,Bragança (PA),33 anos,1481
1501709,Bragança (PA),34 anos,1564
1501709,Bragança (PA),35 anos,1672
1501709,Bragança (PA),36 anos,1395
1501709,Bragança (PA),37 anos,1439
1501709,Bragança (PA),38 anos,1380
1501709,Bragança (PA),39 anos,1300
1501709,Bragança (PA),40 anos,1348
1501709,Bragança (PA),41 anos,1104
1501709,Bragança (PA),42 anos,1185
1501709,Bragança (PA),43 anos,1090
1501709,Bragança (PA),44 anos,1116
1501709,Bragança (PA),45 anos,1059
1501709,Bragança (PA),46 anos,942
1501709,Bragança (PA),47 anos,935
1501709,Bragança (PA),48 anos,939
1501709,Bragança (PA),49 anos,917
1501709,Bragança (PA),50 anos,938
1501709,Bragança (PA),51 anos,775
1501709,Bragança (PA),52 anos,869
1501709,Bragança (PA),53 anos,734
1501709,Bragança (PA),54 anos,805
1501709,Bragança (PA),55 anos,769
1501709,Bragança (PA),56 anos,748
1501709,Bragança (PA),57 anos,660
1501709,Bragança (PA),58 anos,581
1501709,Bragança (PA),59 anos,616
1501709,Bragança (PA),60 anos,639
1501709,Bragança (PA),61 anos,491
1501709,Bragança (PA),62 anos,572
1501709,Bragança (PA),63 anos,503
1501709,Bragança (PA),64 anos,493
1501709,Bragança (PA),65 anos,508
1501709,Bragança (PA),66 anos,489
1501709,Bragança (PA),67 anos,406
1501709,Bragança (PA),68 anos,401
1501709,Bragança (PA),69 anos,363
1501709,Bragança (PA),70 anos,439
1501709,Bragança (PA),71 anos,283
1501709,Bragança (PA),72 anos,272
1501709,Bragança (PA),73 anos,282
1501709,Bragança (PA),74 anos,302
1501709,Bragança (PA),75 anos,269
1501709,Bragança (PA),76 anos,215
1501709,Bragança (PA),77 anos,214
1501709,Bragança (PA),78 anos,205
1501709,Bragança (PA),79 anos,219
1501709,Bragança (PA),80 anos,201
1501709,Bragança (PA),81 anos,135
1501709,Bragança (PA),82 anos,130
1501709,Bragança (PA),83 anos,128
1501709,Bragança (PA),84 anos,106
1501709,Bragança (PA),85 anos,92
1501709,Bragança (PA),86 anos,90
1501709,Bragança (PA),87 anos,61
1501709,Bragança (PA),88 anos,54
1501709,Bragança (PA),89 anos,40
1501709,Bragança (PA),90 anos,51
1501709,Bragança (PA),91 anos,30
1501709,Bragança (PA),92 anos,33
1501709,Bragança (PA),93 anos,24
1501709,Bragança (PA),94 anos,18
1501709,Bragança (PA),95 anos,18
1501709,Bragança (PA),96 anos,17
1501709,Bragança (PA),97 anos,5
1501709,Bragança (PA),98 anos,4
1501709,Bragança (PA),99 anos,5
1501709,Bragança (PA),100 anos ou mais,8
1501725,Brasil Novo (PA),Total,15690
1501725,Brasil Novo (PA),Menos de 1 ano,270
1501725,Brasil Novo (PA),Menos de 1 mês,17
1501725,Brasil Novo (PA),1 mês,25
1501725,Brasil Novo (PA),2 meses,30
1501725,Brasil Novo (PA),3 meses,26
1501725,Brasil Novo (PA),4 meses,19
1501725,Brasil Novo (PA),5 meses,20
1501725,Brasil Novo (PA),6 meses,24
1501725,Brasil Novo (PA),7 meses,17
1501725,Brasil Novo (PA),8 meses,14
1501725,Brasil Novo (PA),9 meses,30
1501725,Brasil Novo (PA),10 meses,23
1501725,Brasil Novo (PA),11 meses,25
1501725,Brasil Novo (PA),1 ano,278
1501725,Brasil Novo (PA),2 anos,299
1501725,Brasil Novo (PA),3 anos,329
1501725,Brasil Novo (PA),4 anos,321
1501725,Brasil Novo (PA),5 anos,303
1501725,Brasil Novo (PA),6 anos,280
1501725,Brasil Novo (PA),7 anos,308
1501725,Brasil Novo (PA),8 anos,313
1501725,Brasil Novo (PA),9 anos,306
1501725,Brasil Novo (PA),10 anos,349
1501725,Brasil Novo (PA),11 anos,318
1501725,Brasil Novo (PA),12 anos,366
1501725,Brasil Novo (PA),13 anos,348
1501725,Brasil Novo (PA),14 anos,349
1501725,Brasil Novo (PA),15 anos,369
1501725,Brasil Novo (PA),16 anos,348
1501725,Brasil Novo (PA),17 anos,325
1501725,Brasil Novo (PA),18 anos,315
1501725,Brasil Novo (PA),19 anos,283
1501725,Brasil Novo (PA),20 anos,272
1501725,Brasil Novo (PA),21 anos,266
1501725,Brasil Novo (PA),22 anos,297
1501725,Brasil Novo (PA),23 anos,257
1501725,Brasil Novo (PA),24 anos,312
1501725,Brasil Novo (PA),25 anos,268
1501725,Brasil Novo (PA),26 anos,267
1501725,Brasil Novo (PA),27 anos,276
1501725,Brasil Novo (PA),28 anos,251
1501725,Brasil Novo (PA),29 anos,266
1501725,Brasil Novo (PA),30 anos,273
1501725,Brasil Novo (PA),31 anos,235
1501725,Brasil Novo (PA),32 anos,234
1501725,Brasil Novo (PA),33 anos,233
1501725,Brasil Novo (PA),34 anos,243
1501725,Brasil Novo (PA),35 anos,228
1501725,Brasil Novo (PA),36 anos,203
1501725,Brasil Novo (PA),37 anos,214
1501725,Brasil Novo (PA),38 anos,202
1501725,Brasil Novo (PA),39 anos,229
1501725,Brasil Novo (PA),40 anos,229
1501725,Brasil Novo (PA),41 anos,198
1501725,Brasil Novo (PA),42 anos,175
1501725,Brasil Novo (PA),43 anos,177
1501725,Brasil Novo (PA),44 anos,179
1501725,Brasil Novo (PA),45 anos,215
1501725,Brasil Novo (PA),46 anos,209
1501725,Brasil Novo (PA),47 anos,161
1501725,Brasil Novo (PA),48 anos,171
1501725,Brasil Novo (PA),49 anos,135
1501725,Brasil Novo (PA),50 anos,148
1501725,Brasil Novo (PA),51 anos,125
1501725,Brasil Novo (PA),52 anos,138
1501725,Brasil Novo (PA),53 anos,122
1501725,Brasil Novo (PA),54 anos,112
1501725,Brasil Novo (PA),55 anos,129
1501725,Brasil Novo (PA),56 anos,105
1501725,Brasil Novo (PA),57 anos,81
1501725,Brasil Novo (PA),58 anos,93
1501725,Brasil Novo (PA),59 anos,105
1501725,Brasil Novo (PA),60 anos,96
1501725,Brasil Novo (PA),61 anos,79
1501725,Brasil Novo (PA),62 anos,97
1501725,Brasil Novo (PA),63 anos,78
1501725,Brasil Novo (PA),64 anos,72
1501725,Brasil Novo (PA),65 anos,65
1501725,Brasil Novo (PA),66 anos,68
1501725,Brasil Novo (PA),67 anos,62
1501725,Brasil Novo (PA),68 anos,73
1501725,Brasil Novo (PA),69 anos,48
1501725,Brasil Novo (PA),70 anos,73
1501725,Brasil Novo (PA),71 anos,48
1501725,Brasil Novo (PA),72 anos,54
1501725,Brasil Novo (PA),73 anos,46
1501725,Brasil Novo (PA),74 anos,40
1501725,Brasil Novo (PA),75 anos,32
1501725,Brasil Novo (PA),76 anos,21
1501725,Brasil Novo (PA),77 anos,26
1501725,Brasil Novo (PA),78 anos,31
1501725,Brasil Novo (PA),79 anos,21
1501725,Brasil Novo (PA),80 anos,36
1501725,Brasil Novo (PA),81 anos,16
1501725,Brasil Novo (PA),82 anos,13
1501725,Brasil Novo (PA),83 anos,21
1501725,Brasil Novo (PA),84 anos,11
1501725,Brasil Novo (PA),85 anos,12
1501725,Brasil Novo (PA),86 anos,9
1501725,Brasil Novo (PA),87 anos,8
1501725,Brasil Novo (PA),88 anos,6
1501725,Brasil Novo (PA),89 anos,4
1501725,Brasil Novo (PA),90 anos,5
1501725,Brasil Novo (PA),91 anos,4
1501725,Brasil Novo (PA),92 anos,-
1501725,Brasil Novo (PA),93 anos,1
1501725,Brasil Novo (PA),94 anos,1
1501725,Brasil Novo (PA),95 anos,2
1501725,Brasil Novo (PA),96 anos,1
1501725,Brasil Novo (PA),97 anos,-
1501725,Brasil Novo (PA),98 anos,-
1501725,Brasil Novo (PA),99 anos,-
1501725,Brasil Novo (PA),100 anos ou mais,-
1501758,Brejo Grande do Araguaia (PA),Total,7317
1501758,Brejo Grande do Araguaia (PA),Menos de 1 ano,147
1501758,Brejo Grande do Araguaia (PA),Menos de 1 mês,12
1501758,Brejo Grande do Araguaia (PA),1 mês,21
1501758,Brejo Grande do Araguaia (PA),2 meses,12
1501758,Brejo Grande do Araguaia (PA),3 meses,12
1501758,Brejo Grande do Araguaia (PA),4 meses,8
1501758,Brejo Grande do Araguaia (PA),5 meses,9
1501758,Brejo Grande do Araguaia (PA),6 meses,8
1501758,Brejo Grande do Araguaia (PA),7 meses,18
1501758,Brejo Grande do Araguaia (PA),8 meses,13
1501758,Brejo Grande do Araguaia (PA),9 meses,13
1501758,Brejo Grande do Araguaia (PA),10 meses,10
1501758,Brejo Grande do Araguaia (PA),11 meses,11
1501758,Brejo Grande do Araguaia (PA),1 ano,140
1501758,Brejo Grande do Araguaia (PA),2 anos,142
1501758,Brejo Grande do Araguaia (PA),3 anos,165
1501758,Brejo Grande do Araguaia (PA),4 anos,166
1501758,Brejo Grande do Araguaia (PA),5 anos,177
1501758,Brejo Grande do Araguaia (PA),6 anos,144
1501758,Brejo Grande do Araguaia (PA),7 anos,166
1501758,Brejo Grande do Araguaia (PA),8 anos,150
1501758,Brejo Grande do Araguaia (PA),9 anos,147
1501758,Brejo Grande do Araguaia (PA),10 anos,165
1501758,Brejo Grande do Araguaia (PA),11 anos,163
1501758,Brejo Grande do Araguaia (PA),12 anos,169
1501758,Brejo Grande do Araguaia (PA),13 anos,161
1501758,Brejo Grande do Araguaia (PA),14 anos,160
1501758,Brejo Grande do Araguaia (PA),15 anos,185
1501758,Brejo Grande do Araguaia (PA),16 anos,189
1501758,Brejo Grande do Araguaia (PA),17 anos,164
1501758,Brejo Grande do Araguaia (PA),18 anos,154
1501758,Brejo Grande do Araguaia (PA),19 anos,133
1501758,Brejo Grande do Araguaia (PA),20 anos,153
1501758,Brejo Grande do Araguaia (PA),21 anos,117
1501758,Brejo Grande do Araguaia (PA),22 anos,142
1501758,Brejo Grande do Araguaia (PA),23 anos,134
1501758,Brejo Grande do Araguaia (PA),24 anos,133
1501758,Brejo Grande do Araguaia (PA),25 anos,110
1501758,Brejo Grande do Araguaia (PA),26 anos,133
1501758,Brejo Grande do Araguaia (PA),27 anos,125
1501758,Brejo Grande do Araguaia (PA),28 anos,131
1501758,Brejo Grande do Araguaia (PA),29 anos,113
1501758,Brejo Grande do Araguaia (PA),30 anos,126
1501758,Brejo Grande do Araguaia (PA),31 anos,105
1501758,Brejo Grande do Araguaia (PA),32 anos,114
1501758,Brejo Grande do Araguaia (PA),33 anos,105
1501758,Brejo Grande do Araguaia (PA),34 anos,106
1501758,Brejo Grande do Araguaia (PA),35 anos,85
1501758,Brejo Grande do Araguaia (PA),36 anos,84
1501758,Brejo Grande do Araguaia (PA),37 anos,74
1501758,Brejo Grande do Araguaia (PA),38 anos,86
1501758,Brejo Grande do Araguaia (PA),39 anos,77
1501758,Brejo Grande do Araguaia (PA),40 anos,83
1501758,Brejo Grande do Araguaia (PA),41 anos,74
1501758,Brejo Grande do Araguaia (PA),42 anos,78
1501758,Brejo Grande do Araguaia (PA),43 anos,77
1501758,Brejo Grande do Araguaia (PA),44 anos,73
1501758,Brejo Grande do Araguaia (PA),45 anos,76
1501758,Brejo Grande do Araguaia (PA),46 anos,77
1501758,Brejo Grande do Araguaia (PA),47 anos,70
1501758,Brejo Grande do Araguaia (PA),48 anos,61
1501758,Brejo Grande do Araguaia (PA),49 anos,61
1501758,Brejo Grande do Araguaia (PA),50 anos,69
1501758,Brejo Grande do Araguaia (PA),51 anos,63
1501758,Brejo Grande do Araguaia (PA),52 anos,59
1501758,Brejo Grande do Araguaia (PA),53 anos,50
1501758,Brejo Grande do Araguaia (PA),54 anos,69
1501758,Brejo Grande do Araguaia (PA),55 anos,56
1501758,Brejo Grande do Araguaia (PA),56 anos,56
1501758,Brejo Grande do Araguaia (PA),57 anos,59
1501758,Brejo Grande do Araguaia (PA),58 anos,56
1501758,Brejo Grande do Araguaia (PA),59 anos,43
1501758,Brejo Grande do Araguaia (PA),60 anos,50
1501758,Brejo Grande do Araguaia (PA),61 anos,32
1501758,Brejo Grande do Araguaia (PA),62 anos,35
1501758,Brejo Grande do Araguaia (PA),63 anos,37
1501758,Brejo Grande do Araguaia (PA),64 anos,24
1501758,Brejo Grande do Araguaia (PA),65 anos,29
1501758,Brejo Grande do Araguaia (PA),66 anos,30
1501758,Brejo Grande do Araguaia (PA),67 anos,27
1501758,Brejo Grande do Araguaia (PA),68 anos,25
1501758,Brejo Grande do Araguaia (PA),69 anos,26
1501758,Brejo Grande do Araguaia (PA),70 anos,18
1501758,Brejo Grande do Araguaia (PA),71 anos,19
1501758,Brejo Grande do Araguaia (PA),72 anos,21
1501758,Brejo Grande do Araguaia (PA),73 anos,20
1501758,Brejo Grande do Araguaia (PA),74 anos,19
1501758,Brejo Grande do Araguaia (PA),75 anos,16
1501758,Brejo Grande do Araguaia (PA),76 anos,15
1501758,Brejo Grande do Araguaia (PA),77 anos,22
1501758,Brejo Grande do Araguaia (PA),78 anos,15
1501758,Brejo Grande do Araguaia (PA),79 anos,13
1501758,Brejo Grande do Araguaia (PA),80 anos,13
1501758,Brejo Grande do Araguaia (PA),81 anos,10
1501758,Brejo Grande do Araguaia (PA),82 anos,8
1501758,Brejo Grande do Araguaia (PA),83 anos,1
1501758,Brejo Grande do Araguaia (PA),84 anos,2
1501758,Brejo Grande do Araguaia (PA),85 anos,8
1501758,Brejo Grande do Araguaia (PA),86 anos,7
1501758,Brejo Grande do Araguaia (PA),87 anos,2
1501758,Brejo Grande do Araguaia (PA),88 anos,7
1501758,Brejo Grande do Araguaia (PA),89 anos,4
1501758,Brejo Grande do Araguaia (PA),90 anos,5
1501758,Brejo Grande do Araguaia (PA),91 anos,1
1501758,Brejo Grande do Araguaia (PA),92 anos,-
1501758,Brejo Grande do Araguaia (PA),93 anos,1
1501758,Brejo Grande do Araguaia (PA),94 anos,3
1501758,Brejo Grande do Araguaia (PA),95 anos,2
1501758,Brejo Grande do Araguaia (PA),96 anos,-
1501758,Brejo Grande do Araguaia (PA),97 anos,-
1501758,Brejo Grande do Araguaia (PA),98 anos,-
1501758,Brejo Grande do Araguaia (PA),99 anos,-
1501758,Brejo Grande do Araguaia (PA),100 anos ou mais,-
1501782,Breu Branco (PA),Total,52493
1501782,Breu Branco (PA),Menos de 1 ano,1121
1501782,Breu Branco (PA),Menos de 1 mês,111
1501782,Breu Branco (PA),1 mês,90
1501782,Breu Branco (PA),2 meses,85
1501782,Breu Branco (PA),3 meses,87
1501782,Breu Branco (PA),4 meses,86
1501782,Breu Branco (PA),5 meses,62
1501782,Breu Branco (PA),6 meses,90
1501782,Breu Branco (PA),7 meses,101
1501782,Breu Branco (PA),8 meses,101
1501782,Breu Branco (PA),9 meses,111
1501782,Breu Branco (PA),10 meses,86
1501782,Breu Branco (PA),11 meses,111
1501782,Breu Branco (PA),1 ano,1140
1501782,Breu Branco (PA),2 anos,1164
1501782,Breu Branco (PA),3 anos,1296
1501782,Breu Branco (PA),4 anos,1312
1501782,Breu Branco (PA),5 anos,1296
1501782,Breu Branco (PA),6 anos,1208
1501782,Breu Branco (PA),7 anos,1305
1501782,Breu Branco (PA),8 anos,1196
1501782,Breu Branco (PA),9 anos,1236
1501782,Breu Branco (PA),10 anos,1464
1501782,Breu Branco (PA),11 anos,1319
1501782,Breu Branco (PA),12 anos,1311
1501782,Breu Branco (PA),13 anos,1326
1501782,Breu Branco (PA),14 anos,1257
1501782,Breu Branco (PA),15 anos,1243
1501782,Breu Branco (PA),16 anos,1126
1501782,Breu Branco (PA),17 anos,1122
1501782,Breu Branco (PA),18 anos,1115
1501782,Breu Branco (PA),19 anos,1064
1501782,Breu Branco (PA),20 anos,1106
1501782,Breu Branco (PA),21 anos,987
1501782,Breu Branco (PA),22 anos,1082
1501782,Breu Branco (PA),23 anos,1053
1501782,Breu Branco (PA),24 anos,1036
1501782,Breu Branco (PA),25 anos,1061
1501782,Breu Branco (PA),26 anos,892
1501782,Breu Branco (PA),27 anos,953
1501782,Breu Branco (PA),28 anos,883
1501782,Breu Branco (PA),29 anos,913
1501782,Breu Branco (PA),30 anos,1004
1501782,Breu Branco (PA),31 anos,759
1501782,Breu Branco (PA),32 anos,762
1501782,Breu Branco (PA),33 anos,743
1501782,Breu Branco (PA),34 anos,695
1501782,Breu Branco (PA),35 anos,713
1501782,Breu Branco (PA),36 anos,595
1501782,Breu Branco (PA),37 anos,579
1501782,Breu Branco (PA),38 anos,593
1501782,Breu Branco (PA),39 anos,600
1501782,Breu Branco (PA),40 anos,659
1501782,Breu Branco (PA),41 anos,482
1501782,Breu Branco (PA),42 anos,505
1501782,Breu Branco (PA),43 anos,423
1501782,Breu Branco (PA),44 anos,448
1501782,Breu Branco (PA),45 anos,476
1501782,Breu Branco (PA),46 anos,449
1501782,Breu Branco (PA),47 anos,442
1501782,Breu Branco (PA),48 anos,352
1501782,Breu Branco (PA),49 anos,378
1501782,Breu Branco (PA),50 anos,450
1501782,Breu Branco (PA),51 anos,296
1501782,Breu Branco (PA),52 anos,374
1501782,Breu Branco (PA),53 anos,324
1501782,Breu Branco (PA),54 anos,332
1501782,Breu Branco (PA),55 anos,357
1501782,Breu Branco (PA),56 anos,274
1501782,Breu Branco (PA),57 anos,289
1501782,Breu Branco (PA),58 anos,276
1501782,Breu Branco (PA),59 anos,267
1501782,Breu Branco (PA),60 anos,271
1501782,Breu Branco (PA),61 anos,166
1501782,Breu Branco (PA),62 anos,215
1501782,Breu Branco (PA),63 anos,198
1501782,Breu Branco (PA),64 anos,198
1501782,Breu Branco (PA),65 anos,195
1501782,Breu Branco (PA),66 anos,160
1501782,Breu Branco (PA),67 anos,148
1501782,Breu Branco (PA),68 anos,152
1501782,Breu Branco (PA),69 anos,136
1501782,Breu Branco (PA),70 anos,156
1501782,Breu Branco (PA),71 anos,101
1501782,Breu Branco (PA),72 anos,100
1501782,Breu Branco (PA),73 anos,104
1501782,Breu Branco (PA),74 anos,91
1501782,Breu Branco (PA),75 anos,86
1501782,Breu Branco (PA),76 anos,63
1501782,Breu Branco (PA),77 anos,59
1501782,Breu Branco (PA),78 anos,57
1501782,Breu Branco (PA),79 anos,58
1501782,Breu Branco (PA),80 anos,63
1501782,Breu Branco (PA),81 anos,30
1501782,Breu Branco (PA),82 anos,33
1501782,Breu Branco (PA),83 anos,24
1501782,Breu Branco (PA),84 anos,19
1501782,Breu Branco (PA),85 anos,14
1501782,Breu Branco (PA),86 anos,22
1501782,Breu Branco (PA),87 anos,13
1501782,Breu Branco (PA),88 anos,11
1501782,Breu Branco (PA),89 anos,8
1501782,Breu Branco (PA),90 anos,15
1501782,Breu Branco (PA),91 anos,8
1501782,Breu Branco (PA),92 anos,12
1501782,Breu Branco (PA),93 anos,7
1501782,Breu Branco (PA),94 anos,8
1501782,Breu Branco (PA),95 anos,3
1501782,Breu Branco (PA),96 anos,2
1501782,Breu Branco (PA),97 anos,-
1501782,Breu Branco (PA),98 anos,1
1501782,Breu Branco (PA),99 anos,-
1501782,Breu Branco (PA),100 anos ou mais,3
1501808,Breves (PA),Total,92860
1501808,Breves (PA),Menos de 1 ano,2350
1501808,Breves (PA),Menos de 1 mês,178
1501808,Breves (PA),1 mês,146
1501808,Breves (PA),2 meses,185
1501808,Breves (PA),3 meses,194
1501808,Breves (PA),4 meses,169
1501808,Breves (PA),5 meses,164
1501808,Breves (PA),6 meses,174
1501808,Breves (PA),7 meses,236
1501808,Breves (PA),8 meses,228
1501808,Breves (PA),9 meses,246
1501808,Breves (PA),10 meses,210
1501808,Breves (PA),11 meses,220
1501808,Breves (PA),1 ano,2330
1501808,Breves (PA),2 anos,2421
1501808,Breves (PA),3 anos,2503
1501808,Breves (PA),4 anos,2471
1501808,Breves (PA),5 anos,2478
1501808,Breves (PA),6 anos,2460
1501808,Breves (PA),7 anos,2570
1501808,Breves (PA),8 anos,2641
1501808,Breves (PA),9 anos,2566
1501808,Breves (PA),10 anos,2802
1501808,Breves (PA),11 anos,2565
1501808,Breves (PA),12 anos,2606
1501808,Breves (PA),13 anos,2586
1501808,Breves (PA),14 anos,2513
1501808,Breves (PA),15 anos,2355
1501808,Breves (PA),16 anos,2330
1501808,Breves (PA),17 anos,2126
1501808,Breves (PA),18 anos,2049
1501808,Breves (PA),19 anos,1766
1501808,Breves (PA),20 anos,1877
1501808,Breves (PA),21 anos,1678
1501808,Breves (PA),22 anos,1771
1501808,Breves (PA),23 anos,1673
1501808,Breves (PA),24 anos,1555
1501808,Breves (PA),25 anos,1653
1501808,Breves (PA),26 anos,1459
1501808,Breves (PA),27 anos,1320
1501808,Breves (PA),28 anos,1482
1501808,Breves (PA),29 anos,1324
1501808,Breves (PA),30 anos,1457
1501808,Breves (PA),31 anos,1173
1501808,Breves (PA),32 anos,1235
1501808,Breves (PA),33 anos,1168
1501808,Breves (PA),34 anos,1097
1501808,Breves (PA),35 anos,1187
1501808,Breves (PA),36 anos,1011
1501808,Breves (PA),37 anos,965
1501808,Breves (PA),38 anos,943
1501808,Breves (PA),39 anos,932
1501808,Breves (PA),40 anos,967
1501808,Breves (PA),41 anos,719
1501808,Breves (PA),42 anos,820
1501808,Breves (PA),43 anos,632
1501808,Breves (PA),44 anos,717
1501808,Breves (PA),45 anos,701
1501808,Breves (PA),46 anos,656
1501808,Breves (PA),47 anos,612
1501808,Breves (PA),48 anos,563
1501808,Breves (PA),49 anos,572
1501808,Breves (PA),50 anos,578
1501808,Breves (PA),51 anos,498
1501808,Breves (PA),52 anos,538
1501808,Breves (PA),53 anos,513
1501808,Breves (PA),54 anos,524
1501808,Breves (PA),55 anos,558
1501808,Breves (PA),56 anos,477
1501808,Breves (PA),57 anos,410
1501808,Breves (PA),58 anos,409
1501808,Breves (PA),59 anos,417
1501808,Breves (PA),60 anos,412
1501808,Breves (PA),61 anos,265
1501808,Breves (PA),62 anos,345
1501808,Breves (PA),63 anos,309
1501808,Breves (PA),64 anos,295
1501808,Breves (PA),65 anos,357
1501808,Breves (PA),66 anos,302
1501808,Breves (PA),67 anos,279
1501808,Breves (PA),68 anos,262
1501808,Breves (PA),69 anos,201
1501808,Breves (PA),70 anos,252
1501808,Breves (PA),71 anos,154
1501808,Breves (PA),72 anos,168
1501808,Breves (PA),73 anos,155
1501808,Breves (PA),74 anos,174
1501808,Breves (PA),75 anos,166
1501808,Breves (PA),76 anos,106
1501808,Breves (PA),77 anos,142
1501808,Breves (PA),78 anos,128
1501808,Breves (PA),79 anos,98
1501808,Breves (PA),80 anos,123
1501808,Breves (PA),81 anos,56
1501808,Breves (PA),82 anos,64
1501808,Breves (PA),83 anos,71
1501808,Breves (PA),84 anos,71
1501808,Breves (PA),85 anos,59
1501808,Breves (PA),86 anos,51
1501808,Breves (PA),87 anos,46
1501808,Breves (PA),88 anos,42
1501808,Breves (PA),89 anos,33
1501808,Breves (PA),90 anos,38
1501808,Breves (PA),91 anos,21
1501808,Breves (PA),92 anos,49
1501808,Breves (PA),93 anos,63
1501808,Breves (PA),94 anos,54
1501808,Breves (PA),95 anos,50
1501808,Breves (PA),96 anos,25
1501808,Breves (PA),97 anos,9
1501808,Breves (PA),98 anos,7
1501808,Breves (PA),99 anos,11
1501808,Breves (PA),100 anos ou mais,18
1501907,Bujaru (PA),Total,25695
1501907,Bujaru (PA),Menos de 1 ano,462
1501907,Bujaru (PA),Menos de 1 mês,44
1501907,Bujaru (PA),1 mês,43
1501907,Bujaru (PA),2 meses,36
1501907,Bujaru (PA),3 meses,38
1501907,Bujaru (PA),4 meses,34
1501907,Bujaru (PA),5 meses,26
1501907,Bujaru (PA),6 meses,34
1501907,Bujaru (PA),7 meses,35
1501907,Bujaru (PA),8 meses,44
1501907,Bujaru (PA),9 meses,49
1501907,Bujaru (PA),10 meses,40
1501907,Bujaru (PA),11 meses,39
1501907,Bujaru (PA),1 ano,572
1501907,Bujaru (PA),2 anos,612
1501907,Bujaru (PA),3 anos,605
1501907,Bujaru (PA),4 anos,644
1501907,Bujaru (PA),5 anos,669
1501907,Bujaru (PA),6 anos,631
1501907,Bujaru (PA),7 anos,687
1501907,Bujaru (PA),8 anos,635
1501907,Bujaru (PA),9 anos,646
1501907,Bujaru (PA),10 anos,694
1501907,Bujaru (PA),11 anos,570
1501907,Bujaru (PA),12 anos,679
1501907,Bujaru (PA),13 anos,626
1501907,Bujaru (PA),14 anos,677
1501907,Bujaru (PA),15 anos,629
1501907,Bujaru (PA),16 anos,572
1501907,Bujaru (PA),17 anos,635
1501907,Bujaru (PA),18 anos,569
1501907,Bujaru (PA),19 anos,505
1501907,Bujaru (PA),20 anos,471
1501907,Bujaru (PA),21 anos,453
1501907,Bujaru (PA),22 anos,467
1501907,Bujaru (PA),23 anos,416
1501907,Bujaru (PA),24 anos,470
1501907,Bujaru (PA),25 anos,435
1501907,Bujaru (PA),26 anos,419
1501907,Bujaru (PA),27 anos,405
1501907,Bujaru (PA),28 anos,417
1501907,Bujaru (PA),29 anos,407
1501907,Bujaru (PA),30 anos,407
1501907,Bujaru (PA),31 anos,349
1501907,Bujaru (PA),32 anos,358
1501907,Bujaru (PA),33 anos,336
1501907,Bujaru (PA),34 anos,344
1501907,Bujaru (PA),35 anos,338
1501907,Bujaru (PA),36 anos,301
1501907,Bujaru (PA),37 anos,338
1501907,Bujaru (PA),38 anos,324
1501907,Bujaru (PA),39 anos,292
1501907,Bujaru (PA),40 anos,336
1501907,Bujaru (PA),41 anos,261
1501907,Bujaru (PA),42 anos,228
1501907,Bujaru (PA),43 anos,233
1501907,Bujaru (PA),44 anos,288
1501907,Bujaru (PA),45 anos,226
1501907,Bujaru (PA),46 anos,200
1501907,Bujaru (PA),47 anos,189
1501907,Bujaru (PA),48 anos,191
1501907,Bujaru (PA),49 anos,166
1501907,Bujaru (PA),50 anos,191
1501907,Bujaru (PA),51 anos,128
1501907,Bujaru (PA),52 anos,168
1501907,Bujaru (PA),53 anos,147
1501907,Bujaru (PA),54 anos,154
1501907,Bujaru (PA),55 anos,168
1501907,Bujaru (PA),56 anos,138
1501907,Bujaru (PA),57 anos,121
1501907,Bujaru (PA),58 anos,129
1501907,Bujaru (PA),59 anos,126
1501907,Bujaru (PA),60 anos,135
1501907,Bujaru (PA),61 anos,93
1501907,Bujaru (PA),62 anos,112
1501907,Bujaru (PA),63 anos,95
1501907,Bujaru (PA),64 anos,100
1501907,Bujaru (PA),65 anos,118
1501907,Bujaru (PA),66 anos,109
1501907,Bujaru (PA),67 anos,100
1501907,Bujaru (PA),68 anos,107
1501907,Bujaru (PA),69 anos,79
1501907,Bujaru (PA),70 anos,112
1501907,Bujaru (PA),71 anos,58
1501907,Bujaru (PA),72 anos,60
1501907,Bujaru (PA),73 anos,47
1501907,Bujaru (PA),74 anos,68
1501907,Bujaru (PA),75 anos,52
1501907,Bujaru (PA),76 anos,47
1501907,Bujaru (PA),77 anos,48
1501907,Bujaru (PA),78 anos,37
1501907,Bujaru (PA),79 anos,34
1501907,Bujaru (PA),80 anos,35
1501907,Bujaru (PA),81 anos,17
1501907,Bujaru (PA),82 anos,27
1501907,Bujaru (PA),83 anos,19
1501907,Bujaru (PA),84 anos,18
1501907,Bujaru (PA),85 anos,19
1501907,Bujaru (PA),86 anos,15
1501907,Bujaru (PA),87 anos,9
1501907,Bujaru (PA),88 anos,12
1501907,Bujaru (PA),89 anos,15
1501907,Bujaru (PA),90 anos,13
1501907,Bujaru (PA),91 anos,7
1501907,Bujaru (PA),92 anos,2
1501907,Bujaru (PA),93 anos,2
1501907,Bujaru (PA),94 anos,2
1501907,Bujaru (PA),95 anos,3
1501907,Bujaru (PA),96 anos,-
1501907,Bujaru (PA),97 anos,2
1501907,Bujaru (PA),98 anos,6
1501907,Bujaru (PA),99 anos,3
1501907,Bujaru (PA),100 anos ou mais,4
1501956,Cachoeira do Piriá (PA),Total,26484
1501956,Cachoeira do Piriá (PA),Menos de 1 ano,573
1501956,Cachoeira do Piriá (PA),Menos de 1 mês,28
1501956,Cachoeira do Piriá (PA),1 mês,32
1501956,Cachoeira do Piriá (PA),2 meses,43
1501956,Cachoeira do Piriá (PA),3 meses,42
1501956,Cachoeira do Piriá (PA),4 meses,45
1501956,Cachoeira do Piriá (PA),5 meses,36
1501956,Cachoeira do Piriá (PA),6 meses,49
1501956,Cachoeira do Piriá (PA),7 meses,68
1501956,Cachoeira do Piriá (PA),8 meses,48
1501956,Cachoeira do Piriá (PA),9 meses,63
1501956,Cachoeira do Piriá (PA),10 meses,70
1501956,Cachoeira do Piriá (PA),11 meses,49
1501956,Cachoeira do Piriá (PA),1 ano,632
1501956,Cachoeira do Piriá (PA),2 anos,749
1501956,Cachoeira do Piriá (PA),3 anos,750
1501956,Cachoeira do Piriá (PA),4 anos,708
1501956,Cachoeira do Piriá (PA),5 anos,790
1501956,Cachoeira do Piriá (PA),6 anos,755
1501956,Cachoeira do Piriá (PA),7 anos,826
1501956,Cachoeira do Piriá (PA),8 anos,733
1501956,Cachoeira do Piriá (PA),9 anos,741
1501956,Cachoeira do Piriá (PA),10 anos,781
1501956,Cachoeira do Piriá (PA),11 anos,721
1501956,Cachoeira do Piriá (PA),12 anos,636
1501956,Cachoeira do Piriá (PA),13 anos,589
1501956,Cachoeira do Piriá (PA),14 anos,640
1501956,Cachoeira do Piriá (PA),15 anos,542
1501956,Cachoeira do Piriá (PA),16 anos,511
1501956,Cachoeira do Piriá (PA),17 anos,532
1501956,Cachoeira do Piriá (PA),18 anos,517
1501956,Cachoeira do Piriá (PA),19 anos,502
1501956,Cachoeira do Piriá (PA),20 anos,548
1501956,Cachoeira do Piriá (PA),21 anos,557
1501956,Cachoeira do Piriá (PA),22 anos,529
1501956,Cachoeira do Piriá (PA),23 anos,495
1501956,Cachoeira do Piriá (PA),24 anos,524
1501956,Cachoeira do Piriá (PA),25 anos,472
1501956,Cachoeira do Piriá (PA),26 anos,451
1501956,Cachoeira do Piriá (PA),27 anos,445
1501956,Cachoeira do Piriá (PA),28 anos,435
1501956,Cachoeira do Piriá (PA),29 anos,506
1501956,Cachoeira do Piriá (PA),30 anos,510
1501956,Cachoeira do Piriá (PA),31 anos,436
1501956,Cachoeira do Piriá (PA),32 anos,373
1501956,Cachoeira do Piriá (PA),33 anos,296
1501956,Cachoeira do Piriá (PA),34 anos,318
1501956,Cachoeira do Piriá (PA),35 anos,340
1501956,Cachoeira do Piriá (PA),36 anos,305
1501956,Cachoeira do Piriá (PA),37 anos,308
1501956,Cachoeira do Piriá (PA),38 anos,296
1501956,Cachoeira do Piriá (PA),39 anos,310
1501956,Cachoeira do Piriá (PA),40 anos,357
1501956,Cachoeira do Piriá (PA),41 anos,308
1501956,Cachoeira do Piriá (PA),42 anos,264
1501956,Cachoeira do Piriá (PA),43 anos,228
1501956,Cachoeira do Piriá (PA),44 anos,233
1501956,Cachoeira do Piriá (PA),45 anos,216
1501956,Cachoeira do Piriá (PA),46 anos,214
1501956,Cachoeira do Piriá (PA),47 anos,191
1501956,Cachoeira do Piriá (PA),48 anos,162
1501956,Cachoeira do Piriá (PA),49 anos,178
1501956,Cachoeira do Piriá (PA),50 anos,190
1501956,Cachoeira do Piriá (PA),51 anos,158
1501956,Cachoeira do Piriá (PA),52 anos,144
1501956,Cachoeira do Piriá (PA),53 anos,122
1501956,Cachoeira do Piriá (PA),54 anos,156
1501956,Cachoeira do Piriá (PA),55 anos,143
1501956,Cachoeira do Piriá (PA),56 anos,114
1501956,Cachoeira do Piriá (PA),57 anos,108
1501956,Cachoeira do Piriá (PA),58 anos,103
1501956,Cachoeira do Piriá (PA),59 anos,108
1501956,Cachoeira do Piriá (PA),60 anos,109
1501956,Cachoeira do Piriá (PA),61 anos,101
1501956,Cachoeira do Piriá (PA),62 anos,62
1501956,Cachoeira do Piriá (PA),63 anos,74
1501956,Cachoeira do Piriá (PA),64 anos,68
1501956,Cachoeira do Piriá (PA),65 anos,76
1501956,Cachoeira do Piriá (PA),66 anos,80
1501956,Cachoeira do Piriá (PA),67 anos,50
1501956,Cachoeira do Piriá (PA),68 anos,51
1501956,Cachoeira do Piriá (PA),69 anos,47
1501956,Cachoeira do Piriá (PA),70 anos,61
1501956,Cachoeira do Piriá (PA),71 anos,48
1501956,Cachoeira do Piriá (PA),72 anos,28
1501956,Cachoeira do Piriá (PA),73 anos,33
1501956,Cachoeira do Piriá (PA),74 anos,23
1501956,Cachoeira do Piriá (PA),75 anos,22
1501956,Cachoeira do Piriá (PA),76 anos,17
1501956,Cachoeira do Piriá (PA),77 anos,19
1501956,Cachoeira do Piriá (PA),78 anos,23
1501956,Cachoeira do Piriá (PA),79 anos,23
1501956,Cachoeira do Piriá (PA),80 anos,15
1501956,Cachoeira do Piriá (PA),81 anos,11
1501956,Cachoeira do Piriá (PA),82 anos,8
1501956,Cachoeira do Piriá (PA),83 anos,6
1501956,Cachoeira do Piriá (PA),84 anos,6
1501956,Cachoeira do Piriá (PA),85 anos,6
1501956,Cachoeira do Piriá (PA),86 anos,7
1501956,Cachoeira do Piriá (PA),87 anos,8
1501956,Cachoeira do Piriá (PA),88 anos,5
1501956,Cachoeira do Piriá (PA),89 anos,3
1501956,Cachoeira do Piriá (PA),90 anos,4
1501956,Cachoeira do Piriá (PA),91 anos,1
1501956,Cachoeira do Piriá (PA),92 anos,4
1501956,Cachoeira do Piriá (PA),93 anos,-
1501956,Cachoeira do Piriá (PA),94 anos,2
1501956,Cachoeira do Piriá (PA),95 anos,-
1501956,Cachoeira do Piriá (PA),96 anos,2
1501956,Cachoeira do Piriá (PA),97 anos,1
1501956,Cachoeira do Piriá (PA),98 anos,1
1501956,Cachoeira do Piriá (PA),99 anos,-
1501956,Cachoeira do Piriá (PA),100 anos ou mais,-
1502004,Cachoeira do Arari (PA),Total,20443
1502004,Cachoeira do Arari (PA),Menos de 1 ano,414
1502004,Cachoeira do Arari (PA),Menos de 1 mês,45
1502004,Cachoeira do Arari (PA),1 mês,23
1502004,Cachoeira do Arari (PA),2 meses,31
1502004,Cachoeira do Arari (PA),3 meses,35
1502004,Cachoeira do Arari (PA),4 meses,32
1502004,Cachoeira do Arari (PA),5 meses,30
1502004,Cachoeira do Arari (PA),6 meses,24
1502004,Cachoeira do Arari (PA),7 meses,44
1502004,Cachoeira do Arari (PA),8 meses,42
1502004,Cachoeira do Arari (PA),9 meses,34
1502004,Cachoeira do Arari (PA),10 meses,34
1502004,Cachoeira do Arari (PA),11 meses,40
1502004,Cachoeira do Arari (PA),1 ano,411
1502004,Cachoeira do Arari (PA),2 anos,460
1502004,Cachoeira do Arari (PA),3 anos,432
1502004,Cachoeira do Arari (PA),4 anos,431
1502004,Cachoeira do Arari (PA),5 anos,417
1502004,Cachoeira do Arari (PA),6 anos,443
1502004,Cachoeira do Arari (PA),7 anos,424
1502004,Cachoeira do Arari (PA),8 anos,462
1502004,Cachoeira do Arari (PA),9 anos,458
1502004,Cachoeira do Arari (PA),10 anos,467
1502004,Cachoeira do Arari (PA),11 anos,460
1502004,Cachoeira do Arari (PA),12 anos,515
1502004,Cachoeira do Arari (PA),13 anos,449
1502004,Cachoeira do Arari (PA),14 anos,473
1502004,Cachoeira do Arari (PA),15 anos,479
1502004,Cachoeira do Arari (PA),16 anos,453
1502004,Cachoeira do Arari (PA),17 anos,441
1502004,Cachoeira do Arari (PA),18 anos,436
1502004,Cachoeira do Arari (PA),19 anos,403
1502004,Cachoeira do Arari (PA),20 anos,414
1502004,Cachoeira do Arari (PA),21 anos,366
1502004,Cachoeira do Arari (PA),22 anos,446
1502004,Cachoeira do Arari (PA),23 anos,349
1502004,Cachoeira do Arari (PA),24 anos,391
1502004,Cachoeira do Arari (PA),25 anos,416
1502004,Cachoeira do Arari (PA),26 anos,374
1502004,Cachoeira do Arari (PA),27 anos,376
1502004,Cachoeira do Arari (PA),28 anos,329
1502004,Cachoeira do Arari (PA),29 anos,347
1502004,Cachoeira do Arari (PA),30 anos,346
1502004,Cachoeira do Arari (PA),31 anos,291
1502004,Cachoeira do Arari (PA),32 anos,277
1502004,Cachoeira do Arari (PA),33 anos,275
1502004,Cachoeira do Arari (PA),34 anos,273
1502004,Cachoeira do Arari (PA),35 anos,273
1502004,Cachoeira do Arari (PA),36 anos,216
1502004,Cachoeira do Arari (PA),37 anos,249
1502004,Cachoeira do Arari (PA),38 anos,221
1502004,Cachoeira do Arari (PA),39 anos,239
1502004,Cachoeira do Arari (PA),40 anos,263
1502004,Cachoeira do Arari (PA),41 anos,197
1502004,Cachoeira do Arari (PA),42 anos,215
1502004,Cachoeira do Arari (PA),43 anos,205
1502004,Cachoeira do Arari (PA),44 anos,260
1502004,Cachoeira do Arari (PA),45 anos,248
1502004,Cachoeira do Arari (PA),46 anos,200
1502004,Cachoeira do Arari (PA),47 anos,166
1502004,Cachoeira do Arari (PA),48 anos,168
1502004,Cachoeira do Arari (PA),49 anos,166
1502004,Cachoeira do Arari (PA),50 anos,167
1502004,Cachoeira do Arari (PA),51 anos,149
1502004,Cachoeira do Arari (PA),52 anos,136
1502004,Cachoeira do Arari (PA),53 anos,117
1502004,Cachoeira do Arari (PA),54 anos,143
1502004,Cachoeira do Arari (PA),55 anos,137
1502004,Cachoeira do Arari (PA),56 anos,123
1502004,Cachoeira do Arari (PA),57 anos,104
1502004,Cachoeira do Arari (PA),58 anos,115
1502004,Cachoeira do Arari (PA),59 anos,105
1502004,Cachoeira do Arari (PA),60 anos,116
1502004,Cachoeira do Arari (PA),61 anos,88
1502004,Cachoeira do Arari (PA),62 anos,86
1502004,Cachoeira do Arari (PA),63 anos,68
1502004,Cachoeira do Arari (PA),64 anos,86
1502004,Cachoeira do Arari (PA),65 anos,98
1502004,Cachoeira do Arari (PA),66 anos,81
1502004,Cachoeira do Arari (PA),67 anos,76
1502004,Cachoeira do Arari (PA),68 anos,67
1502004,Cachoeira do Arari (PA),69 anos,76
1502004,Cachoeira do Arari (PA),70 anos,83
1502004,Cachoeira do Arari (PA),71 anos,62
1502004,Cachoeira do Arari (PA),72 anos,54
1502004,Cachoeira do Arari (PA),73 anos,47
1502004,Cachoeira do Arari (PA),74 anos,65
1502004,Cachoeira do Arari (PA),75 anos,50
1502004,Cachoeira do Arari (PA),76 anos,49
1502004,Cachoeira do Arari (PA),77 anos,51
1502004,Cachoeira do Arari (PA),78 anos,39
1502004,Cachoeira do Arari (PA),79 anos,44
1502004,Cachoeira do Arari (PA),80 anos,43
1502004,Cachoeira do Arari (PA),81 anos,25
1502004,Cachoeira do Arari (PA),82 anos,18
1502004,Cachoeira do Arari (PA),83 anos,15
1502004,Cachoeira do Arari (PA),84 anos,26
1502004,Cachoeira do Arari (PA),85 anos,17
1502004,Cachoeira do Arari (PA),86 anos,15
1502004,Cachoeira do Arari (PA),87 anos,21
1502004,Cachoeira do Arari (PA),88 anos,17
1502004,Cachoeira do Arari (PA),89 anos,17
1502004,Cachoeira do Arari (PA),90 anos,14
1502004,Cachoeira do Arari (PA),91 anos,11
1502004,Cachoeira do Arari (PA),92 anos,7
1502004,Cachoeira do Arari (PA),93 anos,4
1502004,Cachoeira do Arari (PA),94 anos,8
1502004,Cachoeira do Arari (PA),95 anos,5
1502004,Cachoeira do Arari (PA),96 anos,1
1502004,Cachoeira do Arari (PA),97 anos,4
1502004,Cachoeira do Arari (PA),98 anos,6
1502004,Cachoeira do Arari (PA),99 anos,-
1502004,Cachoeira do Arari (PA),100 anos ou mais,3
1502103,Cametá (PA),Total,120896
1502103,Cametá (PA),Menos de 1 ano,2540
1502103,Cametá (PA),Menos de 1 mês,203
1502103,Cametá (PA),1 mês,208
1502103,Cametá (PA),2 meses,245
1502103,Cametá (PA),3 meses,169
1502103,Cametá (PA),4 meses,198
1502103,Cametá (PA),5 meses,180
1502103,Cametá (PA),6 meses,187
1502103,Cametá (PA),7 meses,238
1502103,Cametá (PA),8 meses,212
1502103,Cametá (PA),9 meses,233
1502103,Cametá (PA),10 meses,239
1502103,Cametá (PA),11 meses,228
1502103,Cametá (PA),1 ano,2585
1502103,Cametá (PA),2 anos,2803
1502103,Cametá (PA),3 anos,2893
1502103,Cametá (PA),4 anos,2757
1502103,Cametá (PA),5 anos,2800
1502103,Cametá (PA),6 anos,2683
1502103,Cametá (PA),7 anos,2821
1502103,Cametá (PA),8 anos,2783
1502103,Cametá (PA),9 anos,3028
1502103,Cametá (PA),10 anos,3234
1502103,Cametá (PA),11 anos,2991
1502103,Cametá (PA),12 anos,3079
1502103,Cametá (PA),13 anos,2995
1502103,Cametá (PA),14 anos,3035
1502103,Cametá (PA),15 anos,2853
1502103,Cametá (PA),16 anos,2859
1502103,Cametá (PA),17 anos,2777
1502103,Cametá (PA),18 anos,2819
1502103,Cametá (PA),19 anos,2567
1502103,Cametá (PA),20 anos,2631
1502103,Cametá (PA),21 anos,2446
1502103,Cametá (PA),22 anos,2480
1502103,Cametá (PA),23 anos,2375
1502103,Cametá (PA),24 anos,2365
1502103,Cametá (PA),25 anos,2327
1502103,Cametá (PA),26 anos,2135
1502103,Cametá (PA),27 anos,2045
1502103,Cametá (PA),28 anos,2066
1502103,Cametá (PA),29 anos,1827
1502103,Cametá (PA),30 anos,1998
1502103,Cametá (PA),31 anos,1701
1502103,Cametá (PA),32 anos,1674
1502103,Cametá (PA),33 anos,1599
1502103,Cametá (PA),34 anos,1583
1502103,Cametá (PA),35 anos,1550
1502103,Cametá (PA),36 anos,1350
1502103,Cametá (PA),37 anos,1364
1502103,Cametá (PA),38 anos,1223
1502103,Cametá (PA),39 anos,1309
1502103,Cametá (PA),40 anos,1266
1502103,Cametá (PA),41 anos,1112
1502103,Cametá (PA),42 anos,1114
1502103,Cametá (PA),43 anos,961
1502103,Cametá (PA),44 anos,1028
1502103,Cametá (PA),45 anos,909
1502103,Cametá (PA),46 anos,793
1502103,Cametá (PA),47 anos,867
1502103,Cametá (PA),48 anos,814
1502103,Cametá (PA),49 anos,862
1502103,Cametá (PA),50 anos,774
1502103,Cametá (PA),51 anos,746
1502103,Cametá (PA),52 anos,741
1502103,Cametá (PA),53 anos,746
1502103,Cametá (PA),54 anos,771
1502103,Cametá (PA),55 anos,787
1502103,Cametá (PA),56 anos,729
1502103,Cametá (PA),57 anos,643
1502103,Cametá (PA),58 anos,627
1502103,Cametá (PA),59 anos,642
1502103,Cametá (PA),60 anos,621
1502103,Cametá (PA),61 anos,537
1502103,Cametá (PA),62 anos,456
1502103,Cametá (PA),63 anos,529
1502103,Cametá (PA),64 anos,473
1502103,Cametá (PA),65 anos,551
1502103,Cametá (PA),66 anos,496
1502103,Cametá (PA),67 anos,402
1502103,Cametá (PA),68 anos,442
1502103,Cametá (PA),69 anos,395
1502103,Cametá (PA),70 anos,425
1502103,Cametá (PA),71 anos,294
1502103,Cametá (PA),72 anos,322
1502103,Cametá (PA),73 anos,291
1502103,Cametá (PA),74 anos,300
1502103,Cametá (PA),75 anos,268
1502103,Cametá (PA),76 anos,218
1502103,Cametá (PA),77 anos,201
1502103,Cametá (PA),78 anos,210
1502103,Cametá (PA),79 anos,179
1502103,Cametá (PA),80 anos,201
1502103,Cametá (PA),81 anos,107
1502103,Cametá (PA),82 anos,136
1502103,Cametá (PA),83 anos,128
1502103,Cametá (PA),84 anos,133
1502103,Cametá (PA),85 anos,91
1502103,Cametá (PA),86 anos,79
1502103,Cametá (PA),87 anos,59
1502103,Cametá (PA),88 anos,54
1502103,Cametá (PA),89 anos,56
1502103,Cametá (PA),90 anos,66
1502103,Cametá (PA),91 anos,38
1502103,Cametá (PA),92 anos,50
1502103,Cametá (PA),93 anos,57
1502103,Cametá (PA),94 anos,49
1502103,Cametá (PA),95 anos,27
1502103,Cametá (PA),96 anos,19
1502103,Cametá (PA),97 anos,4
1502103,Cametá (PA),98 anos,16
1502103,Cametá (PA),99 anos,14
1502103,Cametá (PA),100 anos ou mais,20
1502152,Canaã dos Carajás (PA),Total,26716
1502152,Canaã dos Carajás (PA),Menos de 1 ano,557
1502152,Canaã dos Carajás (PA),Menos de 1 mês,42
1502152,Canaã dos Carajás (PA),1 mês,60
1502152,Canaã dos Carajás (PA),2 meses,40
1502152,Canaã dos Carajás (PA),3 meses,33
1502152,Canaã dos Carajás (PA),4 meses,52
1502152,Canaã dos Carajás (PA),5 meses,37
1502152,Canaã dos Carajás (PA),6 meses,40
1502152,Canaã dos Carajás (PA),7 meses,48
1502152,Canaã dos Carajás (PA),8 meses,50
1502152,Canaã dos Carajás (PA),9 meses,46
1502152,Canaã dos Carajás (PA),10 meses,58
1502152,Canaã dos Carajás (PA),11 meses,51
1502152,Canaã dos Carajás (PA),1 ano,580
1502152,Canaã dos Carajás (PA),2 anos,566
1502152,Canaã dos Carajás (PA),3 anos,574
1502152,Canaã dos Carajás (PA),4 anos,585
1502152,Canaã dos Carajás (PA),5 anos,586
1502152,Canaã dos Carajás (PA),6 anos,536
1502152,Canaã dos Carajás (PA),7 anos,557
1502152,Canaã dos Carajás (PA),8 anos,544
1502152,Canaã dos Carajás (PA),9 anos,591
1502152,Canaã dos Carajás (PA),10 anos,658
1502152,Canaã dos Carajás (PA),11 anos,542
1502152,Canaã dos Carajás (PA),12 anos,589
1502152,Canaã dos Carajás (PA),13 anos,542
1502152,Canaã dos Carajás (PA),14 anos,575
1502152,Canaã dos Carajás (PA),15 anos,530
1502152,Canaã dos Carajás (PA),16 anos,580
1502152,Canaã dos Carajás (PA),17 anos,512
1502152,Canaã dos Carajás (PA),18 anos,534
1502152,Canaã dos Carajás (PA),19 anos,501
1502152,Canaã dos Carajás (PA),20 anos,512
1502152,Canaã dos Carajás (PA),21 anos,566
1502152,Canaã dos Carajás (PA),22 anos,564
1502152,Canaã dos Carajás (PA),23 anos,544
1502152,Canaã dos Carajás (PA),24 anos,595
1502152,Canaã dos Carajás (PA),25 anos,579
1502152,Canaã dos Carajás (PA),26 anos,561
1502152,Canaã dos Carajás (PA),27 anos,605
1502152,Canaã dos Carajás (PA),28 anos,608
1502152,Canaã dos Carajás (PA),29 anos,506
1502152,Canaã dos Carajás (PA),30 anos,575
1502152,Canaã dos Carajás (PA),31 anos,480
1502152,Canaã dos Carajás (PA),32 anos,493
1502152,Canaã dos Carajás (PA),33 anos,447
1502152,Canaã dos Carajás (PA),34 anos,423
1502152,Canaã dos Carajás (PA),35 anos,450
1502152,Canaã dos Carajás (PA),36 anos,396
1502152,Canaã dos Carajás (PA),37 anos,380
1502152,Canaã dos Carajás (PA),38 anos,360
1502152,Canaã dos Carajás (PA),39 anos,362
1502152,Canaã dos Carajás (PA),40 anos,345
1502152,Canaã dos Carajás (PA),41 anos,303
1502152,Canaã dos Carajás (PA),42 anos,314
1502152,Canaã dos Carajás (PA),43 anos,279
1502152,Canaã dos Carajás (PA),44 anos,283
1502152,Canaã dos Carajás (PA),45 anos,273
1502152,Canaã dos Carajás (PA),46 anos,286
1502152,Canaã dos Carajás (PA),47 anos,219
1502152,Canaã dos Carajás (PA),48 anos,227
1502152,Canaã dos Carajás (PA),49 anos,213
1502152,Canaã dos Carajás (PA),50 anos,196
1502152,Canaã dos Carajás (PA),51 anos,170
1502152,Canaã dos Carajás (PA),52 anos,199
1502152,Canaã dos Carajás (PA),53 anos,161
1502152,Canaã dos Carajás (PA),54 anos,161
1502152,Canaã dos Carajás (PA),55 anos,139
1502152,Canaã dos Carajás (PA),56 anos,129
1502152,Canaã dos Carajás (PA),57 anos,143
1502152,Canaã dos Carajás (PA),58 anos,119
1502152,Canaã dos Carajás (PA),59 anos,111
1502152,Canaã dos Carajás (PA),60 anos,96
1502152,Canaã dos Carajás (PA),61 anos,82
1502152,Canaã dos Carajás (PA),62 anos,98
1502152,Canaã dos Carajás (PA),63 anos,80
1502152,Canaã dos Carajás (PA),64 anos,82
1502152,Canaã dos Carajás (PA),65 anos,84
1502152,Canaã dos Carajás (PA),66 anos,71
1502152,Canaã dos Carajás (PA),67 anos,63
1502152,Canaã dos Carajás (PA),68 anos,62
1502152,Canaã dos Carajás (PA),69 anos,60
1502152,Canaã dos Carajás (PA),70 anos,54
1502152,Canaã dos Carajás (PA),71 anos,30
1502152,Canaã dos Carajás (PA),72 anos,45
1502152,Canaã dos Carajás (PA),73 anos,45
1502152,Canaã dos Carajás (PA),74 anos,32
1502152,Canaã dos Carajás (PA),75 anos,29
1502152,Canaã dos Carajás (PA),76 anos,27
1502152,Canaã dos Carajás (PA),77 anos,24
1502152,Canaã dos Carajás (PA),78 anos,22
1502152,Canaã dos Carajás (PA),79 anos,12
1502152,Canaã dos Carajás (PA),80 anos,19
1502152,Canaã dos Carajás (PA),81 anos,10
1502152,Canaã dos Carajás (PA),82 anos,13
1502152,Canaã dos Carajás (PA),83 anos,10
1502152,Canaã dos Carajás (PA),84 anos,7
1502152,Canaã dos Carajás (PA),85 anos,6
1502152,Canaã dos Carajás (PA),86 anos,7
1502152,Canaã dos Carajás (PA),87 anos,5
1502152,Canaã dos Carajás (PA),88 anos,1
1502152,Canaã dos Carajás (PA),89 anos,10
1502152,Canaã dos Carajás (PA),90 anos,7
1502152,Canaã dos Carajás (PA),91 anos,2
1502152,Canaã dos Carajás (PA),92 anos,1
1502152,Canaã dos Carajás (PA),93 anos,-
1502152,Canaã dos Carajás (PA),94 anos,-
1502152,Canaã dos Carajás (PA),95 anos,2
1502152,Canaã dos Carajás (PA),96 anos,-
1502152,Canaã dos Carajás (PA),97 anos,1
1502152,Canaã dos Carajás (PA),98 anos,-
1502152,Canaã dos Carajás (PA),99 anos,-
1502152,Canaã dos Carajás (PA),100 anos ou mais,2
1502202,Capanema (PA),Total,63639
1502202,Capanema (PA),Menos de 1 ano,1025
1502202,Capanema (PA),Menos de 1 mês,80
1502202,Capanema (PA),1 mês,82
1502202,Capanema (PA),2 meses,81
1502202,Capanema (PA),3 meses,72
1502202,Capanema (PA),4 meses,85
1502202,Capanema (PA),5 meses,65
1502202,Capanema (PA),6 meses,95
1502202,Capanema (PA),7 meses,99
1502202,Capanema (PA),8 meses,100
1502202,Capanema (PA),9 meses,98
1502202,Capanema (PA),10 meses,90
1502202,Capanema (PA),11 meses,78
1502202,Capanema (PA),1 ano,1080
1502202,Capanema (PA),2 anos,1049
1502202,Capanema (PA),3 anos,1116
1502202,Capanema (PA),4 anos,1056
1502202,Capanema (PA),5 anos,1173
1502202,Capanema (PA),6 anos,1152
1502202,Capanema (PA),7 anos,1218
1502202,Capanema (PA),8 anos,1200
1502202,Capanema (PA),9 anos,1237
1502202,Capanema (PA),10 anos,1385
1502202,Capanema (PA),11 anos,1270
1502202,Capanema (PA),12 anos,1304
1502202,Capanema (PA),13 anos,1392
1502202,Capanema (PA),14 anos,1393
1502202,Capanema (PA),15 anos,1310
1502202,Capanema (PA),16 anos,1346
1502202,Capanema (PA),17 anos,1343
1502202,Capanema (PA),18 anos,1317
1502202,Capanema (PA),19 anos,1154
1502202,Capanema (PA),20 anos,1213
1502202,Capanema (PA),21 anos,1241
1502202,Capanema (PA),22 anos,1246
1502202,Capanema (PA),23 anos,1204
1502202,Capanema (PA),24 anos,1235
1502202,Capanema (PA),25 anos,1150
1502202,Capanema (PA),26 anos,1172
1502202,Capanema (PA),27 anos,1188
1502202,Capanema (PA),28 anos,1216
1502202,Capanema (PA),29 anos,1123
1502202,Capanema (PA),30 anos,1121
1502202,Capanema (PA),31 anos,993
1502202,Capanema (PA),32 anos,1047
1502202,Capanema (PA),33 anos,1003
1502202,Capanema (PA),34 anos,976
1502202,Capanema (PA),35 anos,953
1502202,Capanema (PA),36 anos,943
1502202,Capanema (PA),37 anos,898
1502202,Capanema (PA),38 anos,886
1502202,Capanema (PA),39 anos,813
1502202,Capanema (PA),40 anos,859
1502202,Capanema (PA),41 anos,697
1502202,Capanema (PA),42 anos,751
1502202,Capanema (PA),43 anos,754
1502202,Capanema (PA),44 anos,695
1502202,Capanema (PA),45 anos,694
1502202,Capanema (PA),46 anos,692
1502202,Capanema (PA),47 anos,637
1502202,Capanema (PA),48 anos,640
1502202,Capanema (PA),49 anos,610
1502202,Capanema (PA),50 anos,614
1502202,Capanema (PA),51 anos,508
1502202,Capanema (PA),52 anos,524
1502202,Capanema (PA),53 anos,520
1502202,Capanema (PA),54 anos,478
1502202,Capanema (PA),55 anos,555
1502202,Capanema (PA),56 anos,480
1502202,Capanema (PA),57 anos,415
1502202,Capanema (PA),58 anos,387
1502202,Capanema (PA),59 anos,405
1502202,Capanema (PA),60 anos,401
1502202,Capanema (PA),61 anos,288
1502202,Capanema (PA),62 anos,321
1502202,Capanema (PA),63 anos,322
1502202,Capanema (PA),64 anos,289
1502202,Capanema (PA),65 anos,256
1502202,Capanema (PA),66 anos,315
1502202,Capanema (PA),67 anos,283
1502202,Capanema (PA),68 anos,235
1502202,Capanema (PA),69 anos,215
1502202,Capanema (PA),70 anos,264
1502202,Capanema (PA),71 anos,215
1502202,Capanema (PA),72 anos,191
1502202,Capanema (PA),73 anos,201
1502202,Capanema (PA),74 anos,199
1502202,Capanema (PA),75 anos,196
1502202,Capanema (PA),76 anos,172
1502202,Capanema (PA),77 anos,139
1502202,Capanema (PA),78 anos,141
1502202,Capanema (PA),79 anos,127
1502202,Capanema (PA),80 anos,137
1502202,Capanema (PA),81 anos,90
1502202,Capanema (PA),82 anos,101
1502202,Capanema (PA),83 anos,85
1502202,Capanema (PA),84 anos,60
1502202,Capanema (PA),85 anos,54
1502202,Capanema (PA),86 anos,39
1502202,Capanema (PA),87 anos,48
1502202,Capanema (PA),88 anos,25
1502202,Capanema (PA),89 anos,32
1502202,Capanema (PA),90 anos,19
1502202,Capanema (PA),91 anos,17
1502202,Capanema (PA),92 anos,21
1502202,Capanema (PA),93 anos,16
1502202,Capanema (PA),94 anos,14
1502202,Capanema (PA),95 anos,8
1502202,Capanema (PA),96 anos,13
1502202,Capanema (PA),97 anos,9
1502202,Capanema (PA),98 anos,9
1502202,Capanema (PA),99 anos,5
1502202,Capanema (PA),100 anos ou mais,11
1502301,Capitão Poço (PA),Total,51893
1502301,Capitão Poço (PA),Menos de 1 ano,922
1502301,Capitão Poço (PA),Menos de 1 mês,83
1502301,Capitão Poço (PA),1 mês,62
1502301,Capitão Poço (PA),2 meses,74
1502301,Capitão Poço (PA),3 meses,73
1502301,Capitão Poço (PA),4 meses,67
1502301,Capitão Poço (PA),5 meses,67
1502301,Capitão Poço (PA),6 meses,78
1502301,Capitão Poço (PA),7 meses,89
1502301,Capitão Poço (PA),8 meses,82
1502301,Capitão Poço (PA),9 meses,77
1502301,Capitão Poço (PA),10 meses,87
1502301,Capitão Poço (PA),11 meses,83
1502301,Capitão Poço (PA),1 ano,931
1502301,Capitão Poço (PA),2 anos,1009
1502301,Capitão Poço (PA),3 anos,1026
1502301,Capitão Poço (PA),4 anos,1024
1502301,Capitão Poço (PA),5 anos,1128
1502301,Capitão Poço (PA),6 anos,1141
1502301,Capitão Poço (PA),7 anos,1264
1502301,Capitão Poço (PA),8 anos,1165
1502301,Capitão Poço (PA),9 anos,1124
1502301,Capitão Poço (PA),10 anos,1322
1502301,Capitão Poço (PA),11 anos,1245
1502301,Capitão Poço (PA),12 anos,1221
1502301,Capitão Poço (PA),13 anos,1326
1502301,Capitão Poço (PA),14 anos,1267
1502301,Capitão Poço (PA),15 anos,1254
1502301,Capitão Poço (PA),16 anos,1294
1502301,Capitão Poço (PA),17 anos,1210
1502301,Capitão Poço (PA),18 anos,1198
1502301,Capitão Poço (PA),19 anos,1022
1502301,Capitão Poço (PA),20 anos,1018
1502301,Capitão Poço (PA),21 anos,1047
1502301,Capitão Poço (PA),22 anos,1008
1502301,Capitão Poço (PA),23 anos,988
1502301,Capitão Poço (PA),24 anos,947
1502301,Capitão Poço (PA),25 anos,890
1502301,Capitão Poço (PA),26 anos,905
1502301,Capitão Poço (PA),27 anos,908
1502301,Capitão Poço (PA),28 anos,925
1502301,Capitão Poço (PA),29 anos,805
1502301,Capitão Poço (PA),30 anos,840
1502301,Capitão Poço (PA),31 anos,717
1502301,Capitão Poço (PA),32 anos,817
1502301,Capitão Poço (PA),33 anos,701
1502301,Capitão Poço (PA),34 anos,734
1502301,Capitão Poço (PA),35 anos,710
1502301,Capitão Poço (PA),36 anos,660
1502301,Capitão Poço (PA),37 anos,644
1502301,Capitão Poço (PA),38 anos,628
1502301,Capitão Poço (PA),39 anos,641
1502301,Capitão Poço (PA),40 anos,676
1502301,Capitão Poço (PA),41 anos,553
1502301,Capitão Poço (PA),42 anos,575
1502301,Capitão Poço (PA),43 anos,574
1502301,Capitão Poço (PA),44 anos,521
1502301,Capitão Poço (PA),45 anos,514
1502301,Capitão Poço (PA),46 anos,482
1502301,Capitão Poço (PA),47 anos,448
1502301,Capitão Poço (PA),48 anos,389
1502301,Capitão Poço (PA),49 anos,386
1502301,Capitão Poço (PA),50 anos,429
1502301,Capitão Poço (PA),51 anos,318
1502301,Capitão Poço (PA),52 anos,401
1502301,Capitão Poço (PA),53 anos,337
1502301,Capitão Poço (PA),54 anos,317
1502301,Capitão Poço (PA),55 anos,330
1502301,Capitão Poço (PA),56 anos,326
1502301,Capitão Poço (PA),57 anos,278
1502301,Capitão Poço (PA),58 anos,286
1502301,Capitão Poço (PA),59 anos,291
1502301,Capitão Poço (PA),60 anos,257
1502301,Capitão Poço (PA),61 anos,198
1502301,Capitão Poço (PA),62 anos,245
1502301,Capitão Poço (PA),63 anos,216
1502301,Capitão Poço (PA),64 anos,227
1502301,Capitão Poço (PA),65 anos,208
1502301,Capitão Poço (PA),66 anos,217
1502301,Capitão Poço (PA),67 anos,196
1502301,Capitão Poço (PA),68 anos,167
1502301,Capitão Poço (PA),69 anos,168
1502301,Capitão Poço (PA),70 anos,179
1502301,Capitão Poço (PA),71 anos,161
1502301,Capitão Poço (PA),72 anos,145
1502301,Capitão Poço (PA),73 anos,136
1502301,Capitão Poço (PA),74 anos,128
1502301,Capitão Poço (PA),75 anos,104
1502301,Capitão Poço (PA),76 anos,118
1502301,Capitão Poço (PA),77 anos,83
1502301,Capitão Poço (PA),78 anos,93
1502301,Capitão Poço (PA),79 anos,76
1502301,Capitão Poço (PA),80 anos,74
1502301,Capitão Poço (PA),81 anos,64
1502301,Capitão Poço (PA),82 anos,63
1502301,Capitão Poço (PA),83 anos,45
1502301,Capitão Poço (PA),84 anos,43
1502301,Capitão Poço (PA),85 anos,36
1502301,Capitão Poço (PA),86 anos,39
1502301,Capitão Poço (PA),87 anos,41
1502301,Capitão Poço (PA),88 anos,16
1502301,Capitão Poço (PA),89 anos,22
1502301,Capitão Poço (PA),90 anos,20
1502301,Capitão Poço (PA),91 anos,8
1502301,Capitão Poço (PA),92 anos,11
1502301,Capitão Poço (PA),93 anos,5
1502301,Capitão Poço (PA),94 anos,8
1502301,Capitão Poço (PA),95 anos,3
1502301,Capitão Poço (PA),96 anos,5
1502301,Capitão Poço (PA),97 anos,4
1502301,Capitão Poço (PA),98 anos,2
1502301,Capitão Poço (PA),99 anos,1
1502301,Capitão Poço (PA),100 anos ou mais,4
1502400,Castanhal (PA),Total,173149
1502400,Castanhal (PA),Menos de 1 ano,2984
1502400,Castanhal (PA),Menos de 1 mês,225
1502400,Castanhal (PA),1 mês,200
1502400,Castanhal (PA),2 meses,210
1502400,Castanhal (PA),3 meses,238
1502400,Castanhal (PA),4 meses,250
1502400,Castanhal (PA),5 meses,209
1502400,Castanhal (PA),6 meses,224
1502400,Castanhal (PA),7 meses,286
1502400,Castanhal (PA),8 meses,299
1502400,Castanhal (PA),9 meses,280
1502400,Castanhal (PA),10 meses,288
1502400,Castanhal (PA),11 meses,275
1502400,Castanhal (PA),1 ano,3046
1502400,Castanhal (PA),2 anos,3033
1502400,Castanhal (PA),3 anos,3168
1502400,Castanhal (PA),4 anos,3055
1502400,Castanhal (PA),5 anos,3075
1502400,Castanhal (PA),6 anos,3063
1502400,Castanhal (PA),7 anos,3207
1502400,Castanhal (PA),8 anos,3227
1502400,Castanhal (PA),9 anos,3447
1502400,Castanhal (PA),10 anos,3634
1502400,Castanhal (PA),11 anos,3402
1502400,Castanhal (PA),12 anos,3416
1502400,Castanhal (PA),13 anos,3523
1502400,Castanhal (PA),14 anos,3618
1502400,Castanhal (PA),15 anos,3670
1502400,Castanhal (PA),16 anos,3679
1502400,Castanhal (PA),17 anos,3540
1502400,Castanhal (PA),18 anos,3672
1502400,Castanhal (PA),19 anos,3479
1502400,Castanhal (PA),20 anos,3629
1502400,Castanhal (PA),21 anos,3779
1502400,Castanhal (PA),22 anos,3563
1502400,Castanhal (PA),23 anos,3446
1502400,Castanhal (PA),24 anos,3594
1502400,Castanhal (PA),25 anos,3602
1502400,Castanhal (PA),26 anos,3381
1502400,Castanhal (PA),27 anos,3485
1502400,Castanhal (PA),28 anos,3556
1502400,Castanhal (PA),29 anos,3256
1502400,Castanhal (PA),30 anos,3368
1502400,Castanhal (PA),31 anos,3057
1502400,Castanhal (PA),32 anos,2986
1502400,Castanhal (PA),33 anos,2816
1502400,Castanhal (PA),34 anos,2662
1502400,Castanhal (PA),35 anos,2891
1502400,Castanhal (PA),36 anos,2521
1502400,Castanhal (PA),37 anos,2515
1502400,Castanhal (PA),38 anos,2293
1502400,Castanhal (PA),39 anos,2402
1502400,Castanhal (PA),40 anos,2498
1502400,Castanhal (PA),41 anos,2128
1502400,Castanhal (PA),42 anos,2121
1502400,Castanhal (PA),43 anos,2061
1502400,Castanhal (PA),44 anos,1928
1502400,Castanhal (PA),45 anos,1899
1502400,Castanhal (PA),46 anos,1704
1502400,Castanhal (PA),47 anos,1649
1502400,Castanhal (PA),48 anos,1551
1502400,Castanhal (PA),49 anos,1595
1502400,Castanhal (PA),50 anos,1617
1502400,Castanhal (PA),51 anos,1404
1502400,Castanhal (PA),52 anos,1378
1502400,Castanhal (PA),53 anos,1224
1502400,Castanhal (PA),54 anos,1248
1502400,Castanhal (PA),55 anos,1253
1502400,Castanhal (PA),56 anos,1138
1502400,Castanhal (PA),57 anos,983
1502400,Castanhal (PA),58 anos,968
1502400,Castanhal (PA),59 anos,876
1502400,Castanhal (PA),60 anos,983
1502400,Castanhal (PA),61 anos,739
1502400,Castanhal (PA),62 anos,753
1502400,Castanhal (PA),63 anos,698
1502400,Castanhal (PA),64 anos,674
1502400,Castanhal (PA),65 anos,793
1502400,Castanhal (PA),66 anos,613
1502400,Castanhal (PA),67 anos,603
1502400,Castanhal (PA),68 anos,578
1502400,Castanhal (PA),69 anos,532
1502400,Castanhal (PA),70 anos,581
1502400,Castanhal (PA),71 anos,442
1502400,Castanhal (PA),72 anos,427
1502400,Castanhal (PA),73 anos,399
1502400,Castanhal (PA),74 anos,386
1502400,Castanhal (PA),75 anos,310
1502400,Castanhal (PA),76 anos,261
1502400,Castanhal (PA),77 anos,266
1502400,Castanhal (PA),78 anos,258
1502400,Castanhal (PA),79 anos,266
1502400,Castanhal (PA),80 anos,256
1502400,Castanhal (PA),81 anos,182
1502400,Castanhal (PA),82 anos,172
1502400,Castanhal (PA),83 anos,166
1502400,Castanhal (PA),84 anos,157
1502400,Castanhal (PA),85 anos,107
1502400,Castanhal (PA),86 anos,84
1502400,Castanhal (PA),87 anos,87
1502400,Castanhal (PA),88 anos,62
1502400,Castanhal (PA),89 anos,48
1502400,Castanhal (PA),90 anos,73
1502400,Castanhal (PA),91 anos,49
1502400,Castanhal (PA),92 anos,38
1502400,Castanhal (PA),93 anos,30
1502400,Castanhal (PA),94 anos,23
1502400,Castanhal (PA),95 anos,26
1502400,Castanhal (PA),96 anos,20
1502400,Castanhal (PA),97 anos,10
1502400,Castanhal (PA),98 anos,9
1502400,Castanhal (PA),99 anos,12
1502400,Castanhal (PA),100 anos ou mais,13
1502509,Chaves (PA),Total,21005
1502509,Chaves (PA),Menos de 1 ano,520
1502509,Chaves (PA),Menos de 1 mês,48
1502509,Chaves (PA),1 mês,41
1502509,Chaves (PA),2 meses,33
1502509,Chaves (PA),3 meses,39
1502509,Chaves (PA),4 meses,43
1502509,Chaves (PA),5 meses,41
1502509,Chaves (PA),6 meses,32
1502509,Chaves (PA),7 meses,55
1502509,Chaves (PA),8 meses,40
1502509,Chaves (PA),9 meses,50
1502509,Chaves (PA),10 meses,51
1502509,Chaves (PA),11 meses,47
1502509,Chaves (PA),1 ano,549
1502509,Chaves (PA),2 anos,560
1502509,Chaves (PA),3 anos,535
1502509,Chaves (PA),4 anos,600
1502509,Chaves (PA),5 anos,590
1502509,Chaves (PA),6 anos,523
1502509,Chaves (PA),7 anos,579
1502509,Chaves (PA),8 anos,560
1502509,Chaves (PA),9 anos,575
1502509,Chaves (PA),10 anos,592
1502509,Chaves (PA),11 anos,592
1502509,Chaves (PA),12 anos,560
1502509,Chaves (PA),13 anos,485
1502509,Chaves (PA),14 anos,523
1502509,Chaves (PA),15 anos,489
1502509,Chaves (PA),16 anos,472
1502509,Chaves (PA),17 anos,457
1502509,Chaves (PA),18 anos,437
1502509,Chaves (PA),19 anos,438
1502509,Chaves (PA),20 anos,447
1502509,Chaves (PA),21 anos,360
1502509,Chaves (PA),22 anos,423
1502509,Chaves (PA),23 anos,369
1502509,Chaves (PA),24 anos,391
1502509,Chaves (PA),25 anos,342
1502509,Chaves (PA),26 anos,315
1502509,Chaves (PA),27 anos,315
1502509,Chaves (PA),28 anos,290
1502509,Chaves (PA),29 anos,315
1502509,Chaves (PA),30 anos,339
1502509,Chaves (PA),31 anos,275
1502509,Chaves (PA),32 anos,281
1502509,Chaves (PA),33 anos,265
1502509,Chaves (PA),34 anos,245
1502509,Chaves (PA),35 anos,244
1502509,Chaves (PA),36 anos,213
1502509,Chaves (PA),37 anos,227
1502509,Chaves (PA),38 anos,215
1502509,Chaves (PA),39 anos,224
1502509,Chaves (PA),40 anos,249
1502509,Chaves (PA),41 anos,159
1502509,Chaves (PA),42 anos,198
1502509,Chaves (PA),43 anos,178
1502509,Chaves (PA),44 anos,191
1502509,Chaves (PA),45 anos,177
1502509,Chaves (PA),46 anos,144
1502509,Chaves (PA),47 anos,165
1502509,Chaves (PA),48 anos,143
1502509,Chaves (PA),49 anos,149
1502509,Chaves (PA),50 anos,133
1502509,Chaves (PA),51 anos,138
1502509,Chaves (PA),52 anos,114
1502509,Chaves (PA),53 anos,106
1502509,Chaves (PA),54 anos,143
1502509,Chaves (PA),55 anos,140
1502509,Chaves (PA),56 anos,106
1502509,Chaves (PA),57 anos,111
1502509,Chaves (PA),58 anos,112
1502509,Chaves (PA),59 anos,106
1502509,Chaves (PA),60 anos,111
1502509,Chaves (PA),61 anos,73
1502509,Chaves (PA),62 anos,88
1502509,Chaves (PA),63 anos,56
1502509,Chaves (PA),64 anos,81
1502509,Chaves (PA),65 anos,90
1502509,Chaves (PA),66 anos,75
1502509,Chaves (PA),67 anos,68
1502509,Chaves (PA),68 anos,57
1502509,Chaves (PA),69 anos,48
1502509,Chaves (PA),70 anos,75
1502509,Chaves (PA),71 anos,40
1502509,Chaves (PA),72 anos,36
1502509,Chaves (PA),73 anos,38
1502509,Chaves (PA),74 anos,40
1502509,Chaves (PA),75 anos,45
1502509,Chaves (PA),76 anos,35
1502509,Chaves (PA),77 anos,25
1502509,Chaves (PA),78 anos,42
1502509,Chaves (PA),79 anos,20
1502509,Chaves (PA),80 anos,30
1502509,Chaves (PA),81 anos,14
1502509,Chaves (PA),82 anos,10
1502509,Chaves (PA),83 anos,8
1502509,Chaves (PA),84 anos,13
1502509,Chaves (PA),85 anos,13
1502509,Chaves (PA),86 anos,13
1502509,Chaves (PA),87 anos,7
1502509,Chaves (PA),88 anos,4
1502509,Chaves (PA),89 anos,6
1502509,Chaves (PA),90 anos,5
1502509,Chaves (PA),91 anos,4
1502509,Chaves (PA),92 anos,7
1502509,Chaves (PA),93 anos,8
1502509,Chaves (PA),94 anos,6
1502509,Chaves (PA),95 anos,4
1502509,Chaves (PA),96 anos,3
1502509,Chaves (PA),97 anos,2
1502509,Chaves (PA),98 anos,2
1502509,Chaves (PA),99 anos,2
1502509,Chaves (PA),100 anos ou mais,8
1502608,Colares (PA),Total,11381
1502608,Colares (PA),Menos de 1 ano,223
1502608,Colares (PA),Menos de 1 mês,18
1502608,Colares (PA),1 mês,18
1502608,Colares (PA),2 meses,19
1502608,Colares (PA),3 meses,25
1502608,Colares (PA),4 meses,17
1502608,Colares (PA),5 meses,13
1502608,Colares (PA),6 meses,18
1502608,Colares (PA),7 meses,18
1502608,Colares (PA),8 meses,20
1502608,Colares (PA),9 meses,18
1502608,Colares (PA),10 meses,19
1502608,Colares (PA),11 meses,20
1502608,Colares (PA),1 ano,242
1502608,Colares (PA),2 anos,237
1502608,Colares (PA),3 anos,255
1502608,Colares (PA),4 anos,237
1502608,Colares (PA),5 anos,253
1502608,Colares (PA),6 anos,211
1502608,Colares (PA),7 anos,246
1502608,Colares (PA),8 anos,251
1502608,Colares (PA),9 anos,215
1502608,Colares (PA),10 anos,238
1502608,Colares (PA),11 anos,252
1502608,Colares (PA),12 anos,255
1502608,Colares (PA),13 anos,284
1502608,Colares (PA),14 anos,282
1502608,Colares (PA),15 anos,268
1502608,Colares (PA),16 anos,249
1502608,Colares (PA),17 anos,292
1502608,Colares (PA),18 anos,238
1502608,Colares (PA),19 anos,231
1502608,Colares (PA),20 anos,233
1502608,Colares (PA),21 anos,198
1502608,Colares (PA),22 anos,226
1502608,Colares (PA),23 anos,190
1502608,Colares (PA),24 anos,182
1502608,Colares (PA),25 anos,202
1502608,Colares (PA),26 anos,178
1502608,Colares (PA),27 anos,194
1502608,Colares (PA),28 anos,166
1502608,Colares (PA),29 anos,171
1502608,Colares (PA),30 anos,144
1502608,Colares (PA),31 anos,136
1502608,Colares (PA),32 anos,146
1502608,Colares (PA),33 anos,151
1502608,Colares (PA),34 anos,123
1502608,Colares (PA),35 anos,136
1502608,Colares (PA),36 anos,126
1502608,Colares (PA),37 anos,142
1502608,Colares (PA),38 anos,135
1502608,Colares (PA),39 anos,122
1502608,Colares (PA),40 anos,138
1502608,Colares (PA),41 anos,116
1502608,Colares (PA),42 anos,133
1502608,Colares (PA),43 anos,112
1502608,Colares (PA),44 anos,127
1502608,Colares (PA),45 anos,105
1502608,Colares (PA),46 anos,115
1502608,Colares (PA),47 anos,110
1502608,Colares (PA),48 anos,84
1502608,Colares (PA),49 anos,98
1502608,Colares (PA),50 anos,78
1502608,Colares (PA),51 anos,90
1502608,Colares (PA),52 anos,84
1502608,Colares (PA),53 anos,74
1502608,Colares (PA),54 anos,87
1502608,Colares (PA),55 anos,83
1502608,Colares (PA),56 anos,93
1502608,Colares (PA),57 anos,81
1502608,Colares (PA),58 anos,60
1502608,Colares (PA),59 anos,78
1502608,Colares (PA),60 anos,79
1502608,Colares (PA),61 anos,71
1502608,Colares (PA),62 anos,67
1502608,Colares (PA),63 anos,76
1502608,Colares (PA),64 anos,52
1502608,Colares (PA),65 anos,65
1502608,Colares (PA),66 anos,71
1502608,Colares (PA),67 anos,62
1502608,Colares (PA),68 anos,54
1502608,Colares (PA),69 anos,39
1502608,Colares (PA),70 anos,64
1502608,Colares (PA),71 anos,41
1502608,Colares (PA),72 anos,37
1502608,Colares (PA),73 anos,41
1502608,Colares (PA),74 anos,43
1502608,Colares (PA),75 anos,40
1502608,Colares (PA),76 anos,31
1502608,Colares (PA),77 anos,25
1502608,Colares (PA),78 anos,41
1502608,Colares (PA),79 anos,20
1502608,Colares (PA),80 anos,19
1502608,Colares (PA),81 anos,17
1502608,Colares (PA),82 anos,14
1502608,Colares (PA),83 anos,14
1502608,Colares (PA),84 anos,8
1502608,Colares (PA),85 anos,17
1502608,Colares (PA),86 anos,7
1502608,Colares (PA),87 anos,8
1502608,Colares (PA),88 anos,7
1502608,Colares (PA),89 anos,9
1502608,Colares (PA),90 anos,6
1502608,Colares (PA),91 anos,5
1502608,Colares (PA),92 anos,7
1502608,Colares (PA),93 anos,6
1502608,Colares (PA),94 anos,3
1502608,Colares (PA),95 anos,1
1502608,Colares (PA),96 anos,1
1502608,Colares (PA),97 anos,4
1502608,Colares (PA),98 anos,-
1502608,Colares (PA),99 anos,-
1502608,Colares (PA),100 anos ou mais,3
1502707,Conceição do Araguaia (PA),Total,45557
1502707,Conceição do Araguaia (PA),Menos de 1 ano,762
1502707,Conceição do Araguaia (PA),Menos de 1 mês,56
1502707,Conceição do Araguaia (PA),1 mês,52
1502707,Conceição do Araguaia (PA),2 meses,73
1502707,Conceição do Araguaia (PA),3 meses,57
1502707,Conceição do Araguaia (PA),4 meses,53
1502707,Conceição do Araguaia (PA),5 meses,60
1502707,Conceição do Araguaia (PA),6 meses,59
1502707,Conceição do Araguaia (PA),7 meses,72
1502707,Conceição do Araguaia (PA),8 meses,67
1502707,Conceição do Araguaia (PA),9 meses,69
1502707,Conceição do Araguaia (PA),10 meses,74
1502707,Conceição do Araguaia (PA),11 meses,70
1502707,Conceição do Araguaia (PA),1 ano,802
1502707,Conceição do Araguaia (PA),2 anos,818
1502707,Conceição do Araguaia (PA),3 anos,810
1502707,Conceição do Araguaia (PA),4 anos,838
1502707,Conceição do Araguaia (PA),5 anos,921
1502707,Conceição do Araguaia (PA),6 anos,874
1502707,Conceição do Araguaia (PA),7 anos,903
1502707,Conceição do Araguaia (PA),8 anos,922
1502707,Conceição do Araguaia (PA),9 anos,947
1502707,Conceição do Araguaia (PA),10 anos,1021
1502707,Conceição do Araguaia (PA),11 anos,947
1502707,Conceição do Araguaia (PA),12 anos,1029
1502707,Conceição do Araguaia (PA),13 anos,1040
1502707,Conceição do Araguaia (PA),14 anos,1082
1502707,Conceição do Araguaia (PA),15 anos,1025
1502707,Conceição do Araguaia (PA),16 anos,1001
1502707,Conceição do Araguaia (PA),17 anos,941
1502707,Conceição do Araguaia (PA),18 anos,898
1502707,Conceição do Araguaia (PA),19 anos,755
1502707,Conceição do Araguaia (PA),20 anos,762
1502707,Conceição do Araguaia (PA),21 anos,720
1502707,Conceição do Araguaia (PA),22 anos,772
1502707,Conceição do Araguaia (PA),23 anos,737
1502707,Conceição do Araguaia (PA),24 anos,738
1502707,Conceição do Araguaia (PA),25 anos,779
1502707,Conceição do Araguaia (PA),26 anos,694
1502707,Conceição do Araguaia (PA),27 anos,690
1502707,Conceição do Araguaia (PA),28 anos,780
1502707,Conceição do Araguaia (PA),29 anos,731
1502707,Conceição do Araguaia (PA),30 anos,853
1502707,Conceição do Araguaia (PA),31 anos,682
1502707,Conceição do Araguaia (PA),32 anos,676
1502707,Conceição do Araguaia (PA),33 anos,687
1502707,Conceição do Araguaia (PA),34 anos,646
1502707,Conceição do Araguaia (PA),35 anos,705
1502707,Conceição do Araguaia (PA),36 anos,608
1502707,Conceição do Araguaia (PA),37 anos,594
1502707,Conceição do Araguaia (PA),38 anos,582
1502707,Conceição do Araguaia (PA),39 anos,611
1502707,Conceição do Araguaia (PA),40 anos,647
1502707,Conceição do Araguaia (PA),41 anos,569
1502707,Conceição do Araguaia (PA),42 anos,503
1502707,Conceição do Araguaia (PA),43 anos,545
1502707,Conceição do Araguaia (PA),44 anos,525
1502707,Conceição do Araguaia (PA),45 anos,501
1502707,Conceição do Araguaia (PA),46 anos,479
1502707,Conceição do Araguaia (PA),47 anos,485
1502707,Conceição do Araguaia (PA),48 anos,435
1502707,Conceição do Araguaia (PA),49 anos,398
1502707,Conceição do Araguaia (PA),50 anos,424
1502707,Conceição do Araguaia (PA),51 anos,377
1502707,Conceição do Araguaia (PA),52 anos,396
1502707,Conceição do Araguaia (PA),53 anos,390
1502707,Conceição do Araguaia (PA),54 anos,414
1502707,Conceição do Araguaia (PA),55 anos,383
1502707,Conceição do Araguaia (PA),56 anos,354
1502707,Conceição do Araguaia (PA),57 anos,331
1502707,Conceição do Araguaia (PA),58 anos,323
1502707,Conceição do Araguaia (PA),59 anos,297
1502707,Conceição do Araguaia (PA),60 anos,327
1502707,Conceição do Araguaia (PA),61 anos,272
1502707,Conceição do Araguaia (PA),62 anos,284
1502707,Conceição do Araguaia (PA),63 anos,257
1502707,Conceição do Araguaia (PA),64 anos,269
1502707,Conceição do Araguaia (PA),65 anos,269
1502707,Conceição do Araguaia (PA),66 anos,248
1502707,Conceição do Araguaia (PA),67 anos,199
1502707,Conceição do Araguaia (PA),68 anos,197
1502707,Conceição do Araguaia (PA),69 anos,189
1502707,Conceição do Araguaia (PA),70 anos,226
1502707,Conceição do Araguaia (PA),71 anos,174
1502707,Conceição do Araguaia (PA),72 anos,154
1502707,Conceição do Araguaia (PA),73 anos,135
1502707,Conceição do Araguaia (PA),74 anos,115
1502707,Conceição do Araguaia (PA),75 anos,114
1502707,Conceição do Araguaia (PA),76 anos,114
1502707,Conceição do Araguaia (PA),77 anos,116
1502707,Conceição do Araguaia (PA),78 anos,123
1502707,Conceição do Araguaia (PA),79 anos,72
1502707,Conceição do Araguaia (PA),80 anos,86
1502707,Conceição do Araguaia (PA),81 anos,75
1502707,Conceição do Araguaia (PA),82 anos,50
1502707,Conceição do Araguaia (PA),83 anos,39
1502707,Conceição do Araguaia (PA),84 anos,58
1502707,Conceição do Araguaia (PA),85 anos,31
1502707,Conceição do Araguaia (PA),86 anos,30
1502707,Conceição do Araguaia (PA),87 anos,29
1502707,Conceição do Araguaia (PA),88 anos,22
1502707,Conceição do Araguaia (PA),89 anos,20
1502707,Conceição do Araguaia (PA),90 anos,23
1502707,Conceição do Araguaia (PA),91 anos,14
1502707,Conceição do Araguaia (PA),92 anos,13
1502707,Conceição do Araguaia (PA),93 anos,8
1502707,Conceição do Araguaia (PA),94 anos,8
1502707,Conceição do Araguaia (PA),95 anos,12
1502707,Conceição do Araguaia (PA),96 anos,8
1502707,Conceição do Araguaia (PA),97 anos,4
1502707,Conceição do Araguaia (PA),98 anos,1
1502707,Conceição do Araguaia (PA),99 anos,2
1502707,Conceição do Araguaia (PA),100 anos ou mais,11
1502756,Concórdia do Pará (PA),Total,28216
1502756,Concórdia do Pará (PA),Menos de 1 ano,634
1502756,Concórdia do Pará (PA),Menos de 1 mês,49
1502756,Concórdia do Pará (PA),1 mês,61
1502756,Concórdia do Pará (PA),2 meses,42
1502756,Concórdia do Pará (PA),3 meses,51
1502756,Concórdia do Pará (PA),4 meses,58
1502756,Concórdia do Pará (PA),5 meses,54
1502756,Concórdia do Pará (PA),6 meses,50
1502756,Concórdia do Pará (PA),7 meses,60
1502756,Concórdia do Pará (PA),8 meses,44
1502756,Concórdia do Pará (PA),9 meses,63
1502756,Concórdia do Pará (PA),10 meses,59
1502756,Concórdia do Pará (PA),11 meses,43
1502756,Concórdia do Pará (PA),1 ano,627
1502756,Concórdia do Pará (PA),2 anos,648
1502756,Concórdia do Pará (PA),3 anos,648
1502756,Concórdia do Pará (PA),4 anos,711
1502756,Concórdia do Pará (PA),5 anos,640
1502756,Concórdia do Pará (PA),6 anos,645
1502756,Concórdia do Pará (PA),7 anos,675
1502756,Concórdia do Pará (PA),8 anos,585
1502756,Concórdia do Pará (PA),9 anos,668
1502756,Concórdia do Pará (PA),10 anos,705
1502756,Concórdia do Pará (PA),11 anos,700
1502756,Concórdia do Pará (PA),12 anos,649
1502756,Concórdia do Pará (PA),13 anos,659
1502756,Concórdia do Pará (PA),14 anos,663
1502756,Concórdia do Pará (PA),15 anos,651
1502756,Concórdia do Pará (PA),16 anos,672
1502756,Concórdia do Pará (PA),17 anos,666
1502756,Concórdia do Pará (PA),18 anos,676
1502756,Concórdia do Pará (PA),19 anos,616
1502756,Concórdia do Pará (PA),20 anos,570
1502756,Concórdia do Pará (PA),21 anos,619
1502756,Concórdia do Pará (PA),22 anos,616
1502756,Concórdia do Pará (PA),23 anos,579
1502756,Concórdia do Pará (PA),24 anos,581
1502756,Concórdia do Pará (PA),25 anos,555
1502756,Concórdia do Pará (PA),26 anos,507
1502756,Concórdia do Pará (PA),27 anos,465
1502756,Concórdia do Pará (PA),28 anos,495
1502756,Concórdia do Pará (PA),29 anos,490
1502756,Concórdia do Pará (PA),30 anos,477
1502756,Concórdia do Pará (PA),31 anos,415
1502756,Concórdia do Pará (PA),32 anos,433
1502756,Concórdia do Pará (PA),33 anos,364
1502756,Concórdia do Pará (PA),34 anos,417
1502756,Concórdia do Pará (PA),35 anos,408
1502756,Concórdia do Pará (PA),36 anos,352
1502756,Concórdia do Pará (PA),37 anos,341
1502756,Concórdia do Pará (PA),38 anos,310
1502756,Concórdia do Pará (PA),39 anos,320
1502756,Concórdia do Pará (PA),40 anos,334
1502756,Concórdia do Pará (PA),41 anos,257
1502756,Concórdia do Pará (PA),42 anos,260
1502756,Concórdia do Pará (PA),43 anos,253
1502756,Concórdia do Pará (PA),44 anos,281
1502756,Concórdia do Pará (PA),45 anos,205
1502756,Concórdia do Pará (PA),46 anos,202
1502756,Concórdia do Pará (PA),47 anos,183
1502756,Concórdia do Pará (PA),48 anos,172
1502756,Concórdia do Pará (PA),49 anos,173
1502756,Concórdia do Pará (PA),50 anos,165
1502756,Concórdia do Pará (PA),51 anos,146
1502756,Concórdia do Pará (PA),52 anos,170
1502756,Concórdia do Pará (PA),53 anos,146
1502756,Concórdia do Pará (PA),54 anos,150
1502756,Concórdia do Pará (PA),55 anos,166
1502756,Concórdia do Pará (PA),56 anos,138
1502756,Concórdia do Pará (PA),57 anos,129
1502756,Concórdia do Pará (PA),58 anos,129
1502756,Concórdia do Pará (PA),59 anos,141
1502756,Concórdia do Pará (PA),60 anos,170
1502756,Concórdia do Pará (PA),61 anos,111
1502756,Concórdia do Pará (PA),62 anos,108
1502756,Concórdia do Pará (PA),63 anos,106
1502756,Concórdia do Pará (PA),64 anos,115
1502756,Concórdia do Pará (PA),65 anos,133
1502756,Concórdia do Pará (PA),66 anos,110
1502756,Concórdia do Pará (PA),67 anos,93
1502756,Concórdia do Pará (PA),68 anos,86
1502756,Concórdia do Pará (PA),69 anos,84
1502756,Concórdia do Pará (PA),70 anos,86
1502756,Concórdia do Pará (PA),71 anos,55
1502756,Concórdia do Pará (PA),72 anos,58
1502756,Concórdia do Pará (PA),73 anos,75
1502756,Concórdia do Pará (PA),74 anos,59
1502756,Concórdia do Pará (PA),75 anos,52
1502756,Concórdia do Pará (PA),76 anos,44
1502756,Concórdia do Pará (PA),77 anos,41
1502756,Concórdia do Pará (PA),78 anos,50
1502756,Concórdia do Pará (PA),79 anos,34
1502756,Concórdia do Pará (PA),80 anos,52
1502756,Concórdia do Pará (PA),81 anos,23
1502756,Concórdia do Pará (PA),82 anos,31
1502756,Concórdia do Pará (PA),83 anos,27
1502756,Concórdia do Pará (PA),84 anos,23
1502756,Concórdia do Pará (PA),85 anos,19
1502756,Concórdia do Pará (PA),86 anos,12
1502756,Concórdia do Pará (PA),87 anos,11
1502756,Concórdia do Pará (PA),88 anos,18
1502756,Concórdia do Pará (PA),89 anos,11
1502756,Concórdia do Pará (PA),90 anos,15
1502756,Concórdia do Pará (PA),91 anos,9
1502756,Concórdia do Pará (PA),92 anos,11
1502756,Concórdia do Pará (PA),93 anos,11
1502756,Concórdia do Pará (PA),94 anos,3
1502756,Concórdia do Pará (PA),95 anos,6
1502756,Concórdia do Pará (PA),96 anos,3
1502756,Concórdia do Pará (PA),97 anos,2
1502756,Concórdia do Pará (PA),98 anos,2
1502756,Concórdia do Pará (PA),99 anos,2
1502756,Concórdia do Pará (PA),100 anos ou mais,3
1502764,Cumaru do Norte (PA),Total,10466
1502764,Cumaru do Norte (PA),Menos de 1 ano,196
1502764,Cumaru do Norte (PA),Menos de 1 mês,11
1502764,Cumaru do Norte (PA),1 mês,8
1502764,Cumaru do Norte (PA),2 meses,14
1502764,Cumaru do Norte (PA),3 meses,11
1502764,Cumaru do Norte (PA),4 meses,11
1502764,Cumaru do Norte (PA),5 meses,16
1502764,Cumaru do Norte (PA),6 meses,19
1502764,Cumaru do Norte (PA),7 meses,20
1502764,Cumaru do Norte (PA),8 meses,19
1502764,Cumaru do Norte (PA),9 meses,18
1502764,Cumaru do Norte (PA),10 meses,29
1502764,Cumaru do Norte (PA),11 meses,20
1502764,Cumaru do Norte (PA),1 ano,238
1502764,Cumaru do Norte (PA),2 anos,227
1502764,Cumaru do Norte (PA),3 anos,237
1502764,Cumaru do Norte (PA),4 anos,231
1502764,Cumaru do Norte (PA),5 anos,206
1502764,Cumaru do Norte (PA),6 anos,222
1502764,Cumaru do Norte (PA),7 anos,238
1502764,Cumaru do Norte (PA),8 anos,210
1502764,Cumaru do Norte (PA),9 anos,214
1502764,Cumaru do Norte (PA),10 anos,217
1502764,Cumaru do Norte (PA),11 anos,201
1502764,Cumaru do Norte (PA),12 anos,206
1502764,Cumaru do Norte (PA),13 anos,224
1502764,Cumaru do Norte (PA),14 anos,192
1502764,Cumaru do Norte (PA),15 anos,186
1502764,Cumaru do Norte (PA),16 anos,198
1502764,Cumaru do Norte (PA),17 anos,160
1502764,Cumaru do Norte (PA),18 anos,158
1502764,Cumaru do Norte (PA),19 anos,150
1502764,Cumaru do Norte (PA),20 anos,191
1502764,Cumaru do Norte (PA),21 anos,168
1502764,Cumaru do Norte (PA),22 anos,152
1502764,Cumaru do Norte (PA),23 anos,209
1502764,Cumaru do Norte (PA),24 anos,192
1502764,Cumaru do Norte (PA),25 anos,221
1502764,Cumaru do Norte (PA),26 anos,183
1502764,Cumaru do Norte (PA),27 anos,228
1502764,Cumaru do Norte (PA),28 anos,155
1502764,Cumaru do Norte (PA),29 anos,214
1502764,Cumaru do Norte (PA),30 anos,268
1502764,Cumaru do Norte (PA),31 anos,212
1502764,Cumaru do Norte (PA),32 anos,184
1502764,Cumaru do Norte (PA),33 anos,157
1502764,Cumaru do Norte (PA),34 anos,183
1502764,Cumaru do Norte (PA),35 anos,183
1502764,Cumaru do Norte (PA),36 anos,147
1502764,Cumaru do Norte (PA),37 anos,129
1502764,Cumaru do Norte (PA),38 anos,141
1502764,Cumaru do Norte (PA),39 anos,146
1502764,Cumaru do Norte (PA),40 anos,151
1502764,Cumaru do Norte (PA),41 anos,126
1502764,Cumaru do Norte (PA),42 anos,159
1502764,Cumaru do Norte (PA),43 anos,135
1502764,Cumaru do Norte (PA),44 anos,172
1502764,Cumaru do Norte (PA),45 anos,161
1502764,Cumaru do Norte (PA),46 anos,137
1502764,Cumaru do Norte (PA),47 anos,141
1502764,Cumaru do Norte (PA),48 anos,99
1502764,Cumaru do Norte (PA),49 anos,118
1502764,Cumaru do Norte (PA),50 anos,123
1502764,Cumaru do Norte (PA),51 anos,88
1502764,Cumaru do Norte (PA),52 anos,97
1502764,Cumaru do Norte (PA),53 anos,87
1502764,Cumaru do Norte (PA),54 anos,78
1502764,Cumaru do Norte (PA),55 anos,64
1502764,Cumaru do Norte (PA),56 anos,65
1502764,Cumaru do Norte (PA),57 anos,75
1502764,Cumaru do Norte (PA),58 anos,73
1502764,Cumaru do Norte (PA),59 anos,61
1502764,Cumaru do Norte (PA),60 anos,52
1502764,Cumaru do Norte (PA),61 anos,61
1502764,Cumaru do Norte (PA),62 anos,33
1502764,Cumaru do Norte (PA),63 anos,34
1502764,Cumaru do Norte (PA),64 anos,50
1502764,Cumaru do Norte (PA),65 anos,47
1502764,Cumaru do Norte (PA),66 anos,24
1502764,Cumaru do Norte (PA),67 anos,29
1502764,Cumaru do Norte (PA),68 anos,29
1502764,Cumaru do Norte (PA),69 anos,14
1502764,Cumaru do Norte (PA),70 anos,19
1502764,Cumaru do Norte (PA),71 anos,8
1502764,Cumaru do Norte (PA),72 anos,11
1502764,Cumaru do Norte (PA),73 anos,10
1502764,Cumaru do Norte (PA),74 anos,11
1502764,Cumaru do Norte (PA),75 anos,12
1502764,Cumaru do Norte (PA),76 anos,7
1502764,Cumaru do Norte (PA),77 anos,7
1502764,Cumaru do Norte (PA),78 anos,5
1502764,Cumaru do Norte (PA),79 anos,2
1502764,Cumaru do Norte (PA),80 anos,5
1502764,Cumaru do Norte (PA),81 anos,3
1502764,Cumaru do Norte (PA),82 anos,2
1502764,Cumaru do Norte (PA),83 anos,2
1502764,Cumaru do Norte (PA),84 anos,1
1502764,Cumaru do Norte (PA),85 anos,1
1502764,Cumaru do Norte (PA),86 anos,-
1502764,Cumaru do Norte (PA),87 anos,1
1502764,Cumaru do Norte (PA),88 anos,-
1502764,Cumaru do Norte (PA),89 anos,-
1502764,Cumaru do Norte (PA),90 anos,-
1502764,Cumaru do Norte (PA),91 anos,1
1502764,Cumaru do Norte (PA),92 anos,-
1502764,Cumaru do Norte (PA),93 anos,-
1502764,Cumaru do Norte (PA),94 anos,-
1502764,Cumaru do Norte (PA),95 anos,1
1502764,Cumaru do Norte (PA),96 anos,-
1502764,Cumaru do Norte (PA),97 anos,-
1502764,Cumaru do Norte (PA),98 anos,-
1502764,Cumaru do Norte (PA),99 anos,-
1502764,Cumaru do Norte (PA),100 anos ou mais,-
1502772,Curionópolis (PA),Total,18288
1502772,Curionópolis (PA),Menos de 1 ano,343
1502772,Curionópolis (PA),Menos de 1 mês,33
1502772,Curionópolis (PA),1 mês,24
1502772,Curionópolis (PA),2 meses,34
1502772,Curionópolis (PA),3 meses,26
1502772,Curionópolis (PA),4 meses,27
1502772,Curionópolis (PA),5 meses,21
1502772,Curionópolis (PA),6 meses,27
1502772,Curionópolis (PA),7 meses,33
1502772,Curionópolis (PA),8 meses,30
1502772,Curionópolis (PA),9 meses,33
1502772,Curionópolis (PA),10 meses,24
1502772,Curionópolis (PA),11 meses,31
1502772,Curionópolis (PA),1 ano,368
1502772,Curionópolis (PA),2 anos,346
1502772,Curionópolis (PA),3 anos,364
1502772,Curionópolis (PA),4 anos,372
1502772,Curionópolis (PA),5 anos,358
1502772,Curionópolis (PA),6 anos,388
1502772,Curionópolis (PA),7 anos,356
1502772,Curionópolis (PA),8 anos,383
1502772,Curionópolis (PA),9 anos,356
1502772,Curionópolis (PA),10 anos,421
1502772,Curionópolis (PA),11 anos,393
1502772,Curionópolis (PA),12 anos,422
1502772,Curionópolis (PA),13 anos,455
1502772,Curionópolis (PA),14 anos,408
1502772,Curionópolis (PA),15 anos,430
1502772,Curionópolis (PA),16 anos,435
1502772,Curionópolis (PA),17 anos,408
1502772,Curionópolis (PA),18 anos,399
1502772,Curionópolis (PA),19 anos,382
1502772,Curionópolis (PA),20 anos,318
1502772,Curionópolis (PA),21 anos,343
1502772,Curionópolis (PA),22 anos,377
1502772,Curionópolis (PA),23 anos,346
1502772,Curionópolis (PA),24 anos,295
1502772,Curionópolis (PA),25 anos,306
1502772,Curionópolis (PA),26 anos,296
1502772,Curionópolis (PA),27 anos,282
1502772,Curionópolis (PA),28 anos,258
1502772,Curionópolis (PA),29 anos,235
1502772,Curionópolis (PA),30 anos,321
1502772,Curionópolis (PA),31 anos,238
1502772,Curionópolis (PA),32 anos,268
1502772,Curionópolis (PA),33 anos,232
1502772,Curionópolis (PA),34 anos,219
1502772,Curionópolis (PA),35 anos,239
1502772,Curionópolis (PA),36 anos,180
1502772,Curionópolis (PA),37 anos,201
1502772,Curionópolis (PA),38 anos,180
1502772,Curionópolis (PA),39 anos,159
1502772,Curionópolis (PA),40 anos,167
1502772,Curionópolis (PA),41 anos,192
1502772,Curionópolis (PA),42 anos,191
1502772,Curionópolis (PA),43 anos,193
1502772,Curionópolis (PA),44 anos,176
1502772,Curionópolis (PA),45 anos,189
1502772,Curionópolis (PA),46 anos,208
1502772,Curionópolis (PA),47 anos,207
1502772,Curionópolis (PA),48 anos,192
1502772,Curionópolis (PA),49 anos,172
1502772,Curionópolis (PA),50 anos,202
1502772,Curionópolis (PA),51 anos,176
1502772,Curionópolis (PA),52 anos,188
1502772,Curionópolis (PA),53 anos,165
1502772,Curionópolis (PA),54 anos,152
1502772,Curionópolis (PA),55 anos,164
1502772,Curionópolis (PA),56 anos,156
1502772,Curionópolis (PA),57 anos,141
1502772,Curionópolis (PA),58 anos,121
1502772,Curionópolis (PA),59 anos,134
1502772,Curionópolis (PA),60 anos,128
1502772,Curionópolis (PA),61 anos,95
1502772,Curionópolis (PA),62 anos,111
1502772,Curionópolis (PA),63 anos,112
1502772,Curionópolis (PA),64 anos,81
1502772,Curionópolis (PA),65 anos,95
1502772,Curionópolis (PA),66 anos,94
1502772,Curionópolis (PA),67 anos,105
1502772,Curionópolis (PA),68 anos,75
1502772,Curionópolis (PA),69 anos,81
1502772,Curionópolis (PA),70 anos,103
1502772,Curionópolis (PA),71 anos,67
1502772,Curionópolis (PA),72 anos,74
1502772,Curionópolis (PA),73 anos,72
1502772,Curionópolis (PA),74 anos,62
1502772,Curionópolis (PA),75 anos,53
1502772,Curionópolis (PA),76 anos,41
1502772,Curionópolis (PA),77 anos,42
1502772,Curionópolis (PA),78 anos,37
1502772,Curionópolis (PA),79 anos,33
1502772,Curionópolis (PA),80 anos,34
1502772,Curionópolis (PA),81 anos,20
1502772,Curionópolis (PA),82 anos,21
1502772,Curionópolis (PA),83 anos,16
1502772,Curionópolis (PA),84 anos,12
1502772,Curionópolis (PA),85 anos,17
1502772,Curionópolis (PA),86 anos,11
1502772,Curionópolis (PA),87 anos,4
1502772,Curionópolis (PA),88 anos,-
1502772,Curionópolis (PA),89 anos,3
1502772,Curionópolis (PA),90 anos,6
1502772,Curionópolis (PA),91 anos,5
1502772,Curionópolis (PA),92 anos,1
1502772,Curionópolis (PA),93 anos,5
1502772,Curionópolis (PA),94 anos,3
1502772,Curionópolis (PA),95 anos,2
1502772,Curionópolis (PA),96 anos,-
1502772,Curionópolis (PA),97 anos,-
1502772,Curionópolis (PA),98 anos,-
1502772,Curionópolis (PA),99 anos,-
1502772,Curionópolis (PA),100 anos ou mais,1
1502806,Curralinho (PA),Total,28549
1502806,Curralinho (PA),Menos de 1 ano,805
1502806,Curralinho (PA),Menos de 1 mês,79
1502806,Curralinho (PA),1 mês,54
1502806,Curralinho (PA),2 meses,67
1502806,Curralinho (PA),3 meses,79
1502806,Curralinho (PA),4 meses,61
1502806,Curralinho (PA),5 meses,36
1502806,Curralinho (PA),6 meses,67
1502806,Curralinho (PA),7 meses,86
1502806,Curralinho (PA),8 meses,91
1502806,Curralinho (PA),9 meses,61
1502806,Curralinho (PA),10 meses,69
1502806,Curralinho (PA),11 meses,55
1502806,Curralinho (PA),1 ano,789
1502806,Curralinho (PA),2 anos,819
1502806,Curralinho (PA),3 anos,850
1502806,Curralinho (PA),4 anos,859
1502806,Curralinho (PA),5 anos,820
1502806,Curralinho (PA),6 anos,835
1502806,Curralinho (PA),7 anos,812
1502806,Curralinho (PA),8 anos,823
1502806,Curralinho (PA),9 anos,770
1502806,Curralinho (PA),10 anos,897
1502806,Curralinho (PA),11 anos,791
1502806,Curralinho (PA),12 anos,818
1502806,Curralinho (PA),13 anos,696
1502806,Curralinho (PA),14 anos,801
1502806,Curralinho (PA),15 anos,745
1502806,Curralinho (PA),16 anos,716
1502806,Curralinho (PA),17 anos,680
1502806,Curralinho (PA),18 anos,657
1502806,Curralinho (PA),19 anos,597
1502806,Curralinho (PA),20 anos,558
1502806,Curralinho (PA),21 anos,553
1502806,Curralinho (PA),22 anos,590
1502806,Curralinho (PA),23 anos,505
1502806,Curralinho (PA),24 anos,494
1502806,Curralinho (PA),25 anos,494
1502806,Curralinho (PA),26 anos,465
1502806,Curralinho (PA),27 anos,470
1502806,Curralinho (PA),28 anos,441
1502806,Curralinho (PA),29 anos,411
1502806,Curralinho (PA),30 anos,430
1502806,Curralinho (PA),31 anos,336
1502806,Curralinho (PA),32 anos,363
1502806,Curralinho (PA),33 anos,359
1502806,Curralinho (PA),34 anos,309
1502806,Curralinho (PA),35 anos,324
1502806,Curralinho (PA),36 anos,297
1502806,Curralinho (PA),37 anos,310
1502806,Curralinho (PA),38 anos,280
1502806,Curralinho (PA),39 anos,246
1502806,Curralinho (PA),40 anos,265
1502806,Curralinho (PA),41 anos,203
1502806,Curralinho (PA),42 anos,209
1502806,Curralinho (PA),43 anos,164
1502806,Curralinho (PA),44 anos,197
1502806,Curralinho (PA),45 anos,211
1502806,Curralinho (PA),46 anos,180
1502806,Curralinho (PA),47 anos,174
1502806,Curralinho (PA),48 anos,164
1502806,Curralinho (PA),49 anos,152
1502806,Curralinho (PA),50 anos,167
1502806,Curralinho (PA),51 anos,121
1502806,Curralinho (PA),52 anos,130
1502806,Curralinho (PA),53 anos,148
1502806,Curralinho (PA),54 anos,123
1502806,Curralinho (PA),55 anos,134
1502806,Curralinho (PA),56 anos,135
1502806,Curralinho (PA),57 anos,116
1502806,Curralinho (PA),58 anos,104
1502806,Curralinho (PA),59 anos,98
1502806,Curralinho (PA),60 anos,113
1502806,Curralinho (PA),61 anos,74
1502806,Curralinho (PA),62 anos,93
1502806,Curralinho (PA),63 anos,87
1502806,Curralinho (PA),64 anos,87
1502806,Curralinho (PA),65 anos,93
1502806,Curralinho (PA),66 anos,93
1502806,Curralinho (PA),67 anos,78
1502806,Curralinho (PA),68 anos,74
1502806,Curralinho (PA),69 anos,51
1502806,Curralinho (PA),70 anos,78
1502806,Curralinho (PA),71 anos,44
1502806,Curralinho (PA),72 anos,53
1502806,Curralinho (PA),73 anos,44
1502806,Curralinho (PA),74 anos,44
1502806,Curralinho (PA),75 anos,49
1502806,Curralinho (PA),76 anos,31
1502806,Curralinho (PA),77 anos,33
1502806,Curralinho (PA),78 anos,28
1502806,Curralinho (PA),79 anos,27
1502806,Curralinho (PA),80 anos,23
1502806,Curralinho (PA),81 anos,15
1502806,Curralinho (PA),82 anos,12
1502806,Curralinho (PA),83 anos,12
1502806,Curralinho (PA),84 anos,10
1502806,Curralinho (PA),85 anos,17
1502806,Curralinho (PA),86 anos,8
1502806,Curralinho (PA),87 anos,15
1502806,Curralinho (PA),88 anos,8
1502806,Curralinho (PA),89 anos,9
1502806,Curralinho (PA),90 anos,3
1502806,Curralinho (PA),91 anos,12
1502806,Curralinho (PA),92 anos,21
1502806,Curralinho (PA),93 anos,19
1502806,Curralinho (PA),94 anos,30
1502806,Curralinho (PA),95 anos,19
1502806,Curralinho (PA),96 anos,6
1502806,Curralinho (PA),97 anos,6
1502806,Curralinho (PA),98 anos,3
1502806,Curralinho (PA),99 anos,2
1502806,Curralinho (PA),100 anos ou mais,15
1502855,Curuá (PA),Total,12254
1502855,Curuá (PA),Menos de 1 ano,255
1502855,Curuá (PA),Menos de 1 mês,23
1502855,Curuá (PA),1 mês,20
1502855,Curuá (PA),2 meses,16
1502855,Curuá (PA),3 meses,15
1502855,Curuá (PA),4 meses,21
1502855,Curuá (PA),5 meses,19
1502855,Curuá (PA),6 meses,17
1502855,Curuá (PA),7 meses,23
1502855,Curuá (PA),8 meses,23
1502855,Curuá (PA),9 meses,28
1502855,Curuá (PA),10 meses,34
1502855,Curuá (PA),11 meses,16
1502855,Curuá (PA),1 ano,284
1502855,Curuá (PA),2 anos,285
1502855,Curuá (PA),3 anos,333
1502855,Curuá (PA),4 anos,359
1502855,Curuá (PA),5 anos,340
1502855,Curuá (PA),6 anos,354
1502855,Curuá (PA),7 anos,350
1502855,Curuá (PA),8 anos,350
1502855,Curuá (PA),9 anos,332
1502855,Curuá (PA),10 anos,362
1502855,Curuá (PA),11 anos,277
1502855,Curuá (PA),12 anos,314
1502855,Curuá (PA),13 anos,281
1502855,Curuá (PA),14 anos,349
1502855,Curuá (PA),15 anos,285
1502855,Curuá (PA),16 anos,270
1502855,Curuá (PA),17 anos,287
1502855,Curuá (PA),18 anos,246
1502855,Curuá (PA),19 anos,253
1502855,Curuá (PA),20 anos,221
1502855,Curuá (PA),21 anos,219
1502855,Curuá (PA),22 anos,224
1502855,Curuá (PA),23 anos,216
1502855,Curuá (PA),24 anos,240
1502855,Curuá (PA),25 anos,188
1502855,Curuá (PA),26 anos,199
1502855,Curuá (PA),27 anos,201
1502855,Curuá (PA),28 anos,199
1502855,Curuá (PA),29 anos,205
1502855,Curuá (PA),30 anos,187
1502855,Curuá (PA),31 anos,154
1502855,Curuá (PA),32 anos,165
1502855,Curuá (PA),33 anos,166
1502855,Curuá (PA),34 anos,133
1502855,Curuá (PA),35 anos,128
1502855,Curuá (PA),36 anos,119
1502855,Curuá (PA),37 anos,127
1502855,Curuá (PA),38 anos,134
1502855,Curuá (PA),39 anos,125
1502855,Curuá (PA),40 anos,114
1502855,Curuá (PA),41 anos,94
1502855,Curuá (PA),42 anos,103
1502855,Curuá (PA),43 anos,127
1502855,Curuá (PA),44 anos,113
1502855,Curuá (PA),45 anos,104
1502855,Curuá (PA),46 anos,108
1502855,Curuá (PA),47 anos,116
1502855,Curuá (PA),48 anos,82
1502855,Curuá (PA),49 anos,81
1502855,Curuá (PA),50 anos,83
1502855,Curuá (PA),51 anos,86
1502855,Curuá (PA),52 anos,73
1502855,Curuá (PA),53 anos,81
1502855,Curuá (PA),54 anos,87
1502855,Curuá (PA),55 anos,66
1502855,Curuá (PA),56 anos,62
1502855,Curuá (PA),57 anos,65
1502855,Curuá (PA),58 anos,70
1502855,Curuá (PA),59 anos,41
1502855,Curuá (PA),60 anos,48
1502855,Curuá (PA),61 anos,47
1502855,Curuá (PA),62 anos,42
1502855,Curuá (PA),63 anos,41
1502855,Curuá (PA),64 anos,51
1502855,Curuá (PA),65 anos,47
1502855,Curuá (PA),66 anos,48
1502855,Curuá (PA),67 anos,41
1502855,Curuá (PA),68 anos,46
1502855,Curuá (PA),69 anos,31
1502855,Curuá (PA),70 anos,32
1502855,Curuá (PA),71 anos,22
1502855,Curuá (PA),72 anos,28
1502855,Curuá (PA),73 anos,34
1502855,Curuá (PA),74 anos,24
1502855,Curuá (PA),75 anos,23
1502855,Curuá (PA),76 anos,17
1502855,Curuá (PA),77 anos,21
1502855,Curuá (PA),78 anos,16
1502855,Curuá (PA),79 anos,15
1502855,Curuá (PA),80 anos,17
1502855,Curuá (PA),81 anos,11
1502855,Curuá (PA),82 anos,7
1502855,Curuá (PA),83 anos,7
1502855,Curuá (PA),84 anos,8
1502855,Curuá (PA),85 anos,7
1502855,Curuá (PA),86 anos,7
1502855,Curuá (PA),87 anos,7
1502855,Curuá (PA),88 anos,6
1502855,Curuá (PA),89 anos,4
1502855,Curuá (PA),90 anos,6
1502855,Curuá (PA),91 anos,13
1502855,Curuá (PA),92 anos,2
1502855,Curuá (PA),93 anos,-
1502855,Curuá (PA),94 anos,1
1502855,Curuá (PA),95 anos,2
1502855,Curuá (PA),96 anos,1
1502855,Curuá (PA),97 anos,-
1502855,Curuá (PA),98 anos,2
1502855,Curuá (PA),99 anos,-
1502855,Curuá (PA),100 anos ou mais,-
1502905,Curuçá (PA),Total,34294
1502905,Curuçá (PA),Menos de 1 ano,600
1502905,Curuçá (PA),Menos de 1 mês,44
1502905,Curuçá (PA),1 mês,40
1502905,Curuçá (PA),2 meses,34
1502905,Curuçá (PA),3 meses,43
1502905,Curuçá (PA),4 meses,56
1502905,Curuçá (PA),5 meses,36
1502905,Curuçá (PA),6 meses,57
1502905,Curuçá (PA),7 meses,63
1502905,Curuçá (PA),8 meses,65
1502905,Curuçá (PA),9 meses,53
1502905,Curuçá (PA),10 meses,61
1502905,Curuçá (PA),11 meses,48
1502905,Curuçá (PA),1 ano,571
1502905,Curuçá (PA),2 anos,711
1502905,Curuçá (PA),3 anos,688
1502905,Curuçá (PA),4 anos,690
1502905,Curuçá (PA),5 anos,726
1502905,Curuçá (PA),6 anos,743
1502905,Curuçá (PA),7 anos,802
1502905,Curuçá (PA),8 anos,759
1502905,Curuçá (PA),9 anos,769
1502905,Curuçá (PA),10 anos,855
1502905,Curuçá (PA),11 anos,720
1502905,Curuçá (PA),12 anos,771
1502905,Curuçá (PA),13 anos,768
1502905,Curuçá (PA),14 anos,816
1502905,Curuçá (PA),15 anos,787
1502905,Curuçá (PA),16 anos,755
1502905,Curuçá (PA),17 anos,729
1502905,Curuçá (PA),18 anos,699
1502905,Curuçá (PA),19 anos,657
1502905,Curuçá (PA),20 anos,606
1502905,Curuçá (PA),21 anos,632
1502905,Curuçá (PA),22 anos,709
1502905,Curuçá (PA),23 anos,592
1502905,Curuçá (PA),24 anos,595
1502905,Curuçá (PA),25 anos,563
1502905,Curuçá (PA),26 anos,578
1502905,Curuçá (PA),27 anos,531
1502905,Curuçá (PA),28 anos,536
1502905,Curuçá (PA),29 anos,507
1502905,Curuçá (PA),30 anos,540
1502905,Curuçá (PA),31 anos,471
1502905,Curuçá (PA),32 anos,515
1502905,Curuçá (PA),33 anos,429
1502905,Curuçá (PA),34 anos,444
1502905,Curuçá (PA),35 anos,444
1502905,Curuçá (PA),36 anos,410
1502905,Curuçá (PA),37 anos,366
1502905,Curuçá (PA),38 anos,362
1502905,Curuçá (PA),39 anos,397
1502905,Curuçá (PA),40 anos,445
1502905,Curuçá (PA),41 anos,330
1502905,Curuçá (PA),42 anos,401
1502905,Curuçá (PA),43 anos,319
1502905,Curuçá (PA),44 anos,335
1502905,Curuçá (PA),45 anos,321
1502905,Curuçá (PA),46 anos,338
1502905,Curuçá (PA),47 anos,296
1502905,Curuçá (PA),48 anos,307
1502905,Curuçá (PA),49 anos,293
1502905,Curuçá (PA),50 anos,343
1502905,Curuçá (PA),51 anos,238
1502905,Curuçá (PA),52 anos,303
1502905,Curuçá (PA),53 anos,273
1502905,Curuçá (PA),54 anos,264
1502905,Curuçá (PA),55 anos,229
1502905,Curuçá (PA),56 anos,241
1502905,Curuçá (PA),57 anos,218
1502905,Curuçá (PA),58 anos,206
1502905,Curuçá (PA),59 anos,202
1502905,Curuçá (PA),60 anos,229
1502905,Curuçá (PA),61 anos,201
1502905,Curuçá (PA),62 anos,217
1502905,Curuçá (PA),63 anos,186
1502905,Curuçá (PA),64 anos,192
1502905,Curuçá (PA),65 anos,208
1502905,Curuçá (PA),66 anos,170
1502905,Curuçá (PA),67 anos,162
1502905,Curuçá (PA),68 anos,153
1502905,Curuçá (PA),69 anos,139
1502905,Curuçá (PA),70 anos,201
1502905,Curuçá (PA),71 anos,128
1502905,Curuçá (PA),72 anos,105
1502905,Curuçá (PA),73 anos,128
1502905,Curuçá (PA),74 anos,113
1502905,Curuçá (PA),75 anos,128
1502905,Curuçá (PA),76 anos,101
1502905,Curuçá (PA),77 anos,107
1502905,Curuçá (PA),78 anos,100
1502905,Curuçá (PA),79 anos,94
1502905,Curuçá (PA),80 anos,67
1502905,Curuçá (PA),81 anos,40
1502905,Curuçá (PA),82 anos,38
1502905,Curuçá (PA),83 anos,44
1502905,Curuçá (PA),84 anos,40
1502905,Curuçá (PA),85 anos,40
1502905,Curuçá (PA),86 anos,31
1502905,Curuçá (PA),87 anos,40
1502905,Curuçá (PA),88 anos,22
1502905,Curuçá (PA),89 anos,23
1502905,Curuçá (PA),90 anos,20
1502905,Curuçá (PA),91 anos,15
1502905,Curuçá (PA),92 anos,19
1502905,Curuçá (PA),93 anos,11
1502905,Curuçá (PA),94 anos,10
1502905,Curuçá (PA),95 anos,7
1502905,Curuçá (PA),96 anos,5
1502905,Curuçá (PA),97 anos,4
1502905,Curuçá (PA),98 anos,3
1502905,Curuçá (PA),99 anos,4
1502905,Curuçá (PA),100 anos ou mais,4
1502939,Dom Eliseu (PA),Total,51319
1502939,Dom Eliseu (PA),Menos de 1 ano,1016
1502939,Dom Eliseu (PA),Menos de 1 mês,93
1502939,Dom Eliseu (PA),1 mês,70
1502939,Dom Eliseu (PA),2 meses,77
1502939,Dom Eliseu (PA),3 meses,76
1502939,Dom Eliseu (PA),4 meses,102
1502939,Dom Eliseu (PA),5 meses,58
1502939,Dom Eliseu (PA),6 meses,78
1502939,Dom Eliseu (PA),7 meses,108
1502939,Dom Eliseu (PA),8 meses,102
1502939,Dom Eliseu (PA),9 meses,83
1502939,Dom Eliseu (PA),10 meses,100
1502939,Dom Eliseu (PA),11 meses,69
1502939,Dom Eliseu (PA),1 ano,975
1502939,Dom Eliseu (PA),2 anos,1127
1502939,Dom Eliseu (PA),3 anos,1037
1502939,Dom Eliseu (PA),4 anos,1114
1502939,Dom Eliseu (PA),5 anos,1175
1502939,Dom Eliseu (PA),6 anos,1128
1502939,Dom Eliseu (PA),7 anos,1141
1502939,Dom Eliseu (PA),8 anos,1115
1502939,Dom Eliseu (PA),9 anos,1156
1502939,Dom Eliseu (PA),10 anos,1254
1502939,Dom Eliseu (PA),11 anos,1181
1502939,Dom Eliseu (PA),12 anos,1174
1502939,Dom Eliseu (PA),13 anos,1129
1502939,Dom Eliseu (PA),14 anos,1177
1502939,Dom Eliseu (PA),15 anos,1128
1502939,Dom Eliseu (PA),16 anos,1013
1502939,Dom Eliseu (PA),17 anos,1044
1502939,Dom Eliseu (PA),18 anos,1065
1502939,Dom Eliseu (PA),19 anos,1087
1502939,Dom Eliseu (PA),20 anos,1182
1502939,Dom Eliseu (PA),21 anos,1003
1502939,Dom Eliseu (PA),22 anos,1081
1502939,Dom Eliseu (PA),23 anos,1055
1502939,Dom Eliseu (PA),24 anos,1082
1502939,Dom Eliseu (PA),25 anos,1153
1502939,Dom Eliseu (PA),26 anos,898
1502939,Dom Eliseu (PA),27 anos,966
1502939,Dom Eliseu (PA),28 anos,939
1502939,Dom Eliseu (PA),29 anos,995
1502939,Dom Eliseu (PA),30 anos,1102
1502939,Dom Eliseu (PA),31 anos,910
1502939,Dom Eliseu (PA),32 anos,839
1502939,Dom Eliseu (PA),33 anos,774
1502939,Dom Eliseu (PA),34 anos,739
1502939,Dom Eliseu (PA),35 anos,801
1502939,Dom Eliseu (PA),36 anos,648
1502939,Dom Eliseu (PA),37 anos,666
1502939,Dom Eliseu (PA),38 anos,657
1502939,Dom Eliseu (PA),39 anos,706
1502939,Dom Eliseu (PA),40 anos,767
1502939,Dom Eliseu (PA),41 anos,567
1502939,Dom Eliseu (PA),42 anos,587
1502939,Dom Eliseu (PA),43 anos,483
1502939,Dom Eliseu (PA),44 anos,505
1502939,Dom Eliseu (PA),45 anos,516
1502939,Dom Eliseu (PA),46 anos,514
1502939,Dom Eliseu (PA),47 anos,458
1502939,Dom Eliseu (PA),48 anos,420
1502939,Dom Eliseu (PA),49 anos,418
1502939,Dom Eliseu (PA),50 anos,441
1502939,Dom Eliseu (PA),51 anos,347
1502939,Dom Eliseu (PA),52 anos,375
1502939,Dom Eliseu (PA),53 anos,305
1502939,Dom Eliseu (PA),54 anos,315
1502939,Dom Eliseu (PA),55 anos,320
1502939,Dom Eliseu (PA),56 anos,282
1502939,Dom Eliseu (PA),57 anos,224
1502939,Dom Eliseu (PA),58 anos,244
1502939,Dom Eliseu (PA),59 anos,225
1502939,Dom Eliseu (PA),60 anos,272
1502939,Dom Eliseu (PA),61 anos,196
1502939,Dom Eliseu (PA),62 anos,188
1502939,Dom Eliseu (PA),63 anos,159
1502939,Dom Eliseu (PA),64 anos,148
1502939,Dom Eliseu (PA),65 anos,164
1502939,Dom Eliseu (PA),66 anos,129
1502939,Dom Eliseu (PA),67 anos,128
1502939,Dom Eliseu (PA),68 anos,118
1502939,Dom Eliseu (PA),69 anos,106
1502939,Dom Eliseu (PA),70 anos,125
1502939,Dom Eliseu (PA),71 anos,79
1502939,Dom Eliseu (PA),72 anos,89
1502939,Dom Eliseu (PA),73 anos,80
1502939,Dom Eliseu (PA),74 anos,67
1502939,Dom Eliseu (PA),75 anos,81
1502939,Dom Eliseu (PA),76 anos,54
1502939,Dom Eliseu (PA),77 anos,44
1502939,Dom Eliseu (PA),78 anos,59
1502939,Dom Eliseu (PA),79 anos,45
1502939,Dom Eliseu (PA),80 anos,59
1502939,Dom Eliseu (PA),81 anos,29
1502939,Dom Eliseu (PA),82 anos,26
1502939,Dom Eliseu (PA),83 anos,22
1502939,Dom Eliseu (PA),84 anos,18
1502939,Dom Eliseu (PA),85 anos,15
1502939,Dom Eliseu (PA),86 anos,11
1502939,Dom Eliseu (PA),87 anos,10
1502939,Dom Eliseu (PA),88 anos,9
1502939,Dom Eliseu (PA),89 anos,10
1502939,Dom Eliseu (PA),90 anos,10
1502939,Dom Eliseu (PA),91 anos,3
1502939,Dom Eliseu (PA),92 anos,4
1502939,Dom Eliseu (PA),93 anos,2
1502939,Dom Eliseu (PA),94 anos,4
1502939,Dom Eliseu (PA),95 anos,3
1502939,Dom Eliseu (PA),96 anos,3
1502939,Dom Eliseu (PA),97 anos,1
1502939,Dom Eliseu (PA),98 anos,2
1502939,Dom Eliseu (PA),99 anos,-
1502939,Dom Eliseu (PA),100 anos ou mais,2
1502954,Eldorado do Carajás (PA),Total,31786
1502954,Eldorado do Carajás (PA),Menos de 1 ano,649
1502954,Eldorado do Carajás (PA),Menos de 1 mês,56
1502954,Eldorado do Carajás (PA),1 mês,47
1502954,Eldorado do Carajás (PA),2 meses,44
1502954,Eldorado do Carajás (PA),3 meses,44
1502954,Eldorado do Carajás (PA),4 meses,47
1502954,Eldorado do Carajás (PA),5 meses,42
1502954,Eldorado do Carajás (PA),6 meses,56
1502954,Eldorado do Carajás (PA),7 meses,64
1502954,Eldorado do Carajás (PA),8 meses,75
1502954,Eldorado do Carajás (PA),9 meses,60
1502954,Eldorado do Carajás (PA),10 meses,60
1502954,Eldorado do Carajás (PA),11 meses,54
1502954,Eldorado do Carajás (PA),1 ano,695
1502954,Eldorado do Carajás (PA),2 anos,727
1502954,Eldorado do Carajás (PA),3 anos,723
1502954,Eldorado do Carajás (PA),4 anos,708
1502954,Eldorado do Carajás (PA),5 anos,758
1502954,Eldorado do Carajás (PA),6 anos,686
1502954,Eldorado do Carajás (PA),7 anos,738
1502954,Eldorado do Carajás (PA),8 anos,749
1502954,Eldorado do Carajás (PA),9 anos,736
1502954,Eldorado do Carajás (PA),10 anos,815
1502954,Eldorado do Carajás (PA),11 anos,750
1502954,Eldorado do Carajás (PA),12 anos,804
1502954,Eldorado do Carajás (PA),13 anos,801
1502954,Eldorado do Carajás (PA),14 anos,723
1502954,Eldorado do Carajás (PA),15 anos,753
1502954,Eldorado do Carajás (PA),16 anos,697
1502954,Eldorado do Carajás (PA),17 anos,681
1502954,Eldorado do Carajás (PA),18 anos,647
1502954,Eldorado do Carajás (PA),19 anos,623
1502954,Eldorado do Carajás (PA),20 anos,591
1502954,Eldorado do Carajás (PA),21 anos,657
1502954,Eldorado do Carajás (PA),22 anos,619
1502954,Eldorado do Carajás (PA),23 anos,621
1502954,Eldorado do Carajás (PA),24 anos,608
1502954,Eldorado do Carajás (PA),25 anos,527
1502954,Eldorado do Carajás (PA),26 anos,496
1502954,Eldorado do Carajás (PA),27 anos,521
1502954,Eldorado do Carajás (PA),28 anos,512
1502954,Eldorado do Carajás (PA),29 anos,475
1502954,Eldorado do Carajás (PA),30 anos,555
1502954,Eldorado do Carajás (PA),31 anos,442
1502954,Eldorado do Carajás (PA),32 anos,444
1502954,Eldorado do Carajás (PA),33 anos,434
1502954,Eldorado do Carajás (PA),34 anos,409
1502954,Eldorado do Carajás (PA),35 anos,379
1502954,Eldorado do Carajás (PA),36 anos,412
1502954,Eldorado do Carajás (PA),37 anos,346
1502954,Eldorado do Carajás (PA),38 anos,333
1502954,Eldorado do Carajás (PA),39 anos,345
1502954,Eldorado do Carajás (PA),40 anos,391
1502954,Eldorado do Carajás (PA),41 anos,357
1502954,Eldorado do Carajás (PA),42 anos,313
1502954,Eldorado do Carajás (PA),43 anos,321
1502954,Eldorado do Carajás (PA),44 anos,342
1502954,Eldorado do Carajás (PA),45 anos,320
1502954,Eldorado do Carajás (PA),46 anos,354
1502954,Eldorado do Carajás (PA),47 anos,323
1502954,Eldorado do Carajás (PA),48 anos,309
1502954,Eldorado do Carajás (PA),49 anos,277
1502954,Eldorado do Carajás (PA),50 anos,312
1502954,Eldorado do Carajás (PA),51 anos,235
1502954,Eldorado do Carajás (PA),52 anos,248
1502954,Eldorado do Carajás (PA),53 anos,227
1502954,Eldorado do Carajás (PA),54 anos,225
1502954,Eldorado do Carajás (PA),55 anos,228
1502954,Eldorado do Carajás (PA),56 anos,195
1502954,Eldorado do Carajás (PA),57 anos,189
1502954,Eldorado do Carajás (PA),58 anos,197
1502954,Eldorado do Carajás (PA),59 anos,174
1502954,Eldorado do Carajás (PA),60 anos,174
1502954,Eldorado do Carajás (PA),61 anos,168
1502954,Eldorado do Carajás (PA),62 anos,167
1502954,Eldorado do Carajás (PA),63 anos,144
1502954,Eldorado do Carajás (PA),64 anos,144
1502954,Eldorado do Carajás (PA),65 anos,135
1502954,Eldorado do Carajás (PA),66 anos,132
1502954,Eldorado do Carajás (PA),67 anos,115
1502954,Eldorado do Carajás (PA),68 anos,105
1502954,Eldorado do Carajás (PA),69 anos,81
1502954,Eldorado do Carajás (PA),70 anos,83
1502954,Eldorado do Carajás (PA),71 anos,64
1502954,Eldorado do Carajás (PA),72 anos,64
1502954,Eldorado do Carajás (PA),73 anos,54
1502954,Eldorado do Carajás (PA),74 anos,61
1502954,Eldorado do Carajás (PA),75 anos,60
1502954,Eldorado do Carajás (PA),76 anos,50
1502954,Eldorado do Carajás (PA),77 anos,38
1502954,Eldorado do Carajás (PA),78 anos,26
1502954,Eldorado do Carajás (PA),79 anos,34
1502954,Eldorado do Carajás (PA),80 anos,23
1502954,Eldorado do Carajás (PA),81 anos,20
1502954,Eldorado do Carajás (PA),82 anos,18
1502954,Eldorado do Carajás (PA),83 anos,12
1502954,Eldorado do Carajás (PA),84 anos,19
1502954,Eldorado do Carajás (PA),85 anos,5
1502954,Eldorado do Carajás (PA),86 anos,10
1502954,Eldorado do Carajás (PA),87 anos,12
1502954,Eldorado do Carajás (PA),88 anos,7
1502954,Eldorado do Carajás (PA),89 anos,7
1502954,Eldorado do Carajás (PA),90 anos,8
1502954,Eldorado do Carajás (PA),91 anos,8
1502954,Eldorado do Carajás (PA),92 anos,1
1502954,Eldorado do Carajás (PA),93 anos,2
1502954,Eldorado do Carajás (PA),94 anos,3
1502954,Eldorado do Carajás (PA),95 anos,1
1502954,Eldorado do Carajás (PA),96 anos,2
1502954,Eldorado do Carajás (PA),97 anos,2
1502954,Eldorado do Carajás (PA),98 anos,-
1502954,Eldorado do Carajás (PA),99 anos,-
1502954,Eldorado do Carajás (PA),100 anos ou mais,1
1503002,Faro (PA),Total,8177
1503002,Faro (PA),Menos de 1 ano,177
1503002,Faro (PA),Menos de 1 mês,16
1503002,Faro (PA),1 mês,18
1503002,Faro (PA),2 meses,8
1503002,Faro (PA),3 meses,14
1503002,Faro (PA),4 meses,8
1503002,Faro (PA),5 meses,16
1503002,Faro (PA),6 meses,10
1503002,Faro (PA),7 meses,25
1503002,Faro (PA),8 meses,15
1503002,Faro (PA),9 meses,15
1503002,Faro (PA),10 meses,14
1503002,Faro (PA),11 meses,18
1503002,Faro (PA),1 ano,194
1503002,Faro (PA),2 anos,217
1503002,Faro (PA),3 anos,216
1503002,Faro (PA),4 anos,218
1503002,Faro (PA),5 anos,232
1503002,Faro (PA),6 anos,231
1503002,Faro (PA),7 anos,183
1503002,Faro (PA),8 anos,214
1503002,Faro (PA),9 anos,214
1503002,Faro (PA),10 anos,211
1503002,Faro (PA),11 anos,196
1503002,Faro (PA),12 anos,218
1503002,Faro (PA),13 anos,188
1503002,Faro (PA),14 anos,198
1503002,Faro (PA),15 anos,204
1503002,Faro (PA),16 anos,210
1503002,Faro (PA),17 anos,220
1503002,Faro (PA),18 anos,174
1503002,Faro (PA),19 anos,166
1503002,Faro (PA),20 anos,136
1503002,Faro (PA),21 anos,150
1503002,Faro (PA),22 anos,143
1503002,Faro (PA),23 anos,146
1503002,Faro (PA),24 anos,136
1503002,Faro (PA),25 anos,145
1503002,Faro (PA),26 anos,117
1503002,Faro (PA),27 anos,124
1503002,Faro (PA),28 anos,131
1503002,Faro (PA),29 anos,106
1503002,Faro (PA),30 anos,128
1503002,Faro (PA),31 anos,104
1503002,Faro (PA),32 anos,97
1503002,Faro (PA),33 anos,85
1503002,Faro (PA),34 anos,96
1503002,Faro (PA),35 anos,107
1503002,Faro (PA),36 anos,82
1503002,Faro (PA),37 anos,94
1503002,Faro (PA),38 anos,93
1503002,Faro (PA),39 anos,83
1503002,Faro (PA),40 anos,89
1503002,Faro (PA),41 anos,60
1503002,Faro (PA),42 anos,64
1503002,Faro (PA),43 anos,75
1503002,Faro (PA),44 anos,51
1503002,Faro (PA),45 anos,84
1503002,Faro (PA),46 anos,74
1503002,Faro (PA),47 anos,74
1503002,Faro (PA),48 anos,54
1503002,Faro (PA),49 anos,53
1503002,Faro (PA),50 anos,80
1503002,Faro (PA),51 anos,39
1503002,Faro (PA),52 anos,47
1503002,Faro (PA),53 anos,52
1503002,Faro (PA),54 anos,63
1503002,Faro (PA),55 anos,57
1503002,Faro (PA),56 anos,42
1503002,Faro (PA),57 anos,55
1503002,Faro (PA),58 anos,36
1503002,Faro (PA),59 anos,47
1503002,Faro (PA),60 anos,47
1503002,Faro (PA),61 anos,38
1503002,Faro (PA),62 anos,29
1503002,Faro (PA),63 anos,30
1503002,Faro (PA),64 anos,26
1503002,Faro (PA),65 anos,34
1503002,Faro (PA),66 anos,32
1503002,Faro (PA),67 anos,44
1503002,Faro (PA),68 anos,19
1503002,Faro (PA),69 anos,24
1503002,Faro (PA),70 anos,30
1503002,Faro (PA),71 anos,24
1503002,Faro (PA),72 anos,24
1503002,Faro (PA),73 anos,15
1503002,Faro (PA),74 anos,26
1503002,Faro (PA),75 anos,17
1503002,Faro (PA),76 anos,16
1503002,Faro (PA),77 anos,11
1503002,Faro (PA),78 anos,16
1503002,Faro (PA),79 anos,14
1503002,Faro (PA),80 anos,14
1503002,Faro (PA),81 anos,6
1503002,Faro (PA),82 anos,6
1503002,Faro (PA),83 anos,11
1503002,Faro (PA),84 anos,5
1503002,Faro (PA),85 anos,6
1503002,Faro (PA),86 anos,4
1503002,Faro (PA),87 anos,6
1503002,Faro (PA),88 anos,6
1503002,Faro (PA),89 anos,2
1503002,Faro (PA),90 anos,2
1503002,Faro (PA),91 anos,2
1503002,Faro (PA),92 anos,1
1503002,Faro (PA),93 anos,2
1503002,Faro (PA),94 anos,3
1503002,Faro (PA),95 anos,3
1503002,Faro (PA),96 anos,-
1503002,Faro (PA),97 anos,-
1503002,Faro (PA),98 anos,-
1503002,Faro (PA),99 anos,1
1503002,Faro (PA),100 anos ou mais,1
1503044,Floresta do Araguaia (PA),Total,17768
1503044,Floresta do Araguaia (PA),Menos de 1 ano,376
1503044,Floresta do Araguaia (PA),Menos de 1 mês,29
1503044,Floresta do Araguaia (PA),1 mês,32
1503044,Floresta do Araguaia (PA),2 meses,28
1503044,Floresta do Araguaia (PA),3 meses,23
1503044,Floresta do Araguaia (PA),4 meses,37
1503044,Floresta do Araguaia (PA),5 meses,20
1503044,Floresta do Araguaia (PA),6 meses,37
1503044,Floresta do Araguaia (PA),7 meses,34
1503044,Floresta do Araguaia (PA),8 meses,38
1503044,Floresta do Araguaia (PA),9 meses,25
1503044,Floresta do Araguaia (PA),10 meses,39
1503044,Floresta do Araguaia (PA),11 meses,34
1503044,Floresta do Araguaia (PA),1 ano,349
1503044,Floresta do Araguaia (PA),2 anos,330
1503044,Floresta do Araguaia (PA),3 anos,348
1503044,Floresta do Araguaia (PA),4 anos,383
1503044,Floresta do Araguaia (PA),5 anos,340
1503044,Floresta do Araguaia (PA),6 anos,372
1503044,Floresta do Araguaia (PA),7 anos,376
1503044,Floresta do Araguaia (PA),8 anos,414
1503044,Floresta do Araguaia (PA),9 anos,383
1503044,Floresta do Araguaia (PA),10 anos,418
1503044,Floresta do Araguaia (PA),11 anos,378
1503044,Floresta do Araguaia (PA),12 anos,425
1503044,Floresta do Araguaia (PA),13 anos,412
1503044,Floresta do Araguaia (PA),14 anos,398
1503044,Floresta do Araguaia (PA),15 anos,444
1503044,Floresta do Araguaia (PA),16 anos,385
1503044,Floresta do Araguaia (PA),17 anos,362
1503044,Floresta do Araguaia (PA),18 anos,377
1503044,Floresta do Araguaia (PA),19 anos,330
1503044,Floresta do Araguaia (PA),20 anos,344
1503044,Floresta do Araguaia (PA),21 anos,317
1503044,Floresta do Araguaia (PA),22 anos,310
1503044,Floresta do Araguaia (PA),23 anos,287
1503044,Floresta do Araguaia (PA),24 anos,325
1503044,Floresta do Araguaia (PA),25 anos,319
1503044,Floresta do Araguaia (PA),26 anos,277
1503044,Floresta do Araguaia (PA),27 anos,318
1503044,Floresta do Araguaia (PA),28 anos,304
1503044,Floresta do Araguaia (PA),29 anos,294
1503044,Floresta do Araguaia (PA),30 anos,334
1503044,Floresta do Araguaia (PA),31 anos,290
1503044,Floresta do Araguaia (PA),32 anos,300
1503044,Floresta do Araguaia (PA),33 anos,298
1503044,Floresta do Araguaia (PA),34 anos,290
1503044,Floresta do Araguaia (PA),35 anos,256
1503044,Floresta do Araguaia (PA),36 anos,256
1503044,Floresta do Araguaia (PA),37 anos,233
1503044,Floresta do Araguaia (PA),38 anos,236
1503044,Floresta do Araguaia (PA),39 anos,212
1503044,Floresta do Araguaia (PA),40 anos,239
1503044,Floresta do Araguaia (PA),41 anos,193
1503044,Floresta do Araguaia (PA),42 anos,204
1503044,Floresta do Araguaia (PA),43 anos,190
1503044,Floresta do Araguaia (PA),44 anos,197
1503044,Floresta do Araguaia (PA),45 anos,167
1503044,Floresta do Araguaia (PA),46 anos,198
1503044,Floresta do Araguaia (PA),47 anos,170
1503044,Floresta do Araguaia (PA),48 anos,158
1503044,Floresta do Araguaia (PA),49 anos,145
1503044,Floresta do Araguaia (PA),50 anos,171
1503044,Floresta do Araguaia (PA),51 anos,149
1503044,Floresta do Araguaia (PA),52 anos,150
1503044,Floresta do Araguaia (PA),53 anos,117
1503044,Floresta do Araguaia (PA),54 anos,143
1503044,Floresta do Araguaia (PA),55 anos,118
1503044,Floresta do Araguaia (PA),56 anos,111
1503044,Floresta do Araguaia (PA),57 anos,104
1503044,Floresta do Araguaia (PA),58 anos,101
1503044,Floresta do Araguaia (PA),59 anos,126
1503044,Floresta do Araguaia (PA),60 anos,107
1503044,Floresta do Araguaia (PA),61 anos,71
1503044,Floresta do Araguaia (PA),62 anos,92
1503044,Floresta do Araguaia (PA),63 anos,82
1503044,Floresta do Araguaia (PA),64 anos,69
1503044,Floresta do Araguaia (PA),65 anos,68
1503044,Floresta do Araguaia (PA),66 anos,61
1503044,Floresta do Araguaia (PA),67 anos,64
1503044,Floresta do Araguaia (PA),68 anos,67
1503044,Floresta do Araguaia (PA),69 anos,60
1503044,Floresta do Araguaia (PA),70 anos,67
1503044,Floresta do Araguaia (PA),71 anos,39
1503044,Floresta do Araguaia (PA),72 anos,37
1503044,Floresta do Araguaia (PA),73 anos,33
1503044,Floresta do Araguaia (PA),74 anos,40
1503044,Floresta do Araguaia (PA),75 anos,40
1503044,Floresta do Araguaia (PA),76 anos,30
1503044,Floresta do Araguaia (PA),77 anos,31
1503044,Floresta do Araguaia (PA),78 anos,20
1503044,Floresta do Araguaia (PA),79 anos,21
1503044,Floresta do Araguaia (PA),80 anos,36
1503044,Floresta do Araguaia (PA),81 anos,7
1503044,Floresta do Araguaia (PA),82 anos,9
1503044,Floresta do Araguaia (PA),83 anos,12
1503044,Floresta do Araguaia (PA),84 anos,10
1503044,Floresta do Araguaia (PA),85 anos,8
1503044,Floresta do Araguaia (PA),86 anos,8
1503044,Floresta do Araguaia (PA),87 anos,7
1503044,Floresta do Araguaia (PA),88 anos,3
1503044,Floresta do Araguaia (PA),89 anos,2
1503044,Floresta do Araguaia (PA),90 anos,4
1503044,Floresta do Araguaia (PA),91 anos,5
1503044,Floresta do Araguaia (PA),92 anos,3
1503044,Floresta do Araguaia (PA),93 anos,-
1503044,Floresta do Araguaia (PA),94 anos,1
1503044,Floresta do Araguaia (PA),95 anos,-
1503044,Floresta do Araguaia (PA),96 anos,-
1503044,Floresta do Araguaia (PA),97 anos,1
1503044,Floresta do Araguaia (PA),98 anos,-
1503044,Floresta do Araguaia (PA),99 anos,-
1503044,Floresta do Araguaia (PA),100 anos ou mais,2
1503077,Garrafão do Norte (PA),Total,25034
1503077,Garrafão do Norte (PA),Menos de 1 ano,495
1503077,Garrafão do Norte (PA),Menos de 1 mês,49
1503077,Garrafão do Norte (PA),1 mês,49
1503077,Garrafão do Norte (PA),2 meses,41
1503077,Garrafão do Norte (PA),3 meses,48
1503077,Garrafão do Norte (PA),4 meses,37
1503077,Garrafão do Norte (PA),5 meses,24
1503077,Garrafão do Norte (PA),6 meses,52
1503077,Garrafão do Norte (PA),7 meses,36
1503077,Garrafão do Norte (PA),8 meses,35
1503077,Garrafão do Norte (PA),9 meses,32
1503077,Garrafão do Norte (PA),10 meses,49
1503077,Garrafão do Norte (PA),11 meses,43
1503077,Garrafão do Norte (PA),1 ano,473
1503077,Garrafão do Norte (PA),2 anos,525
1503077,Garrafão do Norte (PA),3 anos,574
1503077,Garrafão do Norte (PA),4 anos,614
1503077,Garrafão do Norte (PA),5 anos,635
1503077,Garrafão do Norte (PA),6 anos,647
1503077,Garrafão do Norte (PA),7 anos,623
1503077,Garrafão do Norte (PA),8 anos,626
1503077,Garrafão do Norte (PA),9 anos,630
1503077,Garrafão do Norte (PA),10 anos,689
1503077,Garrafão do Norte (PA),11 anos,662
1503077,Garrafão do Norte (PA),12 anos,614
1503077,Garrafão do Norte (PA),13 anos,649
1503077,Garrafão do Norte (PA),14 anos,679
1503077,Garrafão do Norte (PA),15 anos,640
1503077,Garrafão do Norte (PA),16 anos,639
1503077,Garrafão do Norte (PA),17 anos,597
1503077,Garrafão do Norte (PA),18 anos,623
1503077,Garrafão do Norte (PA),19 anos,495
1503077,Garrafão do Norte (PA),20 anos,514
1503077,Garrafão do Norte (PA),21 anos,486
1503077,Garrafão do Norte (PA),22 anos,504
1503077,Garrafão do Norte (PA),23 anos,428
1503077,Garrafão do Norte (PA),24 anos,434
1503077,Garrafão do Norte (PA),25 anos,430
1503077,Garrafão do Norte (PA),26 anos,432
1503077,Garrafão do Norte (PA),27 anos,432
1503077,Garrafão do Norte (PA),28 anos,432
1503077,Garrafão do Norte (PA),29 anos,383
1503077,Garrafão do Norte (PA),30 anos,385
1503077,Garrafão do Norte (PA),31 anos,318
1503077,Garrafão do Norte (PA),32 anos,344
1503077,Garrafão do Norte (PA),33 anos,330
1503077,Garrafão do Norte (PA),34 anos,344
1503077,Garrafão do Norte (PA),35 anos,327
1503077,Garrafão do Norte (PA),36 anos,300
1503077,Garrafão do Norte (PA),37 anos,287
1503077,Garrafão do Norte (PA),38 anos,270
1503077,Garrafão do Norte (PA),39 anos,253
1503077,Garrafão do Norte (PA),40 anos,299
1503077,Garrafão do Norte (PA),41 anos,231
1503077,Garrafão do Norte (PA),42 anos,232
1503077,Garrafão do Norte (PA),43 anos,249
1503077,Garrafão do Norte (PA),44 anos,222
1503077,Garrafão do Norte (PA),45 anos,213
1503077,Garrafão do Norte (PA),46 anos,216
1503077,Garrafão do Norte (PA),47 anos,171
1503077,Garrafão do Norte (PA),48 anos,164
1503077,Garrafão do Norte (PA),49 anos,173
1503077,Garrafão do Norte (PA),50 anos,173
1503077,Garrafão do Norte (PA),51 anos,125
1503077,Garrafão do Norte (PA),52 anos,153
1503077,Garrafão do Norte (PA),53 anos,145
1503077,Garrafão do Norte (PA),54 anos,140
1503077,Garrafão do Norte (PA),55 anos,149
1503077,Garrafão do Norte (PA),56 anos,135
1503077,Garrafão do Norte (PA),57 anos,122
1503077,Garrafão do Norte (PA),58 anos,121
1503077,Garrafão do Norte (PA),59 anos,124
1503077,Garrafão do Norte (PA),60 anos,107
1503077,Garrafão do Norte (PA),61 anos,109
1503077,Garrafão do Norte (PA),62 anos,120
1503077,Garrafão do Norte (PA),63 anos,103
1503077,Garrafão do Norte (PA),64 anos,104
1503077,Garrafão do Norte (PA),65 anos,88
1503077,Garrafão do Norte (PA),66 anos,91
1503077,Garrafão do Norte (PA),67 anos,109
1503077,Garrafão do Norte (PA),68 anos,96
1503077,Garrafão do Norte (PA),69 anos,103
1503077,Garrafão do Norte (PA),70 anos,82
1503077,Garrafão do Norte (PA),71 anos,62
1503077,Garrafão do Norte (PA),72 anos,43
1503077,Garrafão do Norte (PA),73 anos,57
1503077,Garrafão do Norte (PA),74 anos,48
1503077,Garrafão do Norte (PA),75 anos,54
1503077,Garrafão do Norte (PA),76 anos,45
1503077,Garrafão do Norte (PA),77 anos,37
1503077,Garrafão do Norte (PA),78 anos,24
1503077,Garrafão do Norte (PA),79 anos,38
1503077,Garrafão do Norte (PA),80 anos,42
1503077,Garrafão do Norte (PA),81 anos,22
1503077,Garrafão do Norte (PA),82 anos,20
1503077,Garrafão do Norte (PA),83 anos,16
1503077,Garrafão do Norte (PA),84 anos,15
1503077,Garrafão do Norte (PA),85 anos,19
1503077,Garrafão do Norte (PA),86 anos,5
1503077,Garrafão do Norte (PA),87 anos,8
1503077,Garrafão do Norte (PA),88 anos,8
1503077,Garrafão do Norte (PA),89 anos,4
1503077,Garrafão do Norte (PA),90 anos,6
1503077,Garrafão do Norte (PA),91 anos,4
1503077,Garrafão do Norte (PA),92 anos,6
1503077,Garrafão do Norte (PA),93 anos,5
1503077,Garrafão do Norte (PA),94 anos,5
1503077,Garrafão do Norte (PA),95 anos,4
1503077,Garrafão do Norte (PA),96 anos,1
1503077,Garrafão do Norte (PA),97 anos,2
1503077,Garrafão do Norte (PA),98 anos,1
1503077,Garrafão do Norte (PA),99 anos,-
1503077,Garrafão do Norte (PA),100 anos ou mais,2
1503093,Goianésia do Pará (PA),Total,30436
1503093,Goianésia do Pará (PA),Menos de 1 ano,636
1503093,Goianésia do Pará (PA),Menos de 1 mês,59
1503093,Goianésia do Pará (PA),1 mês,54
1503093,Goianésia do Pará (PA),2 meses,45
1503093,Goianésia do Pará (PA),3 meses,50
1503093,Goianésia do Pará (PA),4 meses,45
1503093,Goianésia do Pará (PA),5 meses,46
1503093,Goianésia do Pará (PA),6 meses,47
1503093,Goianésia do Pará (PA),7 meses,58
1503093,Goianésia do Pará (PA),8 meses,51
1503093,Goianésia do Pará (PA),9 meses,56
1503093,Goianésia do Pará (PA),10 meses,64
1503093,Goianésia do Pará (PA),11 meses,61
1503093,Goianésia do Pará (PA),1 ano,602
1503093,Goianésia do Pará (PA),2 anos,635
1503093,Goianésia do Pará (PA),3 anos,716
1503093,Goianésia do Pará (PA),4 anos,690
1503093,Goianésia do Pará (PA),5 anos,655
1503093,Goianésia do Pará (PA),6 anos,589
1503093,Goianésia do Pará (PA),7 anos,668
1503093,Goianésia do Pará (PA),8 anos,633
1503093,Goianésia do Pará (PA),9 anos,688
1503093,Goianésia do Pará (PA),10 anos,737
1503093,Goianésia do Pará (PA),11 anos,693
1503093,Goianésia do Pará (PA),12 anos,709
1503093,Goianésia do Pará (PA),13 anos,672
1503093,Goianésia do Pará (PA),14 anos,692
1503093,Goianésia do Pará (PA),15 anos,646
1503093,Goianésia do Pará (PA),16 anos,615
1503093,Goianésia do Pará (PA),17 anos,657
1503093,Goianésia do Pará (PA),18 anos,672
1503093,Goianésia do Pará (PA),19 anos,627
1503093,Goianésia do Pará (PA),20 anos,622
1503093,Goianésia do Pará (PA),21 anos,592
1503093,Goianésia do Pará (PA),22 anos,640
1503093,Goianésia do Pará (PA),23 anos,679
1503093,Goianésia do Pará (PA),24 anos,612
1503093,Goianésia do Pará (PA),25 anos,660
1503093,Goianésia do Pará (PA),26 anos,586
1503093,Goianésia do Pará (PA),27 anos,603
1503093,Goianésia do Pará (PA),28 anos,610
1503093,Goianésia do Pará (PA),29 anos,564
1503093,Goianésia do Pará (PA),30 anos,639
1503093,Goianésia do Pará (PA),31 anos,538
1503093,Goianésia do Pará (PA),32 anos,549
1503093,Goianésia do Pará (PA),33 anos,477
1503093,Goianésia do Pará (PA),34 anos,438
1503093,Goianésia do Pará (PA),35 anos,446
1503093,Goianésia do Pará (PA),36 anos,338
1503093,Goianésia do Pará (PA),37 anos,398
1503093,Goianésia do Pará (PA),38 anos,395
1503093,Goianésia do Pará (PA),39 anos,342
1503093,Goianésia do Pará (PA),40 anos,404
1503093,Goianésia do Pará (PA),41 anos,327
1503093,Goianésia do Pará (PA),42 anos,297
1503093,Goianésia do Pará (PA),43 anos,303
1503093,Goianésia do Pará (PA),44 anos,259
1503093,Goianésia do Pará (PA),45 anos,357
1503093,Goianésia do Pará (PA),46 anos,268
1503093,Goianésia do Pará (PA),47 anos,254
1503093,Goianésia do Pará (PA),48 anos,230
1503093,Goianésia do Pará (PA),49 anos,228
1503093,Goianésia do Pará (PA),50 anos,266
1503093,Goianésia do Pará (PA),51 anos,213
1503093,Goianésia do Pará (PA),52 anos,209
1503093,Goianésia do Pará (PA),53 anos,188
1503093,Goianésia do Pará (PA),54 anos,195
1503093,Goianésia do Pará (PA),55 anos,229
1503093,Goianésia do Pará (PA),56 anos,193
1503093,Goianésia do Pará (PA),57 anos,156
1503093,Goianésia do Pará (PA),58 anos,162
1503093,Goianésia do Pará (PA),59 anos,144
1503093,Goianésia do Pará (PA),60 anos,145
1503093,Goianésia do Pará (PA),61 anos,103
1503093,Goianésia do Pará (PA),62 anos,123
1503093,Goianésia do Pará (PA),63 anos,91
1503093,Goianésia do Pará (PA),64 anos,108
1503093,Goianésia do Pará (PA),65 anos,122
1503093,Goianésia do Pará (PA),66 anos,93
1503093,Goianésia do Pará (PA),67 anos,81
1503093,Goianésia do Pará (PA),68 anos,60
1503093,Goianésia do Pará (PA),69 anos,51
1503093,Goianésia do Pará (PA),70 anos,97
1503093,Goianésia do Pará (PA),71 anos,63
1503093,Goianésia do Pará (PA),72 anos,55
1503093,Goianésia do Pará (PA),73 anos,46
1503093,Goianésia do Pará (PA),74 anos,66
1503093,Goianésia do Pará (PA),75 anos,49
1503093,Goianésia do Pará (PA),76 anos,36
1503093,Goianésia do Pará (PA),77 anos,25
1503093,Goianésia do Pará (PA),78 anos,20
1503093,Goianésia do Pará (PA),79 anos,29
1503093,Goianésia do Pará (PA),80 anos,33
1503093,Goianésia do Pará (PA),81 anos,12
1503093,Goianésia do Pará (PA),82 anos,20
1503093,Goianésia do Pará (PA),83 anos,9
1503093,Goianésia do Pará (PA),84 anos,11
1503093,Goianésia do Pará (PA),85 anos,8
1503093,Goianésia do Pará (PA),86 anos,6
1503093,Goianésia do Pará (PA),87 anos,6
1503093,Goianésia do Pará (PA),88 anos,5
1503093,Goianésia do Pará (PA),89 anos,3
1503093,Goianésia do Pará (PA),90 anos,6
1503093,Goianésia do Pará (PA),91 anos,-
1503093,Goianésia do Pará (PA),92 anos,1
1503093,Goianésia do Pará (PA),93 anos,-
1503093,Goianésia do Pará (PA),94 anos,2
1503093,Goianésia do Pará (PA),95 anos,4
1503093,Goianésia do Pará (PA),96 anos,2
1503093,Goianésia do Pará (PA),97 anos,1
1503093,Goianésia do Pará (PA),98 anos,-
1503093,Goianésia do Pará (PA),99 anos,-
1503093,Goianésia do Pará (PA),100 anos ou mais,2
1503101,Gurupá (PA),Total,29062
1503101,Gurupá (PA),Menos de 1 ano,717
1503101,Gurupá (PA),Menos de 1 mês,42
1503101,Gurupá (PA),1 mês,52
1503101,Gurupá (PA),2 meses,58
1503101,Gurupá (PA),3 meses,43
1503101,Gurupá (PA),4 meses,56
1503101,Gurupá (PA),5 meses,37
1503101,Gurupá (PA),6 meses,63
1503101,Gurupá (PA),7 meses,83
1503101,Gurupá (PA),8 meses,72
1503101,Gurupá (PA),9 meses,84
1503101,Gurupá (PA),10 meses,61
1503101,Gurupá (PA),11 meses,66
1503101,Gurupá (PA),1 ano,712
1503101,Gurupá (PA),2 anos,775
1503101,Gurupá (PA),3 anos,861
1503101,Gurupá (PA),4 anos,748
1503101,Gurupá (PA),5 anos,850
1503101,Gurupá (PA),6 anos,804
1503101,Gurupá (PA),7 anos,817
1503101,Gurupá (PA),8 anos,794
1503101,Gurupá (PA),9 anos,748
1503101,Gurupá (PA),10 anos,856
1503101,Gurupá (PA),11 anos,749
1503101,Gurupá (PA),12 anos,847
1503101,Gurupá (PA),13 anos,784
1503101,Gurupá (PA),14 anos,781
1503101,Gurupá (PA),15 anos,762
1503101,Gurupá (PA),16 anos,739
1503101,Gurupá (PA),17 anos,632
1503101,Gurupá (PA),18 anos,622
1503101,Gurupá (PA),19 anos,571
1503101,Gurupá (PA),20 anos,617
1503101,Gurupá (PA),21 anos,523
1503101,Gurupá (PA),22 anos,622
1503101,Gurupá (PA),23 anos,547
1503101,Gurupá (PA),24 anos,533
1503101,Gurupá (PA),25 anos,536
1503101,Gurupá (PA),26 anos,443
1503101,Gurupá (PA),27 anos,462
1503101,Gurupá (PA),28 anos,436
1503101,Gurupá (PA),29 anos,394
1503101,Gurupá (PA),30 anos,476
1503101,Gurupá (PA),31 anos,352
1503101,Gurupá (PA),32 anos,359
1503101,Gurupá (PA),33 anos,371
1503101,Gurupá (PA),34 anos,321
1503101,Gurupá (PA),35 anos,352
1503101,Gurupá (PA),36 anos,313
1503101,Gurupá (PA),37 anos,326
1503101,Gurupá (PA),38 anos,316
1503101,Gurupá (PA),39 anos,283
1503101,Gurupá (PA),40 anos,290
1503101,Gurupá (PA),41 anos,228
1503101,Gurupá (PA),42 anos,262
1503101,Gurupá (PA),43 anos,196
1503101,Gurupá (PA),44 anos,212
1503101,Gurupá (PA),45 anos,236
1503101,Gurupá (PA),46 anos,178
1503101,Gurupá (PA),47 anos,183
1503101,Gurupá (PA),48 anos,200
1503101,Gurupá (PA),49 anos,193
1503101,Gurupá (PA),50 anos,192
1503101,Gurupá (PA),51 anos,133
1503101,Gurupá (PA),52 anos,151
1503101,Gurupá (PA),53 anos,139
1503101,Gurupá (PA),54 anos,170
1503101,Gurupá (PA),55 anos,153
1503101,Gurupá (PA),56 anos,138
1503101,Gurupá (PA),57 anos,112
1503101,Gurupá (PA),58 anos,105
1503101,Gurupá (PA),59 anos,108
1503101,Gurupá (PA),60 anos,135
1503101,Gurupá (PA),61 anos,105
1503101,Gurupá (PA),62 anos,108
1503101,Gurupá (PA),63 anos,113
1503101,Gurupá (PA),64 anos,82
1503101,Gurupá (PA),65 anos,105
1503101,Gurupá (PA),66 anos,110
1503101,Gurupá (PA),67 anos,99
1503101,Gurupá (PA),68 anos,87
1503101,Gurupá (PA),69 anos,79
1503101,Gurupá (PA),70 anos,74
1503101,Gurupá (PA),71 anos,47
1503101,Gurupá (PA),72 anos,54
1503101,Gurupá (PA),73 anos,50
1503101,Gurupá (PA),74 anos,59
1503101,Gurupá (PA),75 anos,61
1503101,Gurupá (PA),76 anos,41
1503101,Gurupá (PA),77 anos,34
1503101,Gurupá (PA),78 anos,38
1503101,Gurupá (PA),79 anos,35
1503101,Gurupá (PA),80 anos,34
1503101,Gurupá (PA),81 anos,17
1503101,Gurupá (PA),82 anos,22
1503101,Gurupá (PA),83 anos,16
1503101,Gurupá (PA),84 anos,18
1503101,Gurupá (PA),85 anos,16
1503101,Gurupá (PA),86 anos,14
1503101,Gurupá (PA),87 anos,14
1503101,Gurupá (PA),88 anos,7
1503101,Gurupá (PA),89 anos,14
1503101,Gurupá (PA),90 anos,8
1503101,Gurupá (PA),91 anos,4
1503101,Gurupá (PA),92 anos,4
1503101,Gurupá (PA),93 anos,7
1503101,Gurupá (PA),94 anos,4
1503101,Gurupá (PA),95 anos,3
1503101,Gurupá (PA),96 anos,2
1503101,Gurupá (PA),97 anos,3
1503101,Gurupá (PA),98 anos,2
1503101,Gurupá (PA),99 anos,1
1503101,Gurupá (PA),100 anos ou mais,6
1503200,Igarapé-Açu (PA),Total,35887
1503200,Igarapé-Açu (PA),Menos de 1 ano,590
1503200,Igarapé-Açu (PA),Menos de 1 mês,47
1503200,Igarapé-Açu (PA),1 mês,52
1503200,Igarapé-Açu (PA),2 meses,52
1503200,Igarapé-Açu (PA),3 meses,33
1503200,Igarapé-Açu (PA),4 meses,42
1503200,Igarapé-Açu (PA),5 meses,46
1503200,Igarapé-Açu (PA),6 meses,58
1503200,Igarapé-Açu (PA),7 meses,66
1503200,Igarapé-Açu (PA),8 meses,41
1503200,Igarapé-Açu (PA),9 meses,56
1503200,Igarapé-Açu (PA),10 meses,64
1503200,Igarapé-Açu (PA),11 meses,33
1503200,Igarapé-Açu (PA),1 ano,601
1503200,Igarapé-Açu (PA),2 anos,668
1503200,Igarapé-Açu (PA),3 anos,668
1503200,Igarapé-Açu (PA),4 anos,622
1503200,Igarapé-Açu (PA),5 anos,644
1503200,Igarapé-Açu (PA),6 anos,687
1503200,Igarapé-Açu (PA),7 anos,736
1503200,Igarapé-Açu (PA),8 anos,756
1503200,Igarapé-Açu (PA),9 anos,787
1503200,Igarapé-Açu (PA),10 anos,823
1503200,Igarapé-Açu (PA),11 anos,743
1503200,Igarapé-Açu (PA),12 anos,761
1503200,Igarapé-Açu (PA),13 anos,855
1503200,Igarapé-Açu (PA),14 anos,846
1503200,Igarapé-Açu (PA),15 anos,830
1503200,Igarapé-Açu (PA),16 anos,857
1503200,Igarapé-Açu (PA),17 anos,808
1503200,Igarapé-Açu (PA),18 anos,817
1503200,Igarapé-Açu (PA),19 anos,732
1503200,Igarapé-Açu (PA),20 anos,754
1503200,Igarapé-Açu (PA),21 anos,733
1503200,Igarapé-Açu (PA),22 anos,700
1503200,Igarapé-Açu (PA),23 anos,623
1503200,Igarapé-Açu (PA),24 anos,669
1503200,Igarapé-Açu (PA),25 anos,684
1503200,Igarapé-Açu (PA),26 anos,653
1503200,Igarapé-Açu (PA),27 anos,654
1503200,Igarapé-Açu (PA),28 anos,654
1503200,Igarapé-Açu (PA),29 anos,582
1503200,Igarapé-Açu (PA),30 anos,562
1503200,Igarapé-Açu (PA),31 anos,521
1503200,Igarapé-Açu (PA),32 anos,492
1503200,Igarapé-Açu (PA),33 anos,495
1503200,Igarapé-Açu (PA),34 anos,507
1503200,Igarapé-Açu (PA),35 anos,481
1503200,Igarapé-Açu (PA),36 anos,473
1503200,Igarapé-Açu (PA),37 anos,434
1503200,Igarapé-Açu (PA),38 anos,448
1503200,Igarapé-Açu (PA),39 anos,438
1503200,Igarapé-Açu (PA),40 anos,486
1503200,Igarapé-Açu (PA),41 anos,395
1503200,Igarapé-Açu (PA),42 anos,390
1503200,Igarapé-Açu (PA),43 anos,365
1503200,Igarapé-Açu (PA),44 anos,371
1503200,Igarapé-Açu (PA),45 anos,353
1503200,Igarapé-Açu (PA),46 anos,352
1503200,Igarapé-Açu (PA),47 anos,321
1503200,Igarapé-Açu (PA),48 anos,304
1503200,Igarapé-Açu (PA),49 anos,308
1503200,Igarapé-Açu (PA),50 anos,326
1503200,Igarapé-Açu (PA),51 anos,256
1503200,Igarapé-Açu (PA),52 anos,321
1503200,Igarapé-Açu (PA),53 anos,220
1503200,Igarapé-Açu (PA),54 anos,268
1503200,Igarapé-Açu (PA),55 anos,228
1503200,Igarapé-Açu (PA),56 anos,290
1503200,Igarapé-Açu (PA),57 anos,228
1503200,Igarapé-Açu (PA),58 anos,242
1503200,Igarapé-Açu (PA),59 anos,242
1503200,Igarapé-Açu (PA),60 anos,225
1503200,Igarapé-Açu (PA),61 anos,218
1503200,Igarapé-Açu (PA),62 anos,185
1503200,Igarapé-Açu (PA),63 anos,164
1503200,Igarapé-Açu (PA),64 anos,159
1503200,Igarapé-Açu (PA),65 anos,180
1503200,Igarapé-Açu (PA),66 anos,194
1503200,Igarapé-Açu (PA),67 anos,152
1503200,Igarapé-Açu (PA),68 anos,163
1503200,Igarapé-Açu (PA),69 anos,140
1503200,Igarapé-Açu (PA),70 anos,164
1503200,Igarapé-Açu (PA),71 anos,116
1503200,Igarapé-Açu (PA),72 anos,114
1503200,Igarapé-Açu (PA),73 anos,102
1503200,Igarapé-Açu (PA),74 anos,104
1503200,Igarapé-Açu (PA),75 anos,91
1503200,Igarapé-Açu (PA),76 anos,100
1503200,Igarapé-Açu (PA),77 anos,80
1503200,Igarapé-Açu (PA),78 anos,77
1503200,Igarapé-Açu (PA),79 anos,62
1503200,Igarapé-Açu (PA),80 anos,63
1503200,Igarapé-Açu (PA),81 anos,36
1503200,Igarapé-Açu (PA),82 anos,50
1503200,Igarapé-Açu (PA),83 anos,52
1503200,Igarapé-Açu (PA),84 anos,40
1503200,Igarapé-Açu (PA),85 anos,20
1503200,Igarapé-Açu (PA),86 anos,28
1503200,Igarapé-Açu (PA),87 anos,20
1503200,Igarapé-Açu (PA),88 anos,18
1503200,Igarapé-Açu (PA),89 anos,9
1503200,Igarapé-Açu (PA),90 anos,15
1503200,Igarapé-Açu (PA),91 anos,12
1503200,Igarapé-Açu (PA),92 anos,20
1503200,Igarapé-Açu (PA),93 anos,16
1503200,Igarapé-Açu (PA),94 anos,11
1503200,Igarapé-Açu (PA),95 anos,7
1503200,Igarapé-Açu (PA),96 anos,8
1503200,Igarapé-Açu (PA),97 anos,6
1503200,Igarapé-Açu (PA),98 anos,3
1503200,Igarapé-Açu (PA),99 anos,3
1503200,Igarapé-Açu (PA),100 anos ou mais,6
1503309,Igarapé-Miri (PA),Total,58077
1503309,Igarapé-Miri (PA),Menos de 1 ano,1238
1503309,Igarapé-Miri (PA),Menos de 1 mês,91
1503309,Igarapé-Miri (PA),1 mês,90
1503309,Igarapé-Miri (PA),2 meses,102
1503309,Igarapé-Miri (PA),3 meses,93
1503309,Igarapé-Miri (PA),4 meses,104
1503309,Igarapé-Miri (PA),5 meses,91
1503309,Igarapé-Miri (PA),6 meses,123
1503309,Igarapé-Miri (PA),7 meses,108
1503309,Igarapé-Miri (PA),8 meses,96
1503309,Igarapé-Miri (PA),9 meses,113
1503309,Igarapé-Miri (PA),10 meses,115
1503309,Igarapé-Miri (PA),11 meses,112
1503309,Igarapé-Miri (PA),1 ano,1263
1503309,Igarapé-Miri (PA),2 anos,1386
1503309,Igarapé-Miri (PA),3 anos,1294
1503309,Igarapé-Miri (PA),4 anos,1373
1503309,Igarapé-Miri (PA),5 anos,1286
1503309,Igarapé-Miri (PA),6 anos,1261
1503309,Igarapé-Miri (PA),7 anos,1291
1503309,Igarapé-Miri (PA),8 anos,1266
1503309,Igarapé-Miri (PA),9 anos,1241
1503309,Igarapé-Miri (PA),10 anos,1455
1503309,Igarapé-Miri (PA),11 anos,1263
1503309,Igarapé-Miri (PA),12 anos,1294
1503309,Igarapé-Miri (PA),13 anos,1372
1503309,Igarapé-Miri (PA),14 anos,1363
1503309,Igarapé-Miri (PA),15 anos,1424
1503309,Igarapé-Miri (PA),16 anos,1461
1503309,Igarapé-Miri (PA),17 anos,1363
1503309,Igarapé-Miri (PA),18 anos,1297
1503309,Igarapé-Miri (PA),19 anos,1228
1503309,Igarapé-Miri (PA),20 anos,1278
1503309,Igarapé-Miri (PA),21 anos,1178
1503309,Igarapé-Miri (PA),22 anos,1255
1503309,Igarapé-Miri (PA),23 anos,1152
1503309,Igarapé-Miri (PA),24 anos,1167
1503309,Igarapé-Miri (PA),25 anos,1049
1503309,Igarapé-Miri (PA),26 anos,1011
1503309,Igarapé-Miri (PA),27 anos,1010
1503309,Igarapé-Miri (PA),28 anos,1011
1503309,Igarapé-Miri (PA),29 anos,1003
1503309,Igarapé-Miri (PA),30 anos,967
1503309,Igarapé-Miri (PA),31 anos,800
1503309,Igarapé-Miri (PA),32 anos,884
1503309,Igarapé-Miri (PA),33 anos,856
1503309,Igarapé-Miri (PA),34 anos,829
1503309,Igarapé-Miri (PA),35 anos,768
1503309,Igarapé-Miri (PA),36 anos,719
1503309,Igarapé-Miri (PA),37 anos,646
1503309,Igarapé-Miri (PA),38 anos,619
1503309,Igarapé-Miri (PA),39 anos,601
1503309,Igarapé-Miri (PA),40 anos,673
1503309,Igarapé-Miri (PA),41 anos,516
1503309,Igarapé-Miri (PA),42 anos,581
1503309,Igarapé-Miri (PA),43 anos,498
1503309,Igarapé-Miri (PA),44 anos,516
1503309,Igarapé-Miri (PA),45 anos,483
1503309,Igarapé-Miri (PA),46 anos,497
1503309,Igarapé-Miri (PA),47 anos,413
1503309,Igarapé-Miri (PA),48 anos,391
1503309,Igarapé-Miri (PA),49 anos,441
1503309,Igarapé-Miri (PA),50 anos,452
1503309,Igarapé-Miri (PA),51 anos,381
1503309,Igarapé-Miri (PA),52 anos,370
1503309,Igarapé-Miri (PA),53 anos,403
1503309,Igarapé-Miri (PA),54 anos,358
1503309,Igarapé-Miri (PA),55 anos,365
1503309,Igarapé-Miri (PA),56 anos,347
1503309,Igarapé-Miri (PA),57 anos,321
1503309,Igarapé-Miri (PA),58 anos,321
1503309,Igarapé-Miri (PA),59 anos,292
1503309,Igarapé-Miri (PA),60 anos,323
1503309,Igarapé-Miri (PA),61 anos,232
1503309,Igarapé-Miri (PA),62 anos,276
1503309,Igarapé-Miri (PA),63 anos,205
1503309,Igarapé-Miri (PA),64 anos,187
1503309,Igarapé-Miri (PA),65 anos,253
1503309,Igarapé-Miri (PA),66 anos,253
1503309,Igarapé-Miri (PA),67 anos,209
1503309,Igarapé-Miri (PA),68 anos,163
1503309,Igarapé-Miri (PA),69 anos,174
1503309,Igarapé-Miri (PA),70 anos,208
1503309,Igarapé-Miri (PA),71 anos,130
1503309,Igarapé-Miri (PA),72 anos,147
1503309,Igarapé-Miri (PA),73 anos,129
1503309,Igarapé-Miri (PA),74 anos,126
1503309,Igarapé-Miri (PA),75 anos,123
1503309,Igarapé-Miri (PA),76 anos,123
1503309,Igarapé-Miri (PA),77 anos,102
1503309,Igarapé-Miri (PA),78 anos,107
1503309,Igarapé-Miri (PA),79 anos,76
1503309,Igarapé-Miri (PA),80 anos,101
1503309,Igarapé-Miri (PA),81 anos,53
1503309,Igarapé-Miri (PA),82 anos,35
1503309,Igarapé-Miri (PA),83 anos,53
1503309,Igarapé-Miri (PA),84 anos,52
1503309,Igarapé-Miri (PA),85 anos,42
1503309,Igarapé-Miri (PA),86 anos,33
1503309,Igarapé-Miri (PA),87 anos,30
1503309,Igarapé-Miri (PA),88 anos,35
1503309,Igarapé-Miri (PA),89 anos,29
1503309,Igarapé-Miri (PA),90 anos,37
1503309,Igarapé-Miri (PA),91 anos,23
1503309,Igarapé-Miri (PA),92 anos,26
1503309,Igarapé-Miri (PA),93 anos,28
1503309,Igarapé-Miri (PA),94 anos,30
1503309,Igarapé-Miri (PA),95 anos,16
1503309,Igarapé-Miri (PA),96 anos,18
1503309,Igarapé-Miri (PA),97 anos,14
1503309,Igarapé-Miri (PA),98 anos,11
1503309,Igarapé-Miri (PA),99 anos,8
1503309,Igarapé-Miri (PA),100 anos ou mais,16
1503408,Inhangapi (PA),Total,10037
1503408,Inhangapi (PA),Menos de 1 ano,182
1503408,Inhangapi (PA),Menos de 1 mês,16
1503408,Inhangapi (PA),1 mês,12
1503408,Inhangapi (PA),2 meses,18
1503408,Inhangapi (PA),3 meses,8
1503408,Inhangapi (PA),4 meses,18
1503408,Inhangapi (PA),5 meses,12
1503408,Inhangapi (PA),6 meses,12
1503408,Inhangapi (PA),7 meses,15
1503408,Inhangapi (PA),8 meses,20
1503408,Inhangapi (PA),9 meses,14
1503408,Inhangapi (PA),10 meses,17
1503408,Inhangapi (PA),11 meses,20
1503408,Inhangapi (PA),1 ano,201
1503408,Inhangapi (PA),2 anos,195
1503408,Inhangapi (PA),3 anos,189
1503408,Inhangapi (PA),4 anos,180
1503408,Inhangapi (PA),5 anos,212
1503408,Inhangapi (PA),6 anos,218
1503408,Inhangapi (PA),7 anos,218
1503408,Inhangapi (PA),8 anos,189
1503408,Inhangapi (PA),9 anos,224
1503408,Inhangapi (PA),10 anos,234
1503408,Inhangapi (PA),11 anos,229
1503408,Inhangapi (PA),12 anos,227
1503408,Inhangapi (PA),13 anos,220
1503408,Inhangapi (PA),14 anos,246
1503408,Inhangapi (PA),15 anos,205
1503408,Inhangapi (PA),16 anos,247
1503408,Inhangapi (PA),17 anos,233
1503408,Inhangapi (PA),18 anos,231
1503408,Inhangapi (PA),19 anos,200
1503408,Inhangapi (PA),20 anos,220
1503408,Inhangapi (PA),21 anos,204
1503408,Inhangapi (PA),22 anos,220
1503408,Inhangapi (PA),23 anos,199
1503408,Inhangapi (PA),24 anos,193
1503408,Inhangapi (PA),25 anos,179
1503408,Inhangapi (PA),26 anos,172
1503408,Inhangapi (PA),27 anos,150
1503408,Inhangapi (PA),28 anos,176
1503408,Inhangapi (PA),29 anos,158
1503408,Inhangapi (PA),30 anos,168
1503408,Inhangapi (PA),31 anos,124
1503408,Inhangapi (PA),32 anos,132
1503408,Inhangapi (PA),33 anos,126
1503408,Inhangapi (PA),34 anos,157
1503408,Inhangapi (PA),35 anos,138
1503408,Inhangapi (PA),36 anos,117
1503408,Inhangapi (PA),37 anos,127
1503408,Inhangapi (PA),38 anos,121
1503408,Inhangapi (PA),39 anos,106
1503408,Inhangapi (PA),40 anos,132
1503408,Inhangapi (PA),41 anos,116
1503408,Inhangapi (PA),42 anos,108
1503408,Inhangapi (PA),43 anos,101
1503408,Inhangapi (PA),44 anos,109
1503408,Inhangapi (PA),45 anos,116
1503408,Inhangapi (PA),46 anos,88
1503408,Inhangapi (PA),47 anos,76
1503408,Inhangapi (PA),48 anos,88
1503408,Inhangapi (PA),49 anos,92
1503408,Inhangapi (PA),50 anos,68
1503408,Inhangapi (PA),51 anos,80
1503408,Inhangapi (PA),52 anos,82
1503408,Inhangapi (PA),53 anos,75
1503408,Inhangapi (PA),54 anos,74
1503408,Inhangapi (PA),55 anos,75
1503408,Inhangapi (PA),56 anos,71
1503408,Inhangapi (PA),57 anos,64
1503408,Inhangapi (PA),58 anos,68
1503408,Inhangapi (PA),59 anos,51
1503408,Inhangapi (PA),60 anos,62
1503408,Inhangapi (PA),61 anos,49
1503408,Inhangapi (PA),62 anos,41
1503408,Inhangapi (PA),63 anos,54
1503408,Inhangapi (PA),64 anos,52
1503408,Inhangapi (PA),65 anos,43
1503408,Inhangapi (PA),66 anos,54
1503408,Inhangapi (PA),67 anos,43
1503408,Inhangapi (PA),68 anos,36
1503408,Inhangapi (PA),69 anos,40
1503408,Inhangapi (PA),70 anos,37
1503408,Inhangapi (PA),71 anos,32
1503408,Inhangapi (PA),72 anos,25
1503408,Inhangapi (PA),73 anos,30
1503408,Inhangapi (PA),74 anos,25
1503408,Inhangapi (PA),75 anos,23
1503408,Inhangapi (PA),76 anos,8
1503408,Inhangapi (PA),77 anos,18
1503408,Inhangapi (PA),78 anos,24
1503408,Inhangapi (PA),79 anos,20
1503408,Inhangapi (PA),80 anos,21
1503408,Inhangapi (PA),81 anos,14
1503408,Inhangapi (PA),82 anos,9
1503408,Inhangapi (PA),83 anos,18
1503408,Inhangapi (PA),84 anos,11
1503408,Inhangapi (PA),85 anos,12
1503408,Inhangapi (PA),86 anos,7
1503408,Inhangapi (PA),87 anos,5
1503408,Inhangapi (PA),88 anos,3
1503408,Inhangapi (PA),89 anos,4
1503408,Inhangapi (PA),90 anos,2
1503408,Inhangapi (PA),91 anos,3
1503408,Inhangapi (PA),92 anos,2
1503408,Inhangapi (PA),93 anos,1
1503408,Inhangapi (PA),94 anos,2
1503408,Inhangapi (PA),95 anos,-
1503408,Inhangapi (PA),96 anos,2
1503408,Inhangapi (PA),97 anos,-
1503408,Inhangapi (PA),98 anos,2
1503408,Inhangapi (PA),99 anos,1
1503408,Inhangapi (PA),100 anos ou mais,1
1503457,Ipixuna do Pará (PA),Total,51309
1503457,Ipixuna do Pará (PA),Menos de 1 ano,1040
1503457,Ipixuna do Pará (PA),Menos de 1 mês,62
1503457,Ipixuna do Pará (PA),1 mês,47
1503457,Ipixuna do Pará (PA),2 meses,70
1503457,Ipixuna do Pará (PA),3 meses,72
1503457,Ipixuna do Pará (PA),4 meses,85
1503457,Ipixuna do Pará (PA),5 meses,73
1503457,Ipixuna do Pará (PA),6 meses,193
1503457,Ipixuna do Pará (PA),7 meses,85
1503457,Ipixuna do Pará (PA),8 meses,72
1503457,Ipixuna do Pará (PA),9 meses,98
1503457,Ipixuna do Pará (PA),10 meses,100
1503457,Ipixuna do Pará (PA),11 meses,83
1503457,Ipixuna do Pará (PA),1 ano,961
1503457,Ipixuna do Pará (PA),2 anos,1068
1503457,Ipixuna do Pará (PA),3 anos,1038
1503457,Ipixuna do Pará (PA),4 anos,1159
1503457,Ipixuna do Pará (PA),5 anos,1192
1503457,Ipixuna do Pará (PA),6 anos,1139
1503457,Ipixuna do Pará (PA),7 anos,1169
1503457,Ipixuna do Pará (PA),8 anos,1180
1503457,Ipixuna do Pará (PA),9 anos,1434
1503457,Ipixuna do Pará (PA),10 anos,1622
1503457,Ipixuna do Pará (PA),11 anos,1413
1503457,Ipixuna do Pará (PA),12 anos,1220
1503457,Ipixuna do Pará (PA),13 anos,1076
1503457,Ipixuna do Pará (PA),14 anos,1246
1503457,Ipixuna do Pará (PA),15 anos,1178
1503457,Ipixuna do Pará (PA),16 anos,865
1503457,Ipixuna do Pará (PA),17 anos,1068
1503457,Ipixuna do Pará (PA),18 anos,1095
1503457,Ipixuna do Pará (PA),19 anos,1135
1503457,Ipixuna do Pará (PA),20 anos,1326
1503457,Ipixuna do Pará (PA),21 anos,1015
1503457,Ipixuna do Pará (PA),22 anos,1112
1503457,Ipixuna do Pará (PA),23 anos,1089
1503457,Ipixuna do Pará (PA),24 anos,1237
1503457,Ipixuna do Pará (PA),25 anos,1274
1503457,Ipixuna do Pará (PA),26 anos,819
1503457,Ipixuna do Pará (PA),27 anos,982
1503457,Ipixuna do Pará (PA),28 anos,950
1503457,Ipixuna do Pará (PA),29 anos,1098
1503457,Ipixuna do Pará (PA),30 anos,1558
1503457,Ipixuna do Pará (PA),31 anos,821
1503457,Ipixuna do Pará (PA),32 anos,763
1503457,Ipixuna do Pará (PA),33 anos,617
1503457,Ipixuna do Pará (PA),34 anos,727
1503457,Ipixuna do Pará (PA),35 anos,834
1503457,Ipixuna do Pará (PA),36 anos,535
1503457,Ipixuna do Pará (PA),37 anos,595
1503457,Ipixuna do Pará (PA),38 anos,643
1503457,Ipixuna do Pará (PA),39 anos,732
1503457,Ipixuna do Pará (PA),40 anos,931
1503457,Ipixuna do Pará (PA),41 anos,495
1503457,Ipixuna do Pará (PA),42 anos,533
1503457,Ipixuna do Pará (PA),43 anos,326
1503457,Ipixuna do Pará (PA),44 anos,390
1503457,Ipixuna do Pará (PA),45 anos,440
1503457,Ipixuna do Pará (PA),46 anos,333
1503457,Ipixuna do Pará (PA),47 anos,309
1503457,Ipixuna do Pará (PA),48 anos,285
1503457,Ipixuna do Pará (PA),49 anos,365
1503457,Ipixuna do Pará (PA),50 anos,471
1503457,Ipixuna do Pará (PA),51 anos,214
1503457,Ipixuna do Pará (PA),52 anos,231
1503457,Ipixuna do Pará (PA),53 anos,236
1503457,Ipixuna do Pará (PA),54 anos,252
1503457,Ipixuna do Pará (PA),55 anos,259
1503457,Ipixuna do Pará (PA),56 anos,247
1503457,Ipixuna do Pará (PA),57 anos,189
1503457,Ipixuna do Pará (PA),58 anos,197
1503457,Ipixuna do Pará (PA),59 anos,239
1503457,Ipixuna do Pará (PA),60 anos,301
1503457,Ipixuna do Pará (PA),61 anos,175
1503457,Ipixuna do Pará (PA),62 anos,137
1503457,Ipixuna do Pará (PA),63 anos,124
1503457,Ipixuna do Pará (PA),64 anos,188
1503457,Ipixuna do Pará (PA),65 anos,198
1503457,Ipixuna do Pará (PA),66 anos,110
1503457,Ipixuna do Pará (PA),67 anos,120
1503457,Ipixuna do Pará (PA),68 anos,105
1503457,Ipixuna do Pará (PA),69 anos,130
1503457,Ipixuna do Pará (PA),70 anos,195
1503457,Ipixuna do Pará (PA),71 anos,70
1503457,Ipixuna do Pará (PA),72 anos,59
1503457,Ipixuna do Pará (PA),73 anos,38
1503457,Ipixuna do Pará (PA),74 anos,44
1503457,Ipixuna do Pará (PA),75 anos,57
1503457,Ipixuna do Pará (PA),76 anos,31
1503457,Ipixuna do Pará (PA),77 anos,37
1503457,Ipixuna do Pará (PA),78 anos,34
1503457,Ipixuna do Pará (PA),79 anos,18
1503457,Ipixuna do Pará (PA),80 anos,49
1503457,Ipixuna do Pará (PA),81 anos,24
1503457,Ipixuna do Pará (PA),82 anos,12
1503457,Ipixuna do Pará (PA),83 anos,13
1503457,Ipixuna do Pará (PA),84 anos,12
1503457,Ipixuna do Pará (PA),85 anos,9
1503457,Ipixuna do Pará (PA),86 anos,14
1503457,Ipixuna do Pará (PA),87 anos,8
1503457,Ipixuna do Pará (PA),88 anos,3
1503457,Ipixuna do Pará (PA),89 anos,3
1503457,Ipixuna do Pará (PA),90 anos,9
1503457,Ipixuna do Pará (PA),91 anos,3
1503457,Ipixuna do Pará (PA),92 anos,2
1503457,Ipixuna do Pará (PA),93 anos,3
1503457,Ipixuna do Pará (PA),94 anos,1
1503457,Ipixuna do Pará (PA),95 anos,-
1503457,Ipixuna do Pará (PA),96 anos,-
1503457,Ipixuna do Pará (PA),97 anos,1
1503457,Ipixuna do Pará (PA),98 anos,-
1503457,Ipixuna do Pará (PA),99 anos,2
1503457,Ipixuna do Pará (PA),100 anos ou mais,3
1503507,Irituia (PA),Total,31364
1503507,Irituia (PA),Menos de 1 ano,597
1503507,Irituia (PA),Menos de 1 mês,45
1503507,Irituia (PA),1 mês,52
1503507,Irituia (PA),2 meses,46
1503507,Irituia (PA),3 meses,43
1503507,Irituia (PA),4 meses,51
1503507,Irituia (PA),5 meses,39
1503507,Irituia (PA),6 meses,41
1503507,Irituia (PA),7 meses,47
1503507,Irituia (PA),8 meses,66
1503507,Irituia (PA),9 meses,67
1503507,Irituia (PA),10 meses,47
1503507,Irituia (PA),11 meses,53
1503507,Irituia (PA),1 ano,651
1503507,Irituia (PA),2 anos,665
1503507,Irituia (PA),3 anos,709
1503507,Irituia (PA),4 anos,679
1503507,Irituia (PA),5 anos,701
1503507,Irituia (PA),6 anos,680
1503507,Irituia (PA),7 anos,739
1503507,Irituia (PA),8 anos,754
1503507,Irituia (PA),9 anos,769
1503507,Irituia (PA),10 anos,800
1503507,Irituia (PA),11 anos,748
1503507,Irituia (PA),12 anos,702
1503507,Irituia (PA),13 anos,748
1503507,Irituia (PA),14 anos,765
1503507,Irituia (PA),15 anos,689
1503507,Irituia (PA),16 anos,717
1503507,Irituia (PA),17 anos,693
1503507,Irituia (PA),18 anos,658
1503507,Irituia (PA),19 anos,610
1503507,Irituia (PA),20 anos,561
1503507,Irituia (PA),21 anos,593
1503507,Irituia (PA),22 anos,602
1503507,Irituia (PA),23 anos,554
1503507,Irituia (PA),24 anos,559
1503507,Irituia (PA),25 anos,585
1503507,Irituia (PA),26 anos,499
1503507,Irituia (PA),27 anos,479
1503507,Irituia (PA),28 anos,512
1503507,Irituia (PA),29 anos,460
1503507,Irituia (PA),30 anos,512
1503507,Irituia (PA),31 anos,459
1503507,Irituia (PA),32 anos,459
1503507,Irituia (PA),33 anos,398
1503507,Irituia (PA),34 anos,428
1503507,Irituia (PA),35 anos,425
1503507,Irituia (PA),36 anos,399
1503507,Irituia (PA),37 anos,391
1503507,Irituia (PA),38 anos,344
1503507,Irituia (PA),39 anos,345
1503507,Irituia (PA),40 anos,351
1503507,Irituia (PA),41 anos,305
1503507,Irituia (PA),42 anos,331
1503507,Irituia (PA),43 anos,319
1503507,Irituia (PA),44 anos,306
1503507,Irituia (PA),45 anos,250
1503507,Irituia (PA),46 anos,243
1503507,Irituia (PA),47 anos,247
1503507,Irituia (PA),48 anos,208
1503507,Irituia (PA),49 anos,212
1503507,Irituia (PA),50 anos,221
1503507,Irituia (PA),51 anos,194
1503507,Irituia (PA),52 anos,206
1503507,Irituia (PA),53 anos,210
1503507,Irituia (PA),54 anos,212
1503507,Irituia (PA),55 anos,217
1503507,Irituia (PA),56 anos,255
1503507,Irituia (PA),57 anos,205
1503507,Irituia (PA),58 anos,212
1503507,Irituia (PA),59 anos,172
1503507,Irituia (PA),60 anos,193
1503507,Irituia (PA),61 anos,184
1503507,Irituia (PA),62 anos,186
1503507,Irituia (PA),63 anos,169
1503507,Irituia (PA),64 anos,158
1503507,Irituia (PA),65 anos,167
1503507,Irituia (PA),66 anos,169
1503507,Irituia (PA),67 anos,137
1503507,Irituia (PA),68 anos,131
1503507,Irituia (PA),69 anos,107
1503507,Irituia (PA),70 anos,137
1503507,Irituia (PA),71 anos,99
1503507,Irituia (PA),72 anos,77
1503507,Irituia (PA),73 anos,82
1503507,Irituia (PA),74 anos,87
1503507,Irituia (PA),75 anos,77
1503507,Irituia (PA),76 anos,67
1503507,Irituia (PA),77 anos,87
1503507,Irituia (PA),78 anos,55
1503507,Irituia (PA),79 anos,58
1503507,Irituia (PA),80 anos,67
1503507,Irituia (PA),81 anos,37
1503507,Irituia (PA),82 anos,45
1503507,Irituia (PA),83 anos,27
1503507,Irituia (PA),84 anos,38
1503507,Irituia (PA),85 anos,26
1503507,Irituia (PA),86 anos,30
1503507,Irituia (PA),87 anos,22
1503507,Irituia (PA),88 anos,19
1503507,Irituia (PA),89 anos,16
1503507,Irituia (PA),90 anos,12
1503507,Irituia (PA),91 anos,14
1503507,Irituia (PA),92 anos,16
1503507,Irituia (PA),93 anos,9
1503507,Irituia (PA),94 anos,10
1503507,Irituia (PA),95 anos,9
1503507,Irituia (PA),96 anos,3
1503507,Irituia (PA),97 anos,7
1503507,Irituia (PA),98 anos,4
1503507,Irituia (PA),99 anos,3
1503507,Irituia (PA),100 anos ou mais,9
1503606,Itaituba (PA),Total,97493
1503606,Itaituba (PA),Menos de 1 ano,1770
1503606,Itaituba (PA),Menos de 1 mês,148
1503606,Itaituba (PA),1 mês,149
1503606,Itaituba (PA),2 meses,139
1503606,Itaituba (PA),3 meses,121
1503606,Itaituba (PA),4 meses,127
1503606,Itaituba (PA),5 meses,116
1503606,Itaituba (PA),6 meses,140
1503606,Itaituba (PA),7 meses,173
1503606,Itaituba (PA),8 meses,167
1503606,Itaituba (PA),9 meses,172
1503606,Itaituba (PA),10 meses,165
1503606,Itaituba (PA),11 meses,153
1503606,Itaituba (PA),1 ano,1752
1503606,Itaituba (PA),2 anos,1823
1503606,Itaituba (PA),3 anos,1865
1503606,Itaituba (PA),4 anos,1883
1503606,Itaituba (PA),5 anos,1967
1503606,Itaituba (PA),6 anos,1983
1503606,Itaituba (PA),7 anos,1956
1503606,Itaituba (PA),8 anos,2023
1503606,Itaituba (PA),9 anos,2194
1503606,Itaituba (PA),10 anos,2394
1503606,Itaituba (PA),11 anos,2250
1503606,Itaituba (PA),12 anos,2364
1503606,Itaituba (PA),13 anos,2304
1503606,Itaituba (PA),14 anos,2282
1503606,Itaituba (PA),15 anos,2333
1503606,Itaituba (PA),16 anos,2247
1503606,Itaituba (PA),17 anos,2105
1503606,Itaituba (PA),18 anos,1973
1503606,Itaituba (PA),19 anos,1816
1503606,Itaituba (PA),20 anos,1938
1503606,Itaituba (PA),21 anos,1879
1503606,Itaituba (PA),22 anos,1893
1503606,Itaituba (PA),23 anos,1832
1503606,Itaituba (PA),24 anos,1926
1503606,Itaituba (PA),25 anos,2019
1503606,Itaituba (PA),26 anos,1795
1503606,Itaituba (PA),27 anos,1882
1503606,Itaituba (PA),28 anos,1820
1503606,Itaituba (PA),29 anos,1647
1503606,Itaituba (PA),30 anos,1827
1503606,Itaituba (PA),31 anos,1535
1503606,Itaituba (PA),32 anos,1443
1503606,Itaituba (PA),33 anos,1451
1503606,Itaituba (PA),34 anos,1429
1503606,Itaituba (PA),35 anos,1391
1503606,Itaituba (PA),36 anos,1216
1503606,Itaituba (PA),37 anos,1260
1503606,Itaituba (PA),38 anos,1187
1503606,Itaituba (PA),39 anos,1184
1503606,Itaituba (PA),40 anos,1312
1503606,Itaituba (PA),41 anos,1133
1503606,Itaituba (PA),42 anos,1166
1503606,Itaituba (PA),43 anos,1060
1503606,Itaituba (PA),44 anos,1009
1503606,Itaituba (PA),45 anos,1045
1503606,Itaituba (PA),46 anos,1035
1503606,Itaituba (PA),47 anos,1057
1503606,Itaituba (PA),48 anos,964
1503606,Itaituba (PA),49 anos,816
1503606,Itaituba (PA),50 anos,927
1503606,Itaituba (PA),51 anos,796
1503606,Itaituba (PA),52 anos,858
1503606,Itaituba (PA),53 anos,727
1503606,Itaituba (PA),54 anos,726
1503606,Itaituba (PA),55 anos,693
1503606,Itaituba (PA),56 anos,686
1503606,Itaituba (PA),57 anos,547
1503606,Itaituba (PA),58 anos,540
1503606,Itaituba (PA),59 anos,521
1503606,Itaituba (PA),60 anos,537
1503606,Itaituba (PA),61 anos,400
1503606,Itaituba (PA),62 anos,445
1503606,Itaituba (PA),63 anos,386
1503606,Itaituba (PA),64 anos,367
1503606,Itaituba (PA),65 anos,373
1503606,Itaituba (PA),66 anos,327
1503606,Itaituba (PA),67 anos,313
1503606,Itaituba (PA),68 anos,279
1503606,Itaituba (PA),69 anos,231
1503606,Itaituba (PA),70 anos,301
1503606,Itaituba (PA),71 anos,186
1503606,Itaituba (PA),72 anos,173
1503606,Itaituba (PA),73 anos,207
1503606,Itaituba (PA),74 anos,175
1503606,Itaituba (PA),75 anos,172
1503606,Itaituba (PA),76 anos,130
1503606,Itaituba (PA),77 anos,161
1503606,Itaituba (PA),78 anos,152
1503606,Itaituba (PA),79 anos,97
1503606,Itaituba (PA),80 anos,114
1503606,Itaituba (PA),81 anos,69
1503606,Itaituba (PA),82 anos,65
1503606,Itaituba (PA),83 anos,48
1503606,Itaituba (PA),84 anos,56
1503606,Itaituba (PA),85 anos,40
1503606,Itaituba (PA),86 anos,48
1503606,Itaituba (PA),87 anos,31
1503606,Itaituba (PA),88 anos,25
1503606,Itaituba (PA),89 anos,31
1503606,Itaituba (PA),90 anos,33
1503606,Itaituba (PA),91 anos,14
1503606,Itaituba (PA),92 anos,10
1503606,Itaituba (PA),93 anos,9
1503606,Itaituba (PA),94 anos,6
1503606,Itaituba (PA),95 anos,7
1503606,Itaituba (PA),96 anos,3
1503606,Itaituba (PA),97 anos,2
1503606,Itaituba (PA),98 anos,7
1503606,Itaituba (PA),99 anos,2
1503606,Itaituba (PA),100 anos ou mais,5
1503705,Itupiranga (PA),Total,51220
1503705,Itupiranga (PA),Menos de 1 ano,1128
1503705,Itupiranga (PA),Menos de 1 mês,85
1503705,Itupiranga (PA),1 mês,89
1503705,Itupiranga (PA),2 meses,112
1503705,Itupiranga (PA),3 meses,81
1503705,Itupiranga (PA),4 meses,87
1503705,Itupiranga (PA),5 meses,87
1503705,Itupiranga (PA),6 meses,100
1503705,Itupiranga (PA),7 meses,107
1503705,Itupiranga (PA),8 meses,88
1503705,Itupiranga (PA),9 meses,104
1503705,Itupiranga (PA),10 meses,82
1503705,Itupiranga (PA),11 meses,106
1503705,Itupiranga (PA),1 ano,1125
1503705,Itupiranga (PA),2 anos,1185
1503705,Itupiranga (PA),3 anos,1200
1503705,Itupiranga (PA),4 anos,1171
1503705,Itupiranga (PA),5 anos,1246
1503705,Itupiranga (PA),6 anos,1223
1503705,Itupiranga (PA),7 anos,1179
1503705,Itupiranga (PA),8 anos,1157
1503705,Itupiranga (PA),9 anos,1222
1503705,Itupiranga (PA),10 anos,1353
1503705,Itupiranga (PA),11 anos,1266
1503705,Itupiranga (PA),12 anos,1287
1503705,Itupiranga (PA),13 anos,1292
1503705,Itupiranga (PA),14 anos,1214
1503705,Itupiranga (PA),15 anos,1251
1503705,Itupiranga (PA),16 anos,1145
1503705,Itupiranga (PA),17 anos,1094
1503705,Itupiranga (PA),18 anos,1026
1503705,Itupiranga (PA),19 anos,933
1503705,Itupiranga (PA),20 anos,986
1503705,Itupiranga (PA),21 anos,924
1503705,Itupiranga (PA),22 anos,999
1503705,Itupiranga (PA),23 anos,970
1503705,Itupiranga (PA),24 anos,962
1503705,Itupiranga (PA),25 anos,958
1503705,Itupiranga (PA),26 anos,863
1503705,Itupiranga (PA),27 anos,855
1503705,Itupiranga (PA),28 anos,870
1503705,Itupiranga (PA),29 anos,801
1503705,Itupiranga (PA),30 anos,948
1503705,Itupiranga (PA),31 anos,664
1503705,Itupiranga (PA),32 anos,734
1503705,Itupiranga (PA),33 anos,722
1503705,Itupiranga (PA),34 anos,646
1503705,Itupiranga (PA),35 anos,737
1503705,Itupiranga (PA),36 anos,566
1503705,Itupiranga (PA),37 anos,625
1503705,Itupiranga (PA),38 anos,496
1503705,Itupiranga (PA),39 anos,512
1503705,Itupiranga (PA),40 anos,605
1503705,Itupiranga (PA),41 anos,481
1503705,Itupiranga (PA),42 anos,499
1503705,Itupiranga (PA),43 anos,471
1503705,Itupiranga (PA),44 anos,465
1503705,Itupiranga (PA),45 anos,446
1503705,Itupiranga (PA),46 anos,475
1503705,Itupiranga (PA),47 anos,438
1503705,Itupiranga (PA),48 anos,400
1503705,Itupiranga (PA),49 anos,384
1503705,Itupiranga (PA),50 anos,446
1503705,Itupiranga (PA),51 anos,366
1503705,Itupiranga (PA),52 anos,423
1503705,Itupiranga (PA),53 anos,369
1503705,Itupiranga (PA),54 anos,319
1503705,Itupiranga (PA),55 anos,346
1503705,Itupiranga (PA),56 anos,362
1503705,Itupiranga (PA),57 anos,336
1503705,Itupiranga (PA),58 anos,314
1503705,Itupiranga (PA),59 anos,334
1503705,Itupiranga (PA),60 anos,328
1503705,Itupiranga (PA),61 anos,234
1503705,Itupiranga (PA),62 anos,233
1503705,Itupiranga (PA),63 anos,211
1503705,Itupiranga (PA),64 anos,225
1503705,Itupiranga (PA),65 anos,209
1503705,Itupiranga (PA),66 anos,183
1503705,Itupiranga (PA),67 anos,180
1503705,Itupiranga (PA),68 anos,176
1503705,Itupiranga (PA),69 anos,142
1503705,Itupiranga (PA),70 anos,168
1503705,Itupiranga (PA),71 anos,119
1503705,Itupiranga (PA),72 anos,112
1503705,Itupiranga (PA),73 anos,94
1503705,Itupiranga (PA),74 anos,88
1503705,Itupiranga (PA),75 anos,91
1503705,Itupiranga (PA),76 anos,80
1503705,Itupiranga (PA),77 anos,83
1503705,Itupiranga (PA),78 anos,51
1503705,Itupiranga (PA),79 anos,53
1503705,Itupiranga (PA),80 anos,50
1503705,Itupiranga (PA),81 anos,39
1503705,Itupiranga (PA),82 anos,38
1503705,Itupiranga (PA),83 anos,31
1503705,Itupiranga (PA),84 anos,33
1503705,Itupiranga (PA),85 anos,38
1503705,Itupiranga (PA),86 anos,20
1503705,Itupiranga (PA),87 anos,20
1503705,Itupiranga (PA),88 anos,10
1503705,Itupiranga (PA),89 anos,10
1503705,Itupiranga (PA),90 anos,13
1503705,Itupiranga (PA),91 anos,10
1503705,Itupiranga (PA),92 anos,7
1503705,Itupiranga (PA),93 anos,4
1503705,Itupiranga (PA),94 anos,5
1503705,Itupiranga (PA),95 anos,5
1503705,Itupiranga (PA),96 anos,1
1503705,Itupiranga (PA),97 anos,3
1503705,Itupiranga (PA),98 anos,2
1503705,Itupiranga (PA),99 anos,1
1503705,Itupiranga (PA),100 anos ou mais,6
1503754,Jacareacanga (PA),Total,14103
1503754,Jacareacanga (PA),Menos de 1 ano,265
1503754,Jacareacanga (PA),Menos de 1 mês,10
1503754,Jacareacanga (PA),1 mês,16
1503754,Jacareacanga (PA),2 meses,25
1503754,Jacareacanga (PA),3 meses,15
1503754,Jacareacanga (PA),4 meses,31
1503754,Jacareacanga (PA),5 meses,15
1503754,Jacareacanga (PA),6 meses,23
1503754,Jacareacanga (PA),7 meses,28
1503754,Jacareacanga (PA),8 meses,24
1503754,Jacareacanga (PA),9 meses,20
1503754,Jacareacanga (PA),10 meses,30
1503754,Jacareacanga (PA),11 meses,28
1503754,Jacareacanga (PA),1 ano,358
1503754,Jacareacanga (PA),2 anos,353
1503754,Jacareacanga (PA),3 anos,360
1503754,Jacareacanga (PA),4 anos,343
1503754,Jacareacanga (PA),5 anos,363
1503754,Jacareacanga (PA),6 anos,325
1503754,Jacareacanga (PA),7 anos,320
1503754,Jacareacanga (PA),8 anos,328
1503754,Jacareacanga (PA),9 anos,321
1503754,Jacareacanga (PA),10 anos,300
1503754,Jacareacanga (PA),11 anos,311
1503754,Jacareacanga (PA),12 anos,299
1503754,Jacareacanga (PA),13 anos,274
1503754,Jacareacanga (PA),14 anos,287
1503754,Jacareacanga (PA),15 anos,228
1503754,Jacareacanga (PA),16 anos,226
1503754,Jacareacanga (PA),17 anos,239
1503754,Jacareacanga (PA),18 anos,245
1503754,Jacareacanga (PA),19 anos,257
1503754,Jacareacanga (PA),20 anos,308
1503754,Jacareacanga (PA),21 anos,261
1503754,Jacareacanga (PA),22 anos,257
1503754,Jacareacanga (PA),23 anos,267
1503754,Jacareacanga (PA),24 anos,293
1503754,Jacareacanga (PA),25 anos,273
1503754,Jacareacanga (PA),26 anos,227
1503754,Jacareacanga (PA),27 anos,257
1503754,Jacareacanga (PA),28 anos,252
1503754,Jacareacanga (PA),29 anos,240
1503754,Jacareacanga (PA),30 anos,291
1503754,Jacareacanga (PA),31 anos,220
1503754,Jacareacanga (PA),32 anos,232
1503754,Jacareacanga (PA),33 anos,188
1503754,Jacareacanga (PA),34 anos,162
1503754,Jacareacanga (PA),35 anos,213
1503754,Jacareacanga (PA),36 anos,189
1503754,Jacareacanga (PA),37 anos,169
1503754,Jacareacanga (PA),38 anos,173
1503754,Jacareacanga (PA),39 anos,217
1503754,Jacareacanga (PA),40 anos,228
1503754,Jacareacanga (PA),41 anos,229
1503754,Jacareacanga (PA),42 anos,233
1503754,Jacareacanga (PA),43 anos,192
1503754,Jacareacanga (PA),44 anos,193
1503754,Jacareacanga (PA),45 anos,197
1503754,Jacareacanga (PA),46 anos,163
1503754,Jacareacanga (PA),47 anos,171
1503754,Jacareacanga (PA),48 anos,169
1503754,Jacareacanga (PA),49 anos,134
1503754,Jacareacanga (PA),50 anos,156
1503754,Jacareacanga (PA),51 anos,119
1503754,Jacareacanga (PA),52 anos,112
1503754,Jacareacanga (PA),53 anos,105
1503754,Jacareacanga (PA),54 anos,108
1503754,Jacareacanga (PA),55 anos,69
1503754,Jacareacanga (PA),56 anos,80
1503754,Jacareacanga (PA),57 anos,68
1503754,Jacareacanga (PA),58 anos,52
1503754,Jacareacanga (PA),59 anos,78
1503754,Jacareacanga (PA),60 anos,84
1503754,Jacareacanga (PA),61 anos,40
1503754,Jacareacanga (PA),62 anos,47
1503754,Jacareacanga (PA),63 anos,43
1503754,Jacareacanga (PA),64 anos,36
1503754,Jacareacanga (PA),65 anos,38
1503754,Jacareacanga (PA),66 anos,28
1503754,Jacareacanga (PA),67 anos,22
1503754,Jacareacanga (PA),68 anos,27
1503754,Jacareacanga (PA),69 anos,21
1503754,Jacareacanga (PA),70 anos,25
1503754,Jacareacanga (PA),71 anos,12
1503754,Jacareacanga (PA),72 anos,13
1503754,Jacareacanga (PA),73 anos,11
1503754,Jacareacanga (PA),74 anos,14
1503754,Jacareacanga (PA),75 anos,9
1503754,Jacareacanga (PA),76 anos,16
1503754,Jacareacanga (PA),77 anos,7
1503754,Jacareacanga (PA),78 anos,13
1503754,Jacareacanga (PA),79 anos,7
1503754,Jacareacanga (PA),80 anos,12
1503754,Jacareacanga (PA),81 anos,2
1503754,Jacareacanga (PA),82 anos,4
1503754,Jacareacanga (PA),83 anos,7
1503754,Jacareacanga (PA),84 anos,6
1503754,Jacareacanga (PA),85 anos,2
1503754,Jacareacanga (PA),86 anos,2
1503754,Jacareacanga (PA),87 anos,3
1503754,Jacareacanga (PA),88 anos,1
1503754,Jacareacanga (PA),89 anos,2
1503754,Jacareacanga (PA),90 anos,1
1503754,Jacareacanga (PA),91 anos,-
1503754,Jacareacanga (PA),92 anos,-
1503754,Jacareacanga (PA),93 anos,-
1503754,Jacareacanga (PA),94 anos,1
1503754,Jacareacanga (PA),95 anos,-
1503754,Jacareacanga (PA),96 anos,-
1503754,Jacareacanga (PA),97 anos,-
1503754,Jacareacanga (PA),98 anos,-
1503754,Jacareacanga (PA),99 anos,-
1503754,Jacareacanga (PA),100 anos ou mais,-
1503804,Jacundá (PA),Total,51360
1503804,Jacundá (PA),Menos de 1 ano,1011
1503804,Jacundá (PA),Menos de 1 mês,68
1503804,Jacundá (PA),1 mês,78
1503804,Jacundá (PA),2 meses,82
1503804,Jacundá (PA),3 meses,70
1503804,Jacundá (PA),4 meses,73
1503804,Jacundá (PA),5 meses,67
1503804,Jacundá (PA),6 meses,96
1503804,Jacundá (PA),7 meses,98
1503804,Jacundá (PA),8 meses,98
1503804,Jacundá (PA),9 meses,106
1503804,Jacundá (PA),10 meses,98
1503804,Jacundá (PA),11 meses,77
1503804,Jacundá (PA),1 ano,953
1503804,Jacundá (PA),2 anos,974
1503804,Jacundá (PA),3 anos,1041
1503804,Jacundá (PA),4 anos,1017
1503804,Jacundá (PA),5 anos,1099
1503804,Jacundá (PA),6 anos,1000
1503804,Jacundá (PA),7 anos,1034
1503804,Jacundá (PA),8 anos,1004
1503804,Jacundá (PA),9 anos,1071
1503804,Jacundá (PA),10 anos,1217
1503804,Jacundá (PA),11 anos,1079
1503804,Jacundá (PA),12 anos,1167
1503804,Jacundá (PA),13 anos,1158
1503804,Jacundá (PA),14 anos,1074
1503804,Jacundá (PA),15 anos,1188
1503804,Jacundá (PA),16 anos,1182
1503804,Jacundá (PA),17 anos,1039
1503804,Jacundá (PA),18 anos,1129
1503804,Jacundá (PA),19 anos,1123
1503804,Jacundá (PA),20 anos,1082
1503804,Jacundá (PA),21 anos,1214
1503804,Jacundá (PA),22 anos,1183
1503804,Jacundá (PA),23 anos,1109
1503804,Jacundá (PA),24 anos,1153
1503804,Jacundá (PA),25 anos,1080
1503804,Jacundá (PA),26 anos,932
1503804,Jacundá (PA),27 anos,884
1503804,Jacundá (PA),28 anos,1012
1503804,Jacundá (PA),29 anos,1046
1503804,Jacundá (PA),30 anos,1104
1503804,Jacundá (PA),31 anos,887
1503804,Jacundá (PA),32 anos,797
1503804,Jacundá (PA),33 anos,712
1503804,Jacundá (PA),34 anos,767
1503804,Jacundá (PA),35 anos,776
1503804,Jacundá (PA),36 anos,695
1503804,Jacundá (PA),37 anos,583
1503804,Jacundá (PA),38 anos,643
1503804,Jacundá (PA),39 anos,809
1503804,Jacundá (PA),40 anos,881
1503804,Jacundá (PA),41 anos,641
1503804,Jacundá (PA),42 anos,543
1503804,Jacundá (PA),43 anos,495
1503804,Jacundá (PA),44 anos,482
1503804,Jacundá (PA),45 anos,547
1503804,Jacundá (PA),46 anos,442
1503804,Jacundá (PA),47 anos,366
1503804,Jacundá (PA),48 anos,395
1503804,Jacundá (PA),49 anos,395
1503804,Jacundá (PA),50 anos,364
1503804,Jacundá (PA),51 anos,318
1503804,Jacundá (PA),52 anos,379
1503804,Jacundá (PA),53 anos,310
1503804,Jacundá (PA),54 anos,307
1503804,Jacundá (PA),55 anos,320
1503804,Jacundá (PA),56 anos,278
1503804,Jacundá (PA),57 anos,263
1503804,Jacundá (PA),58 anos,241
1503804,Jacundá (PA),59 anos,257
1503804,Jacundá (PA),60 anos,237
1503804,Jacundá (PA),61 anos,200
1503804,Jacundá (PA),62 anos,190
1503804,Jacundá (PA),63 anos,158
1503804,Jacundá (PA),64 anos,171
1503804,Jacundá (PA),65 anos,196
1503804,Jacundá (PA),66 anos,172
1503804,Jacundá (PA),67 anos,159
1503804,Jacundá (PA),68 anos,161
1503804,Jacundá (PA),69 anos,134
1503804,Jacundá (PA),70 anos,170
1503804,Jacundá (PA),71 anos,101
1503804,Jacundá (PA),72 anos,106
1503804,Jacundá (PA),73 anos,101
1503804,Jacundá (PA),74 anos,100
1503804,Jacundá (PA),75 anos,86
1503804,Jacundá (PA),76 anos,88
1503804,Jacundá (PA),77 anos,76
1503804,Jacundá (PA),78 anos,69
1503804,Jacundá (PA),79 anos,54
1503804,Jacundá (PA),80 anos,58
1503804,Jacundá (PA),81 anos,41
1503804,Jacundá (PA),82 anos,37
1503804,Jacundá (PA),83 anos,23
1503804,Jacundá (PA),84 anos,35
1503804,Jacundá (PA),85 anos,30
1503804,Jacundá (PA),86 anos,26
1503804,Jacundá (PA),87 anos,21
1503804,Jacundá (PA),88 anos,24
1503804,Jacundá (PA),89 anos,16
1503804,Jacundá (PA),90 anos,15
1503804,Jacundá (PA),91 anos,10
1503804,Jacundá (PA),92 anos,6
1503804,Jacundá (PA),93 anos,8
1503804,Jacundá (PA),94 anos,6
1503804,Jacundá (PA),95 anos,3
1503804,Jacundá (PA),96 anos,7
1503804,Jacundá (PA),97 anos,4
1503804,Jacundá (PA),98 anos,5
1503804,Jacundá (PA),99 anos,1
1503804,Jacundá (PA),100 anos ou mais,3
1503903,Juruti (PA),Total,47086
1503903,Juruti (PA),Menos de 1 ano,1237
1503903,Juruti (PA),Menos de 1 mês,100
1503903,Juruti (PA),1 mês,79
1503903,Juruti (PA),2 meses,95
1503903,Juruti (PA),3 meses,88
1503903,Juruti (PA),4 meses,104
1503903,Juruti (PA),5 meses,83
1503903,Juruti (PA),6 meses,89
1503903,Juruti (PA),7 meses,105
1503903,Juruti (PA),8 meses,122
1503903,Juruti (PA),9 meses,133
1503903,Juruti (PA),10 meses,128
1503903,Juruti (PA),11 meses,111
1503903,Juruti (PA),1 ano,1202
1503903,Juruti (PA),2 anos,1218
1503903,Juruti (PA),3 anos,1265
1503903,Juruti (PA),4 anos,1209
1503903,Juruti (PA),5 anos,1309
1503903,Juruti (PA),6 anos,1279
1503903,Juruti (PA),7 anos,1272
1503903,Juruti (PA),8 anos,1159
1503903,Juruti (PA),9 anos,1308
1503903,Juruti (PA),10 anos,1368
1503903,Juruti (PA),11 anos,1225
1503903,Juruti (PA),12 anos,1213
1503903,Juruti (PA),13 anos,1269
1503903,Juruti (PA),14 anos,1194
1503903,Juruti (PA),15 anos,1168
1503903,Juruti (PA),16 anos,1084
1503903,Juruti (PA),17 anos,1019
1503903,Juruti (PA),18 anos,1044
1503903,Juruti (PA),19 anos,877
1503903,Juruti (PA),20 anos,906
1503903,Juruti (PA),21 anos,893
1503903,Juruti (PA),22 anos,926
1503903,Juruti (PA),23 anos,870
1503903,Juruti (PA),24 anos,922
1503903,Juruti (PA),25 anos,853
1503903,Juruti (PA),26 anos,764
1503903,Juruti (PA),27 anos,813
1503903,Juruti (PA),28 anos,741
1503903,Juruti (PA),29 anos,751
1503903,Juruti (PA),30 anos,791
1503903,Juruti (PA),31 anos,609
1503903,Juruti (PA),32 anos,630
1503903,Juruti (PA),33 anos,569
1503903,Juruti (PA),34 anos,570
1503903,Juruti (PA),35 anos,556
1503903,Juruti (PA),36 anos,536
1503903,Juruti (PA),37 anos,492
1503903,Juruti (PA),38 anos,458
1503903,Juruti (PA),39 anos,433
1503903,Juruti (PA),40 anos,456
1503903,Juruti (PA),41 anos,388
1503903,Juruti (PA),42 anos,393
1503903,Juruti (PA),43 anos,350
1503903,Juruti (PA),44 anos,399
1503903,Juruti (PA),45 anos,342
1503903,Juruti (PA),46 anos,366
1503903,Juruti (PA),47 anos,318
1503903,Juruti (PA),48 anos,309
1503903,Juruti (PA),49 anos,283
1503903,Juruti (PA),50 anos,302
1503903,Juruti (PA),51 anos,296
1503903,Juruti (PA),52 anos,283
1503903,Juruti (PA),53 anos,268
1503903,Juruti (PA),54 anos,268
1503903,Juruti (PA),55 anos,272
1503903,Juruti (PA),56 anos,243
1503903,Juruti (PA),57 anos,268
1503903,Juruti (PA),58 anos,209
1503903,Juruti (PA),59 anos,196
1503903,Juruti (PA),60 anos,224
1503903,Juruti (PA),61 anos,157
1503903,Juruti (PA),62 anos,165
1503903,Juruti (PA),63 anos,144
1503903,Juruti (PA),64 anos,130
1503903,Juruti (PA),65 anos,212
1503903,Juruti (PA),66 anos,161
1503903,Juruti (PA),67 anos,168
1503903,Juruti (PA),68 anos,104
1503903,Juruti (PA),69 anos,106
1503903,Juruti (PA),70 anos,121
1503903,Juruti (PA),71 anos,80
1503903,Juruti (PA),72 anos,65
1503903,Juruti (PA),73 anos,75
1503903,Juruti (PA),74 anos,104
1503903,Juruti (PA),75 anos,90
1503903,Juruti (PA),76 anos,82
1503903,Juruti (PA),77 anos,83
1503903,Juruti (PA),78 anos,64
1503903,Juruti (PA),79 anos,73
1503903,Juruti (PA),80 anos,58
1503903,Juruti (PA),81 anos,49
1503903,Juruti (PA),82 anos,51
1503903,Juruti (PA),83 anos,37
1503903,Juruti (PA),84 anos,41
1503903,Juruti (PA),85 anos,41
1503903,Juruti (PA),86 anos,33
1503903,Juruti (PA),87 anos,32
1503903,Juruti (PA),88 anos,25
1503903,Juruti (PA),89 anos,25
1503903,Juruti (PA),90 anos,18
1503903,Juruti (PA),91 anos,11
1503903,Juruti (PA),92 anos,10
1503903,Juruti (PA),93 anos,6
1503903,Juruti (PA),94 anos,4
1503903,Juruti (PA),95 anos,8
1503903,Juruti (PA),96 anos,4
1503903,Juruti (PA),97 anos,8
1503903,Juruti (PA),98 anos,1
1503903,Juruti (PA),99 anos,1
1503903,Juruti (PA),100 anos ou mais,4
1504000,Limoeiro do Ajuru (PA),Total,25021
1504000,Limoeiro do Ajuru (PA),Menos de 1 ano,545
1504000,Limoeiro do Ajuru (PA),Menos de 1 mês,38
1504000,Limoeiro do Ajuru (PA),1 mês,42
1504000,Limoeiro do Ajuru (PA),2 meses,48
1504000,Limoeiro do Ajuru (PA),3 meses,46
1504000,Limoeiro do Ajuru (PA),4 meses,43
1504000,Limoeiro do Ajuru (PA),5 meses,32
1504000,Limoeiro do Ajuru (PA),6 meses,40
1504000,Limoeiro do Ajuru (PA),7 meses,41
1504000,Limoeiro do Ajuru (PA),8 meses,49
1504000,Limoeiro do Ajuru (PA),9 meses,52
1504000,Limoeiro do Ajuru (PA),10 meses,56
1504000,Limoeiro do Ajuru (PA),11 meses,58
1504000,Limoeiro do Ajuru (PA),1 ano,579
1504000,Limoeiro do Ajuru (PA),2 anos,593
1504000,Limoeiro do Ajuru (PA),3 anos,617
1504000,Limoeiro do Ajuru (PA),4 anos,618
1504000,Limoeiro do Ajuru (PA),5 anos,653
1504000,Limoeiro do Ajuru (PA),6 anos,608
1504000,Limoeiro do Ajuru (PA),7 anos,638
1504000,Limoeiro do Ajuru (PA),8 anos,622
1504000,Limoeiro do Ajuru (PA),9 anos,663
1504000,Limoeiro do Ajuru (PA),10 anos,725
1504000,Limoeiro do Ajuru (PA),11 anos,693
1504000,Limoeiro do Ajuru (PA),12 anos,649
1504000,Limoeiro do Ajuru (PA),13 anos,654
1504000,Limoeiro do Ajuru (PA),14 anos,652
1504000,Limoeiro do Ajuru (PA),15 anos,613
1504000,Limoeiro do Ajuru (PA),16 anos,615
1504000,Limoeiro do Ajuru (PA),17 anos,577
1504000,Limoeiro do Ajuru (PA),18 anos,599
1504000,Limoeiro do Ajuru (PA),19 anos,590
1504000,Limoeiro do Ajuru (PA),20 anos,537
1504000,Limoeiro do Ajuru (PA),21 anos,492
1504000,Limoeiro do Ajuru (PA),22 anos,537
1504000,Limoeiro do Ajuru (PA),23 anos,487
1504000,Limoeiro do Ajuru (PA),24 anos,498
1504000,Limoeiro do Ajuru (PA),25 anos,429
1504000,Limoeiro do Ajuru (PA),26 anos,425
1504000,Limoeiro do Ajuru (PA),27 anos,378
1504000,Limoeiro do Ajuru (PA),28 anos,417
1504000,Limoeiro do Ajuru (PA),29 anos,393
1504000,Limoeiro do Ajuru (PA),30 anos,408
1504000,Limoeiro do Ajuru (PA),31 anos,357
1504000,Limoeiro do Ajuru (PA),32 anos,371
1504000,Limoeiro do Ajuru (PA),33 anos,310
1504000,Limoeiro do Ajuru (PA),34 anos,312
1504000,Limoeiro do Ajuru (PA),35 anos,322
1504000,Limoeiro do Ajuru (PA),36 anos,290
1504000,Limoeiro do Ajuru (PA),37 anos,253
1504000,Limoeiro do Ajuru (PA),38 anos,300
1504000,Limoeiro do Ajuru (PA),39 anos,259
1504000,Limoeiro do Ajuru (PA),40 anos,304
1504000,Limoeiro do Ajuru (PA),41 anos,240
1504000,Limoeiro do Ajuru (PA),42 anos,178
1504000,Limoeiro do Ajuru (PA),43 anos,210
1504000,Limoeiro do Ajuru (PA),44 anos,204
1504000,Limoeiro do Ajuru (PA),45 anos,171
1504000,Limoeiro do Ajuru (PA),46 anos,204
1504000,Limoeiro do Ajuru (PA),47 anos,172
1504000,Limoeiro do Ajuru (PA),48 anos,158
1504000,Limoeiro do Ajuru (PA),49 anos,145
1504000,Limoeiro do Ajuru (PA),50 anos,156
1504000,Limoeiro do Ajuru (PA),51 anos,146
1504000,Limoeiro do Ajuru (PA),52 anos,133
1504000,Limoeiro do Ajuru (PA),53 anos,147
1504000,Limoeiro do Ajuru (PA),54 anos,136
1504000,Limoeiro do Ajuru (PA),55 anos,155
1504000,Limoeiro do Ajuru (PA),56 anos,123
1504000,Limoeiro do Ajuru (PA),57 anos,114
1504000,Limoeiro do Ajuru (PA),58 anos,90
1504000,Limoeiro do Ajuru (PA),59 anos,94
1504000,Limoeiro do Ajuru (PA),60 anos,94
1504000,Limoeiro do Ajuru (PA),61 anos,81
1504000,Limoeiro do Ajuru (PA),62 anos,98
1504000,Limoeiro do Ajuru (PA),63 anos,76
1504000,Limoeiro do Ajuru (PA),64 anos,85
1504000,Limoeiro do Ajuru (PA),65 anos,85
1504000,Limoeiro do Ajuru (PA),66 anos,77
1504000,Limoeiro do Ajuru (PA),67 anos,71
1504000,Limoeiro do Ajuru (PA),68 anos,62
1504000,Limoeiro do Ajuru (PA),69 anos,67
1504000,Limoeiro do Ajuru (PA),70 anos,54
1504000,Limoeiro do Ajuru (PA),71 anos,55
1504000,Limoeiro do Ajuru (PA),72 anos,47
1504000,Limoeiro do Ajuru (PA),73 anos,41
1504000,Limoeiro do Ajuru (PA),74 anos,49
1504000,Limoeiro do Ajuru (PA),75 anos,35
1504000,Limoeiro do Ajuru (PA),76 anos,39
1504000,Limoeiro do Ajuru (PA),77 anos,36
1504000,Limoeiro do Ajuru (PA),78 anos,39
1504000,Limoeiro do Ajuru (PA),79 anos,21
1504000,Limoeiro do Ajuru (PA),80 anos,34
1504000,Limoeiro do Ajuru (PA),81 anos,19
1504000,Limoeiro do Ajuru (PA),82 anos,20
1504000,Limoeiro do Ajuru (PA),83 anos,20
1504000,Limoeiro do Ajuru (PA),84 anos,23
1504000,Limoeiro do Ajuru (PA),85 anos,15
1504000,Limoeiro do Ajuru (PA),86 anos,15
1504000,Limoeiro do Ajuru (PA),87 anos,10
1504000,Limoeiro do Ajuru (PA),88 anos,9
1504000,Limoeiro do Ajuru (PA),89 anos,8
1504000,Limoeiro do Ajuru (PA),90 anos,8
1504000,Limoeiro do Ajuru (PA),91 anos,6
1504000,Limoeiro do Ajuru (PA),92 anos,15
1504000,Limoeiro do Ajuru (PA),93 anos,6
1504000,Limoeiro do Ajuru (PA),94 anos,13
1504000,Limoeiro do Ajuru (PA),95 anos,6
1504000,Limoeiro do Ajuru (PA),96 anos,5
1504000,Limoeiro do Ajuru (PA),97 anos,4
1504000,Limoeiro do Ajuru (PA),98 anos,5
1504000,Limoeiro do Ajuru (PA),99 anos,3
1504000,Limoeiro do Ajuru (PA),100 anos ou mais,7
1504059,Mãe do Rio (PA),Total,27904
1504059,Mãe do Rio (PA),Menos de 1 ano,558
1504059,Mãe do Rio (PA),Menos de 1 mês,49
1504059,Mãe do Rio (PA),1 mês,44
1504059,Mãe do Rio (PA),2 meses,44
1504059,Mãe do Rio (PA),3 meses,46
1504059,Mãe do Rio (PA),4 meses,47
1504059,Mãe do Rio (PA),5 meses,34
1504059,Mãe do Rio (PA),6 meses,41
1504059,Mãe do Rio (PA),7 meses,57
1504059,Mãe do Rio (PA),8 meses,53
1504059,Mãe do Rio (PA),9 meses,53
1504059,Mãe do Rio (PA),10 meses,45
1504059,Mãe do Rio (PA),11 meses,45
1504059,Mãe do Rio (PA),1 ano,527
1504059,Mãe do Rio (PA),2 anos,552
1504059,Mãe do Rio (PA),3 anos,562
1504059,Mãe do Rio (PA),4 anos,610
1504059,Mãe do Rio (PA),5 anos,576
1504059,Mãe do Rio (PA),6 anos,577
1504059,Mãe do Rio (PA),7 anos,633
1504059,Mãe do Rio (PA),8 anos,594
1504059,Mãe do Rio (PA),9 anos,640
1504059,Mãe do Rio (PA),10 anos,665
1504059,Mãe do Rio (PA),11 anos,590
1504059,Mãe do Rio (PA),12 anos,610
1504059,Mãe do Rio (PA),13 anos,663
1504059,Mãe do Rio (PA),14 anos,630
1504059,Mãe do Rio (PA),15 anos,597
1504059,Mãe do Rio (PA),16 anos,620
1504059,Mãe do Rio (PA),17 anos,594
1504059,Mãe do Rio (PA),18 anos,610
1504059,Mãe do Rio (PA),19 anos,581
1504059,Mãe do Rio (PA),20 anos,519
1504059,Mãe do Rio (PA),21 anos,574
1504059,Mãe do Rio (PA),22 anos,543
1504059,Mãe do Rio (PA),23 anos,557
1504059,Mãe do Rio (PA),24 anos,546
1504059,Mãe do Rio (PA),25 anos,452
1504059,Mãe do Rio (PA),26 anos,542
1504059,Mãe do Rio (PA),27 anos,496
1504059,Mãe do Rio (PA),28 anos,516
1504059,Mãe do Rio (PA),29 anos,462
1504059,Mãe do Rio (PA),30 anos,458
1504059,Mãe do Rio (PA),31 anos,427
1504059,Mãe do Rio (PA),32 anos,454
1504059,Mãe do Rio (PA),33 anos,397
1504059,Mãe do Rio (PA),34 anos,416
1504059,Mãe do Rio (PA),35 anos,427
1504059,Mãe do Rio (PA),36 anos,403
1504059,Mãe do Rio (PA),37 anos,358
1504059,Mãe do Rio (PA),38 anos,334
1504059,Mãe do Rio (PA),39 anos,337
1504059,Mãe do Rio (PA),40 anos,356
1504059,Mãe do Rio (PA),41 anos,318
1504059,Mãe do Rio (PA),42 anos,289
1504059,Mãe do Rio (PA),43 anos,295
1504059,Mãe do Rio (PA),44 anos,318
1504059,Mãe do Rio (PA),45 anos,243
1504059,Mãe do Rio (PA),46 anos,229
1504059,Mãe do Rio (PA),47 anos,215
1504059,Mãe do Rio (PA),48 anos,200
1504059,Mãe do Rio (PA),49 anos,186
1504059,Mãe do Rio (PA),50 anos,197
1504059,Mãe do Rio (PA),51 anos,189
1504059,Mãe do Rio (PA),52 anos,195
1504059,Mãe do Rio (PA),53 anos,206
1504059,Mãe do Rio (PA),54 anos,202
1504059,Mãe do Rio (PA),55 anos,187
1504059,Mãe do Rio (PA),56 anos,176
1504059,Mãe do Rio (PA),57 anos,175
1504059,Mãe do Rio (PA),58 anos,172
1504059,Mãe do Rio (PA),59 anos,138
1504059,Mãe do Rio (PA),60 anos,143
1504059,Mãe do Rio (PA),61 anos,124
1504059,Mãe do Rio (PA),62 anos,101
1504059,Mãe do Rio (PA),63 anos,129
1504059,Mãe do Rio (PA),64 anos,145
1504059,Mãe do Rio (PA),65 anos,124
1504059,Mãe do Rio (PA),66 anos,121
1504059,Mãe do Rio (PA),67 anos,118
1504059,Mãe do Rio (PA),68 anos,114
1504059,Mãe do Rio (PA),69 anos,103
1504059,Mãe do Rio (PA),70 anos,107
1504059,Mãe do Rio (PA),71 anos,84
1504059,Mãe do Rio (PA),72 anos,66
1504059,Mãe do Rio (PA),73 anos,68
1504059,Mãe do Rio (PA),74 anos,54
1504059,Mãe do Rio (PA),75 anos,74
1504059,Mãe do Rio (PA),76 anos,45
1504059,Mãe do Rio (PA),77 anos,58
1504059,Mãe do Rio (PA),78 anos,42
1504059,Mãe do Rio (PA),79 anos,57
1504059,Mãe do Rio (PA),80 anos,54
1504059,Mãe do Rio (PA),81 anos,40
1504059,Mãe do Rio (PA),82 anos,32
1504059,Mãe do Rio (PA),83 anos,31
1504059,Mãe do Rio (PA),84 anos,33
1504059,Mãe do Rio (PA),85 anos,25
1504059,Mãe do Rio (PA),86 anos,17
1504059,Mãe do Rio (PA),87 anos,16
1504059,Mãe do Rio (PA),88 anos,12
1504059,Mãe do Rio (PA),89 anos,8
1504059,Mãe do Rio (PA),90 anos,9
1504059,Mãe do Rio (PA),91 anos,9
1504059,Mãe do Rio (PA),92 anos,12
1504059,Mãe do Rio (PA),93 anos,8
1504059,Mãe do Rio (PA),94 anos,7
1504059,Mãe do Rio (PA),95 anos,7
1504059,Mãe do Rio (PA),96 anos,3
1504059,Mãe do Rio (PA),97 anos,5
1504059,Mãe do Rio (PA),98 anos,5
1504059,Mãe do Rio (PA),99 anos,1
1504059,Mãe do Rio (PA),100 anos ou mais,-
1504109,Magalhães Barata (PA),Total,8115
1504109,Magalhães Barata (PA),Menos de 1 ano,144
1504109,Magalhães Barata (PA),Menos de 1 mês,11
1504109,Magalhães Barata (PA),1 mês,11
1504109,Magalhães Barata (PA),2 meses,11
1504109,Magalhães Barata (PA),3 meses,15
1504109,Magalhães Barata (PA),4 meses,14
1504109,Magalhães Barata (PA),5 meses,7
1504109,Magalhães Barata (PA),6 meses,4
1504109,Magalhães Barata (PA),7 meses,12
1504109,Magalhães Barata (PA),8 meses,17
1504109,Magalhães Barata (PA),9 meses,15
1504109,Magalhães Barata (PA),10 meses,10
1504109,Magalhães Barata (PA),11 meses,17
1504109,Magalhães Barata (PA),1 ano,169
1504109,Magalhães Barata (PA),2 anos,178
1504109,Magalhães Barata (PA),3 anos,148
1504109,Magalhães Barata (PA),4 anos,168
1504109,Magalhães Barata (PA),5 anos,166
1504109,Magalhães Barata (PA),6 anos,178
1504109,Magalhães Barata (PA),7 anos,185
1504109,Magalhães Barata (PA),8 anos,187
1504109,Magalhães Barata (PA),9 anos,198
1504109,Magalhães Barata (PA),10 anos,198
1504109,Magalhães Barata (PA),11 anos,189
1504109,Magalhães Barata (PA),12 anos,194
1504109,Magalhães Barata (PA),13 anos,193
1504109,Magalhães Barata (PA),14 anos,193
1504109,Magalhães Barata (PA),15 anos,210
1504109,Magalhães Barata (PA),16 anos,193
1504109,Magalhães Barata (PA),17 anos,198
1504109,Magalhães Barata (PA),18 anos,144
1504109,Magalhães Barata (PA),19 anos,167
1504109,Magalhães Barata (PA),20 anos,135
1504109,Magalhães Barata (PA),21 anos,135
1504109,Magalhães Barata (PA),22 anos,160
1504109,Magalhães Barata (PA),23 anos,126
1504109,Magalhães Barata (PA),24 anos,144
1504109,Magalhães Barata (PA),25 anos,145
1504109,Magalhães Barata (PA),26 anos,122
1504109,Magalhães Barata (PA),27 anos,132
1504109,Magalhães Barata (PA),28 anos,137
1504109,Magalhães Barata (PA),29 anos,114
1504109,Magalhães Barata (PA),30 anos,117
1504109,Magalhães Barata (PA),31 anos,97
1504109,Magalhães Barata (PA),32 anos,116
1504109,Magalhães Barata (PA),33 anos,104
1504109,Magalhães Barata (PA),34 anos,95
1504109,Magalhães Barata (PA),35 anos,73
1504109,Magalhães Barata (PA),36 anos,83
1504109,Magalhães Barata (PA),37 anos,83
1504109,Magalhães Barata (PA),38 anos,79
1504109,Magalhães Barata (PA),39 anos,81
1504109,Magalhães Barata (PA),40 anos,99
1504109,Magalhães Barata (PA),41 anos,79
1504109,Magalhães Barata (PA),42 anos,84
1504109,Magalhães Barata (PA),43 anos,75
1504109,Magalhães Barata (PA),44 anos,73
1504109,Magalhães Barata (PA),45 anos,73
1504109,Magalhães Barata (PA),46 anos,70
1504109,Magalhães Barata (PA),47 anos,76
1504109,Magalhães Barata (PA),48 anos,62
1504109,Magalhães Barata (PA),49 anos,71
1504109,Magalhães Barata (PA),50 anos,71
1504109,Magalhães Barata (PA),51 anos,51
1504109,Magalhães Barata (PA),52 anos,74
1504109,Magalhães Barata (PA),53 anos,49
1504109,Magalhães Barata (PA),54 anos,68
1504109,Magalhães Barata (PA),55 anos,46
1504109,Magalhães Barata (PA),56 anos,76
1504109,Magalhães Barata (PA),57 anos,52
1504109,Magalhães Barata (PA),58 anos,58
1504109,Magalhães Barata (PA),59 anos,46
1504109,Magalhães Barata (PA),60 anos,56
1504109,Magalhães Barata (PA),61 anos,55
1504109,Magalhães Barata (PA),62 anos,58
1504109,Magalhães Barata (PA),63 anos,53
1504109,Magalhães Barata (PA),64 anos,52
1504109,Magalhães Barata (PA),65 anos,37
1504109,Magalhães Barata (PA),66 anos,50
1504109,Magalhães Barata (PA),67 anos,41
1504109,Magalhães Barata (PA),68 anos,36
1504109,Magalhães Barata (PA),69 anos,38
1504109,Magalhães Barata (PA),70 anos,40
1504109,Magalhães Barata (PA),71 anos,39
1504109,Magalhães Barata (PA),72 anos,21
1504109,Magalhães Barata (PA),73 anos,23
1504109,Magalhães Barata (PA),74 anos,39
1504109,Magalhães Barata (PA),75 anos,16
1504109,Magalhães Barata (PA),76 anos,28
1504109,Magalhães Barata (PA),77 anos,34
1504109,Magalhães Barata (PA),78 anos,14
1504109,Magalhães Barata (PA),79 anos,21
1504109,Magalhães Barata (PA),80 anos,11
1504109,Magalhães Barata (PA),81 anos,15
1504109,Magalhães Barata (PA),82 anos,12
1504109,Magalhães Barata (PA),83 anos,6
1504109,Magalhães Barata (PA),84 anos,12
1504109,Magalhães Barata (PA),85 anos,10
1504109,Magalhães Barata (PA),86 anos,11
1504109,Magalhães Barata (PA),87 anos,9
1504109,Magalhães Barata (PA),88 anos,8
1504109,Magalhães Barata (PA),89 anos,5
1504109,Magalhães Barata (PA),90 anos,7
1504109,Magalhães Barata (PA),91 anos,2
1504109,Magalhães Barata (PA),92 anos,8
1504109,Magalhães Barata (PA),93 anos,7
1504109,Magalhães Barata (PA),94 anos,2
1504109,Magalhães Barata (PA),95 anos,6
1504109,Magalhães Barata (PA),96 anos,1
1504109,Magalhães Barata (PA),97 anos,1
1504109,Magalhães Barata (PA),98 anos,-
1504109,Magalhães Barata (PA),99 anos,-
1504109,Magalhães Barata (PA),100 anos ou mais,-
1504208,Marabá (PA),Total,233669
1504208,Marabá (PA),Menos de 1 ano,4878
1504208,Marabá (PA),Menos de 1 mês,374
1504208,Marabá (PA),1 mês,366
1504208,Marabá (PA),2 meses,453
1504208,Marabá (PA),3 meses,355
1504208,Marabá (PA),4 meses,377
1504208,Marabá (PA),5 meses,328
1504208,Marabá (PA),6 meses,366
1504208,Marabá (PA),7 meses,451
1504208,Marabá (PA),8 meses,437
1504208,Marabá (PA),9 meses,454
1504208,Marabá (PA),10 meses,451
1504208,Marabá (PA),11 meses,466
1504208,Marabá (PA),1 ano,4948
1504208,Marabá (PA),2 anos,4841
1504208,Marabá (PA),3 anos,5012
1504208,Marabá (PA),4 anos,4934
1504208,Marabá (PA),5 anos,5029
1504208,Marabá (PA),6 anos,4811
1504208,Marabá (PA),7 anos,4904
1504208,Marabá (PA),8 anos,4519
1504208,Marabá (PA),9 anos,4755
1504208,Marabá (PA),10 anos,5208
1504208,Marabá (PA),11 anos,4621
1504208,Marabá (PA),12 anos,5018
1504208,Marabá (PA),13 anos,5052
1504208,Marabá (PA),14 anos,4983
1504208,Marabá (PA),15 anos,4975
1504208,Marabá (PA),16 anos,4750
1504208,Marabá (PA),17 anos,4814
1504208,Marabá (PA),18 anos,4800
1504208,Marabá (PA),19 anos,4643
1504208,Marabá (PA),20 anos,4861
1504208,Marabá (PA),21 anos,4875
1504208,Marabá (PA),22 anos,5239
1504208,Marabá (PA),23 anos,4994
1504208,Marabá (PA),24 anos,5156
1504208,Marabá (PA),25 anos,5053
1504208,Marabá (PA),26 anos,4827
1504208,Marabá (PA),27 anos,4954
1504208,Marabá (PA),28 anos,4755
1504208,Marabá (PA),29 anos,4384
1504208,Marabá (PA),30 anos,4678
1504208,Marabá (PA),31 anos,3887
1504208,Marabá (PA),32 anos,3980
1504208,Marabá (PA),33 anos,3839
1504208,Marabá (PA),34 anos,3617
1504208,Marabá (PA),35 anos,3480
1504208,Marabá (PA),36 anos,3316
1504208,Marabá (PA),37 anos,3059
1504208,Marabá (PA),38 anos,2922
1504208,Marabá (PA),39 anos,2845
1504208,Marabá (PA),40 anos,3107
1504208,Marabá (PA),41 anos,2536
1504208,Marabá (PA),42 anos,2628
1504208,Marabá (PA),43 anos,2460
1504208,Marabá (PA),44 anos,2380
1504208,Marabá (PA),45 anos,2341
1504208,Marabá (PA),46 anos,2342
1504208,Marabá (PA),47 anos,2218
1504208,Marabá (PA),48 anos,2006
1504208,Marabá (PA),49 anos,1798
1504208,Marabá (PA),50 anos,2051
1504208,Marabá (PA),51 anos,1582
1504208,Marabá (PA),52 anos,1810
1504208,Marabá (PA),53 anos,1505
1504208,Marabá (PA),54 anos,1485
1504208,Marabá (PA),55 anos,1469
1504208,Marabá (PA),56 anos,1344
1504208,Marabá (PA),57 anos,1215
1504208,Marabá (PA),58 anos,1187
1504208,Marabá (PA),59 anos,1104
1504208,Marabá (PA),60 anos,1148
1504208,Marabá (PA),61 anos,776
1504208,Marabá (PA),62 anos,897
1504208,Marabá (PA),63 anos,789
1504208,Marabá (PA),64 anos,705
1504208,Marabá (PA),65 anos,773
1504208,Marabá (PA),66 anos,718
1504208,Marabá (PA),67 anos,636
1504208,Marabá (PA),68 anos,581
1504208,Marabá (PA),69 anos,520
1504208,Marabá (PA),70 anos,677
1504208,Marabá (PA),71 anos,436
1504208,Marabá (PA),72 anos,433
1504208,Marabá (PA),73 anos,408
1504208,Marabá (PA),74 anos,443
1504208,Marabá (PA),75 anos,356
1504208,Marabá (PA),76 anos,311
1504208,Marabá (PA),77 anos,334
1504208,Marabá (PA),78 anos,295
1504208,Marabá (PA),79 anos,263
1504208,Marabá (PA),80 anos,234
1504208,Marabá (PA),81 anos,175
1504208,Marabá (PA),82 anos,144
1504208,Marabá (PA),83 anos,116
1504208,Marabá (PA),84 anos,105
1504208,Marabá (PA),85 anos,100
1504208,Marabá (PA),86 anos,104
1504208,Marabá (PA),87 anos,80
1504208,Marabá (PA),88 anos,56
1504208,Marabá (PA),89 anos,49
1504208,Marabá (PA),90 anos,60
1504208,Marabá (PA),91 anos,30
1504208,Marabá (PA),92 anos,25
1504208,Marabá (PA),93 anos,16
1504208,Marabá (PA),94 anos,24
1504208,Marabá (PA),95 anos,14
1504208,Marabá (PA),96 anos,11
1504208,Marabá (PA),97 anos,10
1504208,Marabá (PA),98 anos,6
1504208,Marabá (PA),99 anos,9
1504208,Marabá (PA),100 anos ou mais,18
1504307,Maracanã (PA),Total,28376
1504307,Maracanã (PA),Menos de 1 ano,509
1504307,Maracanã (PA),Menos de 1 mês,41
1504307,Maracanã (PA),1 mês,34
1504307,Maracanã (PA),2 meses,39
1504307,Maracanã (PA),3 meses,37
1504307,Maracanã (PA),4 meses,38
1504307,Maracanã (PA),5 meses,38
1504307,Maracanã (PA),6 meses,52
1504307,Maracanã (PA),7 meses,48
1504307,Maracanã (PA),8 meses,36
1504307,Maracanã (PA),9 meses,57
1504307,Maracanã (PA),10 meses,46
1504307,Maracanã (PA),11 meses,43
1504307,Maracanã (PA),1 ano,526
1504307,Maracanã (PA),2 anos,521
1504307,Maracanã (PA),3 anos,601
1504307,Maracanã (PA),4 anos,577
1504307,Maracanã (PA),5 anos,625
1504307,Maracanã (PA),6 anos,624
1504307,Maracanã (PA),7 anos,706
1504307,Maracanã (PA),8 anos,660
1504307,Maracanã (PA),9 anos,646
1504307,Maracanã (PA),10 anos,747
1504307,Maracanã (PA),11 anos,683
1504307,Maracanã (PA),12 anos,651
1504307,Maracanã (PA),13 anos,733
1504307,Maracanã (PA),14 anos,771
1504307,Maracanã (PA),15 anos,729
1504307,Maracanã (PA),16 anos,702
1504307,Maracanã (PA),17 anos,660
1504307,Maracanã (PA),18 anos,597
1504307,Maracanã (PA),19 anos,511
1504307,Maracanã (PA),20 anos,495
1504307,Maracanã (PA),21 anos,474
1504307,Maracanã (PA),22 anos,495
1504307,Maracanã (PA),23 anos,452
1504307,Maracanã (PA),24 anos,457
1504307,Maracanã (PA),25 anos,435
1504307,Maracanã (PA),26 anos,447
1504307,Maracanã (PA),27 anos,446
1504307,Maracanã (PA),28 anos,424
1504307,Maracanã (PA),29 anos,414
1504307,Maracanã (PA),30 anos,432
1504307,Maracanã (PA),31 anos,374
1504307,Maracanã (PA),32 anos,377
1504307,Maracanã (PA),33 anos,323
1504307,Maracanã (PA),34 anos,353
1504307,Maracanã (PA),35 anos,363
1504307,Maracanã (PA),36 anos,323
1504307,Maracanã (PA),37 anos,327
1504307,Maracanã (PA),38 anos,283
1504307,Maracanã (PA),39 anos,293
1504307,Maracanã (PA),40 anos,345
1504307,Maracanã (PA),41 anos,249
1504307,Maracanã (PA),42 anos,272
1504307,Maracanã (PA),43 anos,269
1504307,Maracanã (PA),44 anos,289
1504307,Maracanã (PA),45 anos,258
1504307,Maracanã (PA),46 anos,246
1504307,Maracanã (PA),47 anos,261
1504307,Maracanã (PA),48 anos,240
1504307,Maracanã (PA),49 anos,228
1504307,Maracanã (PA),50 anos,225
1504307,Maracanã (PA),51 anos,198
1504307,Maracanã (PA),52 anos,220
1504307,Maracanã (PA),53 anos,218
1504307,Maracanã (PA),54 anos,219
1504307,Maracanã (PA),55 anos,199
1504307,Maracanã (PA),56 anos,221
1504307,Maracanã (PA),57 anos,180
1504307,Maracanã (PA),58 anos,198
1504307,Maracanã (PA),59 anos,181
1504307,Maracanã (PA),60 anos,188
1504307,Maracanã (PA),61 anos,168
1504307,Maracanã (PA),62 anos,161
1504307,Maracanã (PA),63 anos,170
1504307,Maracanã (PA),64 anos,137
1504307,Maracanã (PA),65 anos,141
1504307,Maracanã (PA),66 anos,193
1504307,Maracanã (PA),67 anos,148
1504307,Maracanã (PA),68 anos,120
1504307,Maracanã (PA),69 anos,140
1504307,Maracanã (PA),70 anos,152
1504307,Maracanã (PA),71 anos,89
1504307,Maracanã (PA),72 anos,86
1504307,Maracanã (PA),73 anos,104
1504307,Maracanã (PA),74 anos,97
1504307,Maracanã (PA),75 anos,83
1504307,Maracanã (PA),76 anos,61
1504307,Maracanã (PA),77 anos,86
1504307,Maracanã (PA),78 anos,63
1504307,Maracanã (PA),79 anos,59
1504307,Maracanã (PA),80 anos,55
1504307,Maracanã (PA),81 anos,28
1504307,Maracanã (PA),82 anos,40
1504307,Maracanã (PA),83 anos,43
1504307,Maracanã (PA),84 anos,36
1504307,Maracanã (PA),85 anos,28
1504307,Maracanã (PA),86 anos,21
1504307,Maracanã (PA),87 anos,15
1504307,Maracanã (PA),88 anos,25
1504307,Maracanã (PA),89 anos,17
1504307,Maracanã (PA),90 anos,26
1504307,Maracanã (PA),91 anos,9
1504307,Maracanã (PA),92 anos,20
1504307,Maracanã (PA),93 anos,28
1504307,Maracanã (PA),94 anos,10
1504307,Maracanã (PA),95 anos,8
1504307,Maracanã (PA),96 anos,8
1504307,Maracanã (PA),97 anos,5
1504307,Maracanã (PA),98 anos,7
1504307,Maracanã (PA),99 anos,7
1504307,Maracanã (PA),100 anos ou mais,12
1504406,Marapanim (PA),Total,26605
1504406,Marapanim (PA),Menos de 1 ano,444
1504406,Marapanim (PA),Menos de 1 mês,32
1504406,Marapanim (PA),1 mês,26
1504406,Marapanim (PA),2 meses,32
1504406,Marapanim (PA),3 meses,45
1504406,Marapanim (PA),4 meses,32
1504406,Marapanim (PA),5 meses,31
1504406,Marapanim (PA),6 meses,40
1504406,Marapanim (PA),7 meses,51
1504406,Marapanim (PA),8 meses,39
1504406,Marapanim (PA),9 meses,36
1504406,Marapanim (PA),10 meses,33
1504406,Marapanim (PA),11 meses,47
1504406,Marapanim (PA),1 ano,477
1504406,Marapanim (PA),2 anos,507
1504406,Marapanim (PA),3 anos,433
1504406,Marapanim (PA),4 anos,469
1504406,Marapanim (PA),5 anos,534
1504406,Marapanim (PA),6 anos,525
1504406,Marapanim (PA),7 anos,552
1504406,Marapanim (PA),8 anos,585
1504406,Marapanim (PA),9 anos,607
1504406,Marapanim (PA),10 anos,673
1504406,Marapanim (PA),11 anos,623
1504406,Marapanim (PA),12 anos,600
1504406,Marapanim (PA),13 anos,642
1504406,Marapanim (PA),14 anos,666
1504406,Marapanim (PA),15 anos,660
1504406,Marapanim (PA),16 anos,650
1504406,Marapanim (PA),17 anos,608
1504406,Marapanim (PA),18 anos,516
1504406,Marapanim (PA),19 anos,489
1504406,Marapanim (PA),20 anos,442
1504406,Marapanim (PA),21 anos,463
1504406,Marapanim (PA),22 anos,472
1504406,Marapanim (PA),23 anos,421
1504406,Marapanim (PA),24 anos,397
1504406,Marapanim (PA),25 anos,442
1504406,Marapanim (PA),26 anos,402
1504406,Marapanim (PA),27 anos,434
1504406,Marapanim (PA),28 anos,449
1504406,Marapanim (PA),29 anos,371
1504406,Marapanim (PA),30 anos,381
1504406,Marapanim (PA),31 anos,363
1504406,Marapanim (PA),32 anos,368
1504406,Marapanim (PA),33 anos,344
1504406,Marapanim (PA),34 anos,357
1504406,Marapanim (PA),35 anos,327
1504406,Marapanim (PA),36 anos,333
1504406,Marapanim (PA),37 anos,336
1504406,Marapanim (PA),38 anos,316
1504406,Marapanim (PA),39 anos,306
1504406,Marapanim (PA),40 anos,358
1504406,Marapanim (PA),41 anos,270
1504406,Marapanim (PA),42 anos,256
1504406,Marapanim (PA),43 anos,257
1504406,Marapanim (PA),44 anos,257
1504406,Marapanim (PA),45 anos,227
1504406,Marapanim (PA),46 anos,246
1504406,Marapanim (PA),47 anos,238
1504406,Marapanim (PA),48 anos,231
1504406,Marapanim (PA),49 anos,235
1504406,Marapanim (PA),50 anos,247
1504406,Marapanim (PA),51 anos,205
1504406,Marapanim (PA),52 anos,221
1504406,Marapanim (PA),53 anos,238
1504406,Marapanim (PA),54 anos,222
1504406,Marapanim (PA),55 anos,219
1504406,Marapanim (PA),56 anos,233
1504406,Marapanim (PA),57 anos,189
1504406,Marapanim (PA),58 anos,182
1504406,Marapanim (PA),59 anos,176
1504406,Marapanim (PA),60 anos,182
1504406,Marapanim (PA),61 anos,152
1504406,Marapanim (PA),62 anos,156
1504406,Marapanim (PA),63 anos,167
1504406,Marapanim (PA),64 anos,151
1504406,Marapanim (PA),65 anos,172
1504406,Marapanim (PA),66 anos,159
1504406,Marapanim (PA),67 anos,165
1504406,Marapanim (PA),68 anos,126
1504406,Marapanim (PA),69 anos,107
1504406,Marapanim (PA),70 anos,141
1504406,Marapanim (PA),71 anos,89
1504406,Marapanim (PA),72 anos,80
1504406,Marapanim (PA),73 anos,116
1504406,Marapanim (PA),74 anos,110
1504406,Marapanim (PA),75 anos,100
1504406,Marapanim (PA),76 anos,62
1504406,Marapanim (PA),77 anos,75
1504406,Marapanim (PA),78 anos,83
1504406,Marapanim (PA),79 anos,64
1504406,Marapanim (PA),80 anos,52
1504406,Marapanim (PA),81 anos,49
1504406,Marapanim (PA),82 anos,43
1504406,Marapanim (PA),83 anos,42
1504406,Marapanim (PA),84 anos,36
1504406,Marapanim (PA),85 anos,23
1504406,Marapanim (PA),86 anos,21
1504406,Marapanim (PA),87 anos,29
1504406,Marapanim (PA),88 anos,20
1504406,Marapanim (PA),89 anos,21
1504406,Marapanim (PA),90 anos,23
1504406,Marapanim (PA),91 anos,15
1504406,Marapanim (PA),92 anos,18
1504406,Marapanim (PA),93 anos,17
1504406,Marapanim (PA),94 anos,9
1504406,Marapanim (PA),95 anos,9
1504406,Marapanim (PA),96 anos,11
1504406,Marapanim (PA),97 anos,6
1504406,Marapanim (PA),98 anos,5
1504406,Marapanim (PA),99 anos,3
1504406,Marapanim (PA),100 anos ou mais,5
1504422,Marituba (PA),Total,108246
1504422,Marituba (PA),Menos de 1 ano,1814
1504422,Marituba (PA),Menos de 1 mês,108
1504422,Marituba (PA),1 mês,134
1504422,Marituba (PA),2 meses,125
1504422,Marituba (PA),3 meses,114
1504422,Marituba (PA),4 meses,133
1504422,Marituba (PA),5 meses,129
1504422,Marituba (PA),6 meses,189
1504422,Marituba (PA),7 meses,185
1504422,Marituba (PA),8 meses,209
1504422,Marituba (PA),9 meses,169
1504422,Marituba (PA),10 meses,169
1504422,Marituba (PA),11 meses,150
1504422,Marituba (PA),1 ano,1933
1504422,Marituba (PA),2 anos,1891
1504422,Marituba (PA),3 anos,2073
1504422,Marituba (PA),4 anos,2022
1504422,Marituba (PA),5 anos,1995
1504422,Marituba (PA),6 anos,1965
1504422,Marituba (PA),7 anos,2078
1504422,Marituba (PA),8 anos,2050
1504422,Marituba (PA),9 anos,2275
1504422,Marituba (PA),10 anos,2433
1504422,Marituba (PA),11 anos,2280
1504422,Marituba (PA),12 anos,2040
1504422,Marituba (PA),13 anos,2068
1504422,Marituba (PA),14 anos,2223
1504422,Marituba (PA),15 anos,2087
1504422,Marituba (PA),16 anos,2000
1504422,Marituba (PA),17 anos,2050
1504422,Marituba (PA),18 anos,2019
1504422,Marituba (PA),19 anos,2075
1504422,Marituba (PA),20 anos,2234
1504422,Marituba (PA),21 anos,2122
1504422,Marituba (PA),22 anos,2217
1504422,Marituba (PA),23 anos,2177
1504422,Marituba (PA),24 anos,2393
1504422,Marituba (PA),25 anos,2349
1504422,Marituba (PA),26 anos,2006
1504422,Marituba (PA),27 anos,2240
1504422,Marituba (PA),28 anos,2251
1504422,Marituba (PA),29 anos,2558
1504422,Marituba (PA),30 anos,2809
1504422,Marituba (PA),31 anos,2281
1504422,Marituba (PA),32 anos,2056
1504422,Marituba (PA),33 anos,1840
1504422,Marituba (PA),34 anos,1891
1504422,Marituba (PA),35 anos,2072
1504422,Marituba (PA),36 anos,1688
1504422,Marituba (PA),37 anos,1649
1504422,Marituba (PA),38 anos,1559
1504422,Marituba (PA),39 anos,1826
1504422,Marituba (PA),40 anos,1919
1504422,Marituba (PA),41 anos,1443
1504422,Marituba (PA),42 anos,1315
1504422,Marituba (PA),43 anos,1110
1504422,Marituba (PA),44 anos,1173
1504422,Marituba (PA),45 anos,1239
1504422,Marituba (PA),46 anos,966
1504422,Marituba (PA),47 anos,997
1504422,Marituba (PA),48 anos,895
1504422,Marituba (PA),49 anos,956
1504422,Marituba (PA),50 anos,1128
1504422,Marituba (PA),51 anos,700
1504422,Marituba (PA),52 anos,794
1504422,Marituba (PA),53 anos,673
1504422,Marituba (PA),54 anos,722
1504422,Marituba (PA),55 anos,671
1504422,Marituba (PA),56 anos,578
1504422,Marituba (PA),57 anos,527
1504422,Marituba (PA),58 anos,555
1504422,Marituba (PA),59 anos,526
1504422,Marituba (PA),60 anos,635
1504422,Marituba (PA),61 anos,382
1504422,Marituba (PA),62 anos,398
1504422,Marituba (PA),63 anos,315
1504422,Marituba (PA),64 anos,310
1504422,Marituba (PA),65 anos,412
1504422,Marituba (PA),66 anos,250
1504422,Marituba (PA),67 anos,245
1504422,Marituba (PA),68 anos,272
1504422,Marituba (PA),69 anos,282
1504422,Marituba (PA),70 anos,302
1504422,Marituba (PA),71 anos,188
1504422,Marituba (PA),72 anos,172
1504422,Marituba (PA),73 anos,174
1504422,Marituba (PA),74 anos,155
1504422,Marituba (PA),75 anos,161
1504422,Marituba (PA),76 anos,101
1504422,Marituba (PA),77 anos,130
1504422,Marituba (PA),78 anos,100
1504422,Marituba (PA),79 anos,115
1504422,Marituba (PA),80 anos,95
1504422,Marituba (PA),81 anos,57
1504422,Marituba (PA),82 anos,52
1504422,Marituba (PA),83 anos,51
1504422,Marituba (PA),84 anos,67
1504422,Marituba (PA),85 anos,51
1504422,Marituba (PA),86 anos,42
1504422,Marituba (PA),87 anos,36
1504422,Marituba (PA),88 anos,30
1504422,Marituba (PA),89 anos,44
1504422,Marituba (PA),90 anos,43
1504422,Marituba (PA),91 anos,22
1504422,Marituba (PA),92 anos,15
1504422,Marituba (PA),93 anos,9
1504422,Marituba (PA),94 anos,10
1504422,Marituba (PA),95 anos,8
1504422,Marituba (PA),96 anos,8
1504422,Marituba (PA),97 anos,5
1504422,Marituba (PA),98 anos,8
1504422,Marituba (PA),99 anos,3
1504422,Marituba (PA),100 anos ou mais,15
1504455,Medicilândia (PA),Total,27328
1504455,Medicilândia (PA),Menos de 1 ano,483
1504455,Medicilândia (PA),Menos de 1 mês,38
1504455,Medicilândia (PA),1 mês,41
1504455,Medicilândia (PA),2 meses,37
1504455,Medicilândia (PA),3 meses,29
1504455,Medicilândia (PA),4 meses,36
1504455,Medicilândia (PA),5 meses,38
1504455,Medicilândia (PA),6 meses,46
1504455,Medicilândia (PA),7 meses,48
1504455,Medicilândia (PA),8 meses,46
1504455,Medicilândia (PA),9 meses,36
1504455,Medicilândia (PA),10 meses,43
1504455,Medicilândia (PA),11 meses,45
1504455,Medicilândia (PA),1 ano,483
1504455,Medicilândia (PA),2 anos,547
1504455,Medicilândia (PA),3 anos,592
1504455,Medicilândia (PA),4 anos,552
1504455,Medicilândia (PA),5 anos,563
1504455,Medicilândia (PA),6 anos,590
1504455,Medicilândia (PA),7 anos,554
1504455,Medicilândia (PA),8 anos,631
1504455,Medicilândia (PA),9 anos,656
1504455,Medicilândia (PA),10 anos,650
1504455,Medicilândia (PA),11 anos,616
1504455,Medicilândia (PA),12 anos,572
1504455,Medicilândia (PA),13 anos,551
1504455,Medicilândia (PA),14 anos,632
1504455,Medicilândia (PA),15 anos,617
1504455,Medicilândia (PA),16 anos,631
1504455,Medicilândia (PA),17 anos,592
1504455,Medicilândia (PA),18 anos,585
1504455,Medicilândia (PA),19 anos,553
1504455,Medicilândia (PA),20 anos,607
1504455,Medicilândia (PA),21 anos,480
1504455,Medicilândia (PA),22 anos,512
1504455,Medicilândia (PA),23 anos,533
1504455,Medicilândia (PA),24 anos,567
1504455,Medicilândia (PA),25 anos,515
1504455,Medicilândia (PA),26 anos,454
1504455,Medicilândia (PA),27 anos,518
1504455,Medicilândia (PA),28 anos,522
1504455,Medicilândia (PA),29 anos,482
1504455,Medicilândia (PA),30 anos,525
1504455,Medicilândia (PA),31 anos,457
1504455,Medicilândia (PA),32 anos,459
1504455,Medicilândia (PA),33 anos,399
1504455,Medicilândia (PA),34 anos,365
1504455,Medicilândia (PA),35 anos,397
1504455,Medicilândia (PA),36 anos,319
1504455,Medicilândia (PA),37 anos,363
1504455,Medicilândia (PA),38 anos,345
1504455,Medicilândia (PA),39 anos,347
1504455,Medicilândia (PA),40 anos,374
1504455,Medicilândia (PA),41 anos,333
1504455,Medicilândia (PA),42 anos,318
1504455,Medicilândia (PA),43 anos,322
1504455,Medicilândia (PA),44 anos,274
1504455,Medicilândia (PA),45 anos,292
1504455,Medicilândia (PA),46 anos,273
1504455,Medicilândia (PA),47 anos,307
1504455,Medicilândia (PA),48 anos,242
1504455,Medicilândia (PA),49 anos,225
1504455,Medicilândia (PA),50 anos,252
1504455,Medicilândia (PA),51 anos,203
1504455,Medicilândia (PA),52 anos,216
1504455,Medicilândia (PA),53 anos,205
1504455,Medicilândia (PA),54 anos,202
1504455,Medicilândia (PA),55 anos,197
1504455,Medicilândia (PA),56 anos,184
1504455,Medicilândia (PA),57 anos,161
1504455,Medicilândia (PA),58 anos,154
1504455,Medicilândia (PA),59 anos,142
1504455,Medicilândia (PA),60 anos,145
1504455,Medicilândia (PA),61 anos,106
1504455,Medicilândia (PA),62 anos,113
1504455,Medicilândia (PA),63 anos,104
1504455,Medicilândia (PA),64 anos,110
1504455,Medicilândia (PA),65 anos,103
1504455,Medicilândia (PA),66 anos,102
1504455,Medicilândia (PA),67 anos,101
1504455,Medicilândia (PA),68 anos,71
1504455,Medicilândia (PA),69 anos,70
1504455,Medicilândia (PA),70 anos,83
1504455,Medicilândia (PA),71 anos,46
1504455,Medicilândia (PA),72 anos,51
1504455,Medicilândia (PA),73 anos,55
1504455,Medicilândia (PA),74 anos,47
1504455,Medicilândia (PA),75 anos,45
1504455,Medicilândia (PA),76 anos,28
1504455,Medicilândia (PA),77 anos,40
1504455,Medicilândia (PA),78 anos,35
1504455,Medicilândia (PA),79 anos,24
1504455,Medicilândia (PA),80 anos,28
1504455,Medicilândia (PA),81 anos,28
1504455,Medicilândia (PA),82 anos,14
1504455,Medicilândia (PA),83 anos,14
1504455,Medicilândia (PA),84 anos,17
1504455,Medicilândia (PA),85 anos,9
1504455,Medicilândia (PA),86 anos,9
1504455,Medicilândia (PA),87 anos,8
1504455,Medicilândia (PA),88 anos,8
1504455,Medicilândia (PA),89 anos,7
1504455,Medicilândia (PA),90 anos,5
1504455,Medicilândia (PA),91 anos,2
1504455,Medicilândia (PA),92 anos,2
1504455,Medicilândia (PA),93 anos,1
1504455,Medicilândia (PA),94 anos,2
1504455,Medicilândia (PA),95 anos,2
1504455,Medicilândia (PA),96 anos,-
1504455,Medicilândia (PA),97 anos,1
1504455,Medicilândia (PA),98 anos,-
1504455,Medicilândia (PA),99 anos,-
1504455,Medicilândia (PA),100 anos ou mais,-
1504505,Melgaço (PA),Total,24808
1504505,Melgaço (PA),Menos de 1 ano,757
1504505,Melgaço (PA),Menos de 1 mês,67
1504505,Melgaço (PA),1 mês,67
1504505,Melgaço (PA),2 meses,70
1504505,Melgaço (PA),3 meses,64
1504505,Melgaço (PA),4 meses,60
1504505,Melgaço (PA),5 meses,55
1504505,Melgaço (PA),6 meses,52
1504505,Melgaço (PA),7 meses,58
1504505,Melgaço (PA),8 meses,76
1504505,Melgaço (PA),9 meses,56
1504505,Melgaço (PA),10 meses,65
1504505,Melgaço (PA),11 meses,67
1504505,Melgaço (PA),1 ano,711
1504505,Melgaço (PA),2 anos,769
1504505,Melgaço (PA),3 anos,726
1504505,Melgaço (PA),4 anos,762
1504505,Melgaço (PA),5 anos,777
1504505,Melgaço (PA),6 anos,732
1504505,Melgaço (PA),7 anos,736
1504505,Melgaço (PA),8 anos,666
1504505,Melgaço (PA),9 anos,717
1504505,Melgaço (PA),10 anos,721
1504505,Melgaço (PA),11 anos,714
1504505,Melgaço (PA),12 anos,772
1504505,Melgaço (PA),13 anos,667
1504505,Melgaço (PA),14 anos,741
1504505,Melgaço (PA),15 anos,668
1504505,Melgaço (PA),16 anos,643
1504505,Melgaço (PA),17 anos,600
1504505,Melgaço (PA),18 anos,583
1504505,Melgaço (PA),19 anos,536
1504505,Melgaço (PA),20 anos,592
1504505,Melgaço (PA),21 anos,450
1504505,Melgaço (PA),22 anos,498
1504505,Melgaço (PA),23 anos,417
1504505,Melgaço (PA),24 anos,430
1504505,Melgaço (PA),25 anos,468
1504505,Melgaço (PA),26 anos,406
1504505,Melgaço (PA),27 anos,360
1504505,Melgaço (PA),28 anos,376
1504505,Melgaço (PA),29 anos,398
1504505,Melgaço (PA),30 anos,464
1504505,Melgaço (PA),31 anos,303
1504505,Melgaço (PA),32 anos,336
1504505,Melgaço (PA),33 anos,279
1504505,Melgaço (PA),34 anos,269
1504505,Melgaço (PA),35 anos,286
1504505,Melgaço (PA),36 anos,241
1504505,Melgaço (PA),37 anos,234
1504505,Melgaço (PA),38 anos,247
1504505,Melgaço (PA),39 anos,251
1504505,Melgaço (PA),40 anos,294
1504505,Melgaço (PA),41 anos,200
1504505,Melgaço (PA),42 anos,155
1504505,Melgaço (PA),43 anos,126
1504505,Melgaço (PA),44 anos,145
1504505,Melgaço (PA),45 anos,170
1504505,Melgaço (PA),46 anos,134
1504505,Melgaço (PA),47 anos,118
1504505,Melgaço (PA),48 anos,135
1504505,Melgaço (PA),49 anos,107
1504505,Melgaço (PA),50 anos,122
1504505,Melgaço (PA),51 anos,92
1504505,Melgaço (PA),52 anos,94
1504505,Melgaço (PA),53 anos,96
1504505,Melgaço (PA),54 anos,98
1504505,Melgaço (PA),55 anos,121
1504505,Melgaço (PA),56 anos,85
1504505,Melgaço (PA),57 anos,100
1504505,Melgaço (PA),58 anos,89
1504505,Melgaço (PA),59 anos,83
1504505,Melgaço (PA),60 anos,77
1504505,Melgaço (PA),61 anos,64
1504505,Melgaço (PA),62 anos,48
1504505,Melgaço (PA),63 anos,60
1504505,Melgaço (PA),64 anos,44
1504505,Melgaço (PA),65 anos,57
1504505,Melgaço (PA),66 anos,48
1504505,Melgaço (PA),67 anos,43
1504505,Melgaço (PA),68 anos,48
1504505,Melgaço (PA),69 anos,38
1504505,Melgaço (PA),70 anos,44
1504505,Melgaço (PA),71 anos,19
1504505,Melgaço (PA),72 anos,26
1504505,Melgaço (PA),73 anos,25
1504505,Melgaço (PA),74 anos,31
1504505,Melgaço (PA),75 anos,23
1504505,Melgaço (PA),76 anos,13
1504505,Melgaço (PA),77 anos,22
1504505,Melgaço (PA),78 anos,19
1504505,Melgaço (PA),79 anos,20
1504505,Melgaço (PA),80 anos,24
1504505,Melgaço (PA),81 anos,10
1504505,Melgaço (PA),82 anos,8
1504505,Melgaço (PA),83 anos,10
1504505,Melgaço (PA),84 anos,7
1504505,Melgaço (PA),85 anos,14
1504505,Melgaço (PA),86 anos,7
1504505,Melgaço (PA),87 anos,14
1504505,Melgaço (PA),88 anos,3
1504505,Melgaço (PA),89 anos,5
1504505,Melgaço (PA),90 anos,5
1504505,Melgaço (PA),91 anos,2
1504505,Melgaço (PA),92 anos,8
1504505,Melgaço (PA),93 anos,16
1504505,Melgaço (PA),94 anos,9
1504505,Melgaço (PA),95 anos,12
1504505,Melgaço (PA),96 anos,11
1504505,Melgaço (PA),97 anos,2
1504505,Melgaço (PA),98 anos,2
1504505,Melgaço (PA),99 anos,-
1504505,Melgaço (PA),100 anos ou mais,3
1504604,Mocajuba (PA),Total,26731
1504604,Mocajuba (PA),Menos de 1 ano,510
1504604,Mocajuba (PA),Menos de 1 mês,38
1504604,Mocajuba (PA),1 mês,47
1504604,Mocajuba (PA),2 meses,43
1504604,Mocajuba (PA),3 meses,42
1504604,Mocajuba (PA),4 meses,33
1504604,Mocajuba (PA),5 meses,26
1504604,Mocajuba (PA),6 meses,30
1504604,Mocajuba (PA),7 meses,53
1504604,Mocajuba (PA),8 meses,42
1504604,Mocajuba (PA),9 meses,49
1504604,Mocajuba (PA),10 meses,44
1504604,Mocajuba (PA),11 meses,63
1504604,Mocajuba (PA),1 ano,586
1504604,Mocajuba (PA),2 anos,573
1504604,Mocajuba (PA),3 anos,614
1504604,Mocajuba (PA),4 anos,665
1504604,Mocajuba (PA),5 anos,695
1504604,Mocajuba (PA),6 anos,682
1504604,Mocajuba (PA),7 anos,649
1504604,Mocajuba (PA),8 anos,687
1504604,Mocajuba (PA),9 anos,678
1504604,Mocajuba (PA),10 anos,708
1504604,Mocajuba (PA),11 anos,663
1504604,Mocajuba (PA),12 anos,710
1504604,Mocajuba (PA),13 anos,688
1504604,Mocajuba (PA),14 anos,699
1504604,Mocajuba (PA),15 anos,667
1504604,Mocajuba (PA),16 anos,625
1504604,Mocajuba (PA),17 anos,629
1504604,Mocajuba (PA),18 anos,584
1504604,Mocajuba (PA),19 anos,535
1504604,Mocajuba (PA),20 anos,558
1504604,Mocajuba (PA),21 anos,523
1504604,Mocajuba (PA),22 anos,599
1504604,Mocajuba (PA),23 anos,461
1504604,Mocajuba (PA),24 anos,493
1504604,Mocajuba (PA),25 anos,483
1504604,Mocajuba (PA),26 anos,436
1504604,Mocajuba (PA),27 anos,408
1504604,Mocajuba (PA),28 anos,416
1504604,Mocajuba (PA),29 anos,398
1504604,Mocajuba (PA),30 anos,431
1504604,Mocajuba (PA),31 anos,311
1504604,Mocajuba (PA),32 anos,344
1504604,Mocajuba (PA),33 anos,319
1504604,Mocajuba (PA),34 anos,340
1504604,Mocajuba (PA),35 anos,333
1504604,Mocajuba (PA),36 anos,315
1504604,Mocajuba (PA),37 anos,287
1504604,Mocajuba (PA),38 anos,279
1504604,Mocajuba (PA),39 anos,273
1504604,Mocajuba (PA),40 anos,295
1504604,Mocajuba (PA),41 anos,249
1504604,Mocajuba (PA),42 anos,261
1504604,Mocajuba (PA),43 anos,262
1504604,Mocajuba (PA),44 anos,231
1504604,Mocajuba (PA),45 anos,204
1504604,Mocajuba (PA),46 anos,191
1504604,Mocajuba (PA),47 anos,184
1504604,Mocajuba (PA),48 anos,175
1504604,Mocajuba (PA),49 anos,206
1504604,Mocajuba (PA),50 anos,152
1504604,Mocajuba (PA),51 anos,159
1504604,Mocajuba (PA),52 anos,148
1504604,Mocajuba (PA),53 anos,205
1504604,Mocajuba (PA),54 anos,168
1504604,Mocajuba (PA),55 anos,173
1504604,Mocajuba (PA),56 anos,139
1504604,Mocajuba (PA),57 anos,134
1504604,Mocajuba (PA),58 anos,122
1504604,Mocajuba (PA),59 anos,136
1504604,Mocajuba (PA),60 anos,136
1504604,Mocajuba (PA),61 anos,125
1504604,Mocajuba (PA),62 anos,127
1504604,Mocajuba (PA),63 anos,105
1504604,Mocajuba (PA),64 anos,105
1504604,Mocajuba (PA),65 anos,119
1504604,Mocajuba (PA),66 anos,120
1504604,Mocajuba (PA),67 anos,99
1504604,Mocajuba (PA),68 anos,92
1504604,Mocajuba (PA),69 anos,68
1504604,Mocajuba (PA),70 anos,105
1504604,Mocajuba (PA),71 anos,84
1504604,Mocajuba (PA),72 anos,79
1504604,Mocajuba (PA),73 anos,82
1504604,Mocajuba (PA),74 anos,62
1504604,Mocajuba (PA),75 anos,67
1504604,Mocajuba (PA),76 anos,56
1504604,Mocajuba (PA),77 anos,47
1504604,Mocajuba (PA),78 anos,62
1504604,Mocajuba (PA),79 anos,55
1504604,Mocajuba (PA),80 anos,38
1504604,Mocajuba (PA),81 anos,23
1504604,Mocajuba (PA),82 anos,23
1504604,Mocajuba (PA),83 anos,22
1504604,Mocajuba (PA),84 anos,36
1504604,Mocajuba (PA),85 anos,25
1504604,Mocajuba (PA),86 anos,13
1504604,Mocajuba (PA),87 anos,17
1504604,Mocajuba (PA),88 anos,6
1504604,Mocajuba (PA),89 anos,10
1504604,Mocajuba (PA),90 anos,9
1504604,Mocajuba (PA),91 anos,5
1504604,Mocajuba (PA),92 anos,13
1504604,Mocajuba (PA),93 anos,9
1504604,Mocajuba (PA),94 anos,13
1504604,Mocajuba (PA),95 anos,4
1504604,Mocajuba (PA),96 anos,3
1504604,Mocajuba (PA),97 anos,5
1504604,Mocajuba (PA),98 anos,2
1504604,Mocajuba (PA),99 anos,2
1504604,Mocajuba (PA),100 anos ou mais,10
1504703,Moju (PA),Total,70018
1504703,Moju (PA),Menos de 1 ano,1520
1504703,Moju (PA),Menos de 1 mês,102
1504703,Moju (PA),1 mês,103
1504703,Moju (PA),2 meses,121
1504703,Moju (PA),3 meses,123
1504703,Moju (PA),4 meses,141
1504703,Moju (PA),5 meses,122
1504703,Moju (PA),6 meses,138
1504703,Moju (PA),7 meses,151
1504703,Moju (PA),8 meses,149
1504703,Moju (PA),9 meses,141
1504703,Moju (PA),10 meses,116
1504703,Moju (PA),11 meses,113
1504703,Moju (PA),1 ano,1574
1504703,Moju (PA),2 anos,1720
1504703,Moju (PA),3 anos,1746
1504703,Moju (PA),4 anos,1721
1504703,Moju (PA),5 anos,1726
1504703,Moju (PA),6 anos,1730
1504703,Moju (PA),7 anos,1733
1504703,Moju (PA),8 anos,1702
1504703,Moju (PA),9 anos,1759
1504703,Moju (PA),10 anos,1822
1504703,Moju (PA),11 anos,1777
1504703,Moju (PA),12 anos,1814
1504703,Moju (PA),13 anos,1758
1504703,Moju (PA),14 anos,1783
1504703,Moju (PA),15 anos,1750
1504703,Moju (PA),16 anos,1654
1504703,Moju (PA),17 anos,1686
1504703,Moju (PA),18 anos,1552
1504703,Moju (PA),19 anos,1446
1504703,Moju (PA),20 anos,1513
1504703,Moju (PA),21 anos,1362
1504703,Moju (PA),22 anos,1469
1504703,Moju (PA),23 anos,1343
1504703,Moju (PA),24 anos,1293
1504703,Moju (PA),25 anos,1273
1504703,Moju (PA),26 anos,1203
1504703,Moju (PA),27 anos,1175
1504703,Moju (PA),28 anos,1237
1504703,Moju (PA),29 anos,1127
1504703,Moju (PA),30 anos,1208
1504703,Moju (PA),31 anos,970
1504703,Moju (PA),32 anos,1041
1504703,Moju (PA),33 anos,985
1504703,Moju (PA),34 anos,919
1504703,Moju (PA),35 anos,986
1504703,Moju (PA),36 anos,819
1504703,Moju (PA),37 anos,792
1504703,Moju (PA),38 anos,738
1504703,Moju (PA),39 anos,774
1504703,Moju (PA),40 anos,830
1504703,Moju (PA),41 anos,620
1504703,Moju (PA),42 anos,660
1504703,Moju (PA),43 anos,592
1504703,Moju (PA),44 anos,579
1504703,Moju (PA),45 anos,546
1504703,Moju (PA),46 anos,538
1504703,Moju (PA),47 anos,585
1504703,Moju (PA),48 anos,519
1504703,Moju (PA),49 anos,450
1504703,Moju (PA),50 anos,510
1504703,Moju (PA),51 anos,382
1504703,Moju (PA),52 anos,428
1504703,Moju (PA),53 anos,356
1504703,Moju (PA),54 anos,431
1504703,Moju (PA),55 anos,418
1504703,Moju (PA),56 anos,405
1504703,Moju (PA),57 anos,351
1504703,Moju (PA),58 anos,289
1504703,Moju (PA),59 anos,331
1504703,Moju (PA),60 anos,335
1504703,Moju (PA),61 anos,225
1504703,Moju (PA),62 anos,251
1504703,Moju (PA),63 anos,228
1504703,Moju (PA),64 anos,230
1504703,Moju (PA),65 anos,258
1504703,Moju (PA),66 anos,256
1504703,Moju (PA),67 anos,206
1504703,Moju (PA),68 anos,211
1504703,Moju (PA),69 anos,151
1504703,Moju (PA),70 anos,179
1504703,Moju (PA),71 anos,119
1504703,Moju (PA),72 anos,146
1504703,Moju (PA),73 anos,121
1504703,Moju (PA),74 anos,122
1504703,Moju (PA),75 anos,109
1504703,Moju (PA),76 anos,96
1504703,Moju (PA),77 anos,79
1504703,Moju (PA),78 anos,91
1504703,Moju (PA),79 anos,73
1504703,Moju (PA),80 anos,106
1504703,Moju (PA),81 anos,37
1504703,Moju (PA),82 anos,46
1504703,Moju (PA),83 anos,44
1504703,Moju (PA),84 anos,39
1504703,Moju (PA),85 anos,31
1504703,Moju (PA),86 anos,32
1504703,Moju (PA),87 anos,23
1504703,Moju (PA),88 anos,21
1504703,Moju (PA),89 anos,20
1504703,Moju (PA),90 anos,16
1504703,Moju (PA),91 anos,9
1504703,Moju (PA),92 anos,21
1504703,Moju (PA),93 anos,17
1504703,Moju (PA),94 anos,20
1504703,Moju (PA),95 anos,8
1504703,Moju (PA),96 anos,7
1504703,Moju (PA),97 anos,2
1504703,Moju (PA),98 anos,6
1504703,Moju (PA),99 anos,3
1504703,Moju (PA),100 anos ou mais,4
1504802,Monte Alegre (PA),Total,55462
1504802,Monte Alegre (PA),Menos de 1 ano,988
1504802,Monte Alegre (PA),Menos de 1 mês,71
1504802,Monte Alegre (PA),1 mês,91
1504802,Monte Alegre (PA),2 meses,76
1504802,Monte Alegre (PA),3 meses,77
1504802,Monte Alegre (PA),4 meses,86
1504802,Monte Alegre (PA),5 meses,75
1504802,Monte Alegre (PA),6 meses,84
1504802,Monte Alegre (PA),7 meses,93
1504802,Monte Alegre (PA),8 meses,92
1504802,Monte Alegre (PA),9 meses,81
1504802,Monte Alegre (PA),10 meses,86
1504802,Monte Alegre (PA),11 meses,76
1504802,Monte Alegre (PA),1 ano,960
1504802,Monte Alegre (PA),2 anos,1030
1504802,Monte Alegre (PA),3 anos,1130
1504802,Monte Alegre (PA),4 anos,1130
1504802,Monte Alegre (PA),5 anos,1216
1504802,Monte Alegre (PA),6 anos,1130
1504802,Monte Alegre (PA),7 anos,1311
1504802,Monte Alegre (PA),8 anos,1301
1504802,Monte Alegre (PA),9 anos,1423
1504802,Monte Alegre (PA),10 anos,1396
1504802,Monte Alegre (PA),11 anos,1323
1504802,Monte Alegre (PA),12 anos,1359
1504802,Monte Alegre (PA),13 anos,1413
1504802,Monte Alegre (PA),14 anos,1444
1504802,Monte Alegre (PA),15 anos,1441
1504802,Monte Alegre (PA),16 anos,1459
1504802,Monte Alegre (PA),17 anos,1248
1504802,Monte Alegre (PA),18 anos,1115
1504802,Monte Alegre (PA),19 anos,965
1504802,Monte Alegre (PA),20 anos,946
1504802,Monte Alegre (PA),21 anos,902
1504802,Monte Alegre (PA),22 anos,935
1504802,Monte Alegre (PA),23 anos,881
1504802,Monte Alegre (PA),24 anos,886
1504802,Monte Alegre (PA),25 anos,896
1504802,Monte Alegre (PA),26 anos,845
1504802,Monte Alegre (PA),27 anos,901
1504802,Monte Alegre (PA),28 anos,860
1504802,Monte Alegre (PA),29 anos,814
1504802,Monte Alegre (PA),30 anos,905
1504802,Monte Alegre (PA),31 anos,763
1504802,Monte Alegre (PA),32 anos,823
1504802,Monte Alegre (PA),33 anos,804
1504802,Monte Alegre (PA),34 anos,773
1504802,Monte Alegre (PA),35 anos,762
1504802,Monte Alegre (PA),36 anos,706
1504802,Monte Alegre (PA),37 anos,700
1504802,Monte Alegre (PA),38 anos,681
1504802,Monte Alegre (PA),39 anos,666
1504802,Monte Alegre (PA),40 anos,687
1504802,Monte Alegre (PA),41 anos,569
1504802,Monte Alegre (PA),42 anos,570
1504802,Monte Alegre (PA),43 anos,540
1504802,Monte Alegre (PA),44 anos,547
1504802,Monte Alegre (PA),45 anos,536
1504802,Monte Alegre (PA),46 anos,485
1504802,Monte Alegre (PA),47 anos,479
1504802,Monte Alegre (PA),48 anos,486
1504802,Monte Alegre (PA),49 anos,458
1504802,Monte Alegre (PA),50 anos,441
1504802,Monte Alegre (PA),51 anos,430
1504802,Monte Alegre (PA),52 anos,464
1504802,Monte Alegre (PA),53 anos,374
1504802,Monte Alegre (PA),54 anos,409
1504802,Monte Alegre (PA),55 anos,399
1504802,Monte Alegre (PA),56 anos,399
1504802,Monte Alegre (PA),57 anos,356
1504802,Monte Alegre (PA),58 anos,358
1504802,Monte Alegre (PA),59 anos,345
1504802,Monte Alegre (PA),60 anos,362
1504802,Monte Alegre (PA),61 anos,274
1504802,Monte Alegre (PA),62 anos,294
1504802,Monte Alegre (PA),63 anos,267
1504802,Monte Alegre (PA),64 anos,243
1504802,Monte Alegre (PA),65 anos,262
1504802,Monte Alegre (PA),66 anos,259
1504802,Monte Alegre (PA),67 anos,238
1504802,Monte Alegre (PA),68 anos,262
1504802,Monte Alegre (PA),69 anos,210
1504802,Monte Alegre (PA),70 anos,258
1504802,Monte Alegre (PA),71 anos,194
1504802,Monte Alegre (PA),72 anos,177
1504802,Monte Alegre (PA),73 anos,153
1504802,Monte Alegre (PA),74 anos,159
1504802,Monte Alegre (PA),75 anos,132
1504802,Monte Alegre (PA),76 anos,136
1504802,Monte Alegre (PA),77 anos,131
1504802,Monte Alegre (PA),78 anos,118
1504802,Monte Alegre (PA),79 anos,125
1504802,Monte Alegre (PA),80 anos,116
1504802,Monte Alegre (PA),81 anos,76
1504802,Monte Alegre (PA),82 anos,84
1504802,Monte Alegre (PA),83 anos,67
1504802,Monte Alegre (PA),84 anos,53
1504802,Monte Alegre (PA),85 anos,45
1504802,Monte Alegre (PA),86 anos,40
1504802,Monte Alegre (PA),87 anos,24
1504802,Monte Alegre (PA),88 anos,25
1504802,Monte Alegre (PA),89 anos,22
1504802,Monte Alegre (PA),90 anos,21
1504802,Monte Alegre (PA),91 anos,16
1504802,Monte Alegre (PA),92 anos,13
1504802,Monte Alegre (PA),93 anos,8
1504802,Monte Alegre (PA),94 anos,11
1504802,Monte Alegre (PA),95 anos,7
1504802,Monte Alegre (PA),96 anos,4
1504802,Monte Alegre (PA),97 anos,5
1504802,Monte Alegre (PA),98 anos,1
1504802,Monte Alegre (PA),99 anos,2
1504802,Monte Alegre (PA),100 anos ou mais,5
1504901,Muaná (PA),Total,34204
1504901,Muaná (PA),Menos de 1 ano,762
1504901,Muaná (PA),Menos de 1 mês,61
1504901,Muaná (PA),1 mês,64
1504901,Muaná (PA),2 meses,61
1504901,Muaná (PA),3 meses,45
1504901,Muaná (PA),4 meses,55
1504901,Muaná (PA),5 meses,45
1504901,Muaná (PA),6 meses,62
1504901,Muaná (PA),7 meses,77
1504901,Muaná (PA),8 meses,82
1504901,Muaná (PA),9 meses,75
1504901,Muaná (PA),10 meses,71
1504901,Muaná (PA),11 meses,64
1504901,Muaná (PA),1 ano,733
1504901,Muaná (PA),2 anos,780
1504901,Muaná (PA),3 anos,798
1504901,Muaná (PA),4 anos,826
1504901,Muaná (PA),5 anos,871
1504901,Muaná (PA),6 anos,787
1504901,Muaná (PA),7 anos,923
1504901,Muaná (PA),8 anos,788
1504901,Muaná (PA),9 anos,869
1504901,Muaná (PA),10 anos,955
1504901,Muaná (PA),11 anos,854
1504901,Muaná (PA),12 anos,819
1504901,Muaná (PA),13 anos,771
1504901,Muaná (PA),14 anos,817
1504901,Muaná (PA),15 anos,848
1504901,Muaná (PA),16 anos,770
1504901,Muaná (PA),17 anos,771
1504901,Muaná (PA),18 anos,683
1504901,Muaná (PA),19 anos,734
1504901,Muaná (PA),20 anos,772
1504901,Muaná (PA),21 anos,656
1504901,Muaná (PA),22 anos,642
1504901,Muaná (PA),23 anos,662
1504901,Muaná (PA),24 anos,686
1504901,Muaná (PA),25 anos,617
1504901,Muaná (PA),26 anos,585
1504901,Muaná (PA),27 anos,596
1504901,Muaná (PA),28 anos,603
1504901,Muaná (PA),29 anos,637
1504901,Muaná (PA),30 anos,676
1504901,Muaná (PA),31 anos,495
1504901,Muaná (PA),32 anos,470
1504901,Muaná (PA),33 anos,438
1504901,Muaná (PA),34 anos,443
1504901,Muaná (PA),35 anos,470
1504901,Muaná (PA),36 anos,409
1504901,Muaná (PA),37 anos,394
1504901,Muaná (PA),38 anos,405
1504901,Muaná (PA),39 anos,404
1504901,Muaná (PA),40 anos,493
1504901,Muaná (PA),41 anos,287
1504901,Muaná (PA),42 anos,321
1504901,Muaná (PA),43 anos,221
1504901,Muaná (PA),44 anos,306
1504901,Muaná (PA),45 anos,303
1504901,Muaná (PA),46 anos,252
1504901,Muaná (PA),47 anos,237
1504901,Muaná (PA),48 anos,260
1504901,Muaná (PA),49 anos,256
1504901,Muaná (PA),50 anos,283
1504901,Muaná (PA),51 anos,180
1504901,Muaná (PA),52 anos,201
1504901,Muaná (PA),53 anos,187
1504901,Muaná (PA),54 anos,228
1504901,Muaná (PA),55 anos,209
1504901,Muaná (PA),56 anos,176
1504901,Muaná (PA),57 anos,174
1504901,Muaná (PA),58 anos,155
1504901,Muaná (PA),59 anos,164
1504901,Muaná (PA),60 anos,179
1504901,Muaná (PA),61 anos,124
1504901,Muaná (PA),62 anos,119
1504901,Muaná (PA),63 anos,106
1504901,Muaná (PA),64 anos,132
1504901,Muaná (PA),65 anos,132
1504901,Muaná (PA),66 anos,99
1504901,Muaná (PA),67 anos,93
1504901,Muaná (PA),68 anos,93
1504901,Muaná (PA),69 anos,79
1504901,Muaná (PA),70 anos,95
1504901,Muaná (PA),71 anos,65
1504901,Muaná (PA),72 anos,61
1504901,Muaná (PA),73 anos,53
1504901,Muaná (PA),74 anos,79
1504901,Muaná (PA),75 anos,64
1504901,Muaná (PA),76 anos,58
1504901,Muaná (PA),77 anos,52
1504901,Muaná (PA),78 anos,47
1504901,Muaná (PA),79 anos,51
1504901,Muaná (PA),80 anos,49
1504901,Muaná (PA),81 anos,32
1504901,Muaná (PA),82 anos,29
1504901,Muaná (PA),83 anos,29
1504901,Muaná (PA),84 anos,22
1504901,Muaná (PA),85 anos,24
1504901,Muaná (PA),86 anos,15
1504901,Muaná (PA),87 anos,10
1504901,Muaná (PA),88 anos,17
1504901,Muaná (PA),89 anos,11
1504901,Muaná (PA),90 anos,4
1504901,Muaná (PA),91 anos,6
1504901,Muaná (PA),92 anos,9
1504901,Muaná (PA),93 anos,12
1504901,Muaná (PA),94 anos,8
1504901,Muaná (PA),95 anos,10
1504901,Muaná (PA),96 anos,6
1504901,Muaná (PA),97 anos,5
1504901,Muaná (PA),98 anos,5
1504901,Muaná (PA),99 anos,3
1504901,Muaná (PA),100 anos ou mais,5
1504950,Nova Esperança do Piriá (PA),Total,20158
1504950,Nova Esperança do Piriá (PA),Menos de 1 ano,470
1504950,Nova Esperança do Piriá (PA),Menos de 1 mês,42
1504950,Nova Esperança do Piriá (PA),1 mês,31
1504950,Nova Esperança do Piriá (PA),2 meses,38
1504950,Nova Esperança do Piriá (PA),3 meses,23
1504950,Nova Esperança do Piriá (PA),4 meses,31
1504950,Nova Esperança do Piriá (PA),5 meses,39
1504950,Nova Esperança do Piriá (PA),6 meses,43
1504950,Nova Esperança do Piriá (PA),7 meses,43
1504950,Nova Esperança do Piriá (PA),8 meses,40
1504950,Nova Esperança do Piriá (PA),9 meses,47
1504950,Nova Esperança do Piriá (PA),10 meses,41
1504950,Nova Esperança do Piriá (PA),11 meses,52
1504950,Nova Esperança do Piriá (PA),1 ano,502
1504950,Nova Esperança do Piriá (PA),2 anos,510
1504950,Nova Esperança do Piriá (PA),3 anos,521
1504950,Nova Esperança do Piriá (PA),4 anos,491
1504950,Nova Esperança do Piriá (PA),5 anos,497
1504950,Nova Esperança do Piriá (PA),6 anos,514
1504950,Nova Esperança do Piriá (PA),7 anos,531
1504950,Nova Esperança do Piriá (PA),8 anos,542
1504950,Nova Esperança do Piriá (PA),9 anos,506
1504950,Nova Esperança do Piriá (PA),10 anos,556
1504950,Nova Esperança do Piriá (PA),11 anos,562
1504950,Nova Esperança do Piriá (PA),12 anos,523
1504950,Nova Esperança do Piriá (PA),13 anos,475
1504950,Nova Esperança do Piriá (PA),14 anos,517
1504950,Nova Esperança do Piriá (PA),15 anos,510
1504950,Nova Esperança do Piriá (PA),16 anos,475
1504950,Nova Esperança do Piriá (PA),17 anos,483
1504950,Nova Esperança do Piriá (PA),18 anos,423
1504950,Nova Esperança do Piriá (PA),19 anos,439
1504950,Nova Esperança do Piriá (PA),20 anos,417
1504950,Nova Esperança do Piriá (PA),21 anos,388
1504950,Nova Esperança do Piriá (PA),22 anos,393
1504950,Nova Esperança do Piriá (PA),23 anos,391
1504950,Nova Esperança do Piriá (PA),24 anos,393
1504950,Nova Esperança do Piriá (PA),25 anos,401
1504950,Nova Esperança do Piriá (PA),26 anos,362
1504950,Nova Esperança do Piriá (PA),27 anos,342
1504950,Nova Esperança do Piriá (PA),28 anos,349
1504950,Nova Esperança do Piriá (PA),29 anos,333
1504950,Nova Esperança do Piriá (PA),30 anos,373
1504950,Nova Esperança do Piriá (PA),31 anos,344
1504950,Nova Esperança do Piriá (PA),32 anos,284
1504950,Nova Esperança do Piriá (PA),33 anos,283
1504950,Nova Esperança do Piriá (PA),34 anos,256
1504950,Nova Esperança do Piriá (PA),35 anos,275
1504950,Nova Esperança do Piriá (PA),36 anos,232
1504950,Nova Esperança do Piriá (PA),37 anos,229
1504950,Nova Esperança do Piriá (PA),38 anos,231
1504950,Nova Esperança do Piriá (PA),39 anos,236
1504950,Nova Esperança do Piriá (PA),40 anos,219
1504950,Nova Esperança do Piriá (PA),41 anos,200
1504950,Nova Esperança do Piriá (PA),42 anos,182
1504950,Nova Esperança do Piriá (PA),43 anos,178
1504950,Nova Esperança do Piriá (PA),44 anos,155
1504950,Nova Esperança do Piriá (PA),45 anos,158
1504950,Nova Esperança do Piriá (PA),46 anos,157
1504950,Nova Esperança do Piriá (PA),47 anos,121
1504950,Nova Esperança do Piriá (PA),48 anos,137
1504950,Nova Esperança do Piriá (PA),49 anos,131
1504950,Nova Esperança do Piriá (PA),50 anos,135
1504950,Nova Esperança do Piriá (PA),51 anos,113
1504950,Nova Esperança do Piriá (PA),52 anos,90
1504950,Nova Esperança do Piriá (PA),53 anos,104
1504950,Nova Esperança do Piriá (PA),54 anos,107
1504950,Nova Esperança do Piriá (PA),55 anos,107
1504950,Nova Esperança do Piriá (PA),56 anos,92
1504950,Nova Esperança do Piriá (PA),57 anos,90
1504950,Nova Esperança do Piriá (PA),58 anos,85
1504950,Nova Esperança do Piriá (PA),59 anos,79
1504950,Nova Esperança do Piriá (PA),60 anos,99
1504950,Nova Esperança do Piriá (PA),61 anos,78
1504950,Nova Esperança do Piriá (PA),62 anos,80
1504950,Nova Esperança do Piriá (PA),63 anos,66
1504950,Nova Esperança do Piriá (PA),64 anos,77
1504950,Nova Esperança do Piriá (PA),65 anos,63
1504950,Nova Esperança do Piriá (PA),66 anos,52
1504950,Nova Esperança do Piriá (PA),67 anos,56
1504950,Nova Esperança do Piriá (PA),68 anos,45
1504950,Nova Esperança do Piriá (PA),69 anos,37
1504950,Nova Esperança do Piriá (PA),70 anos,37
1504950,Nova Esperança do Piriá (PA),71 anos,24
1504950,Nova Esperança do Piriá (PA),72 anos,37
1504950,Nova Esperança do Piriá (PA),73 anos,28
1504950,Nova Esperança do Piriá (PA),74 anos,29
1504950,Nova Esperança do Piriá (PA),75 anos,26
1504950,Nova Esperança do Piriá (PA),76 anos,16
1504950,Nova Esperança do Piriá (PA),77 anos,19
1504950,Nova Esperança do Piriá (PA),78 anos,14
1504950,Nova Esperança do Piriá (PA),79 anos,15
1504950,Nova Esperança do Piriá (PA),80 anos,14
1504950,Nova Esperança do Piriá (PA),81 anos,7
1504950,Nova Esperança do Piriá (PA),82 anos,8
1504950,Nova Esperança do Piriá (PA),83 anos,2
1504950,Nova Esperança do Piriá (PA),84 anos,5
1504950,Nova Esperança do Piriá (PA),85 anos,7
1504950,Nova Esperança do Piriá (PA),86 anos,3
1504950,Nova Esperança do Piriá (PA),87 anos,3
1504950,Nova Esperança do Piriá (PA),88 anos,4
1504950,Nova Esperança do Piriá (PA),89 anos,2
1504950,Nova Esperança do Piriá (PA),90 anos,1
1504950,Nova Esperança do Piriá (PA),91 anos,-
1504950,Nova Esperança do Piriá (PA),92 anos,-
1504950,Nova Esperança do Piriá (PA),93 anos,1
1504950,Nova Esperança do Piriá (PA),94 anos,-
1504950,Nova Esperança do Piriá (PA),95 anos,1
1504950,Nova Esperança do Piriá (PA),96 anos,1
1504950,Nova Esperança do Piriá (PA),97 anos,-
1504950,Nova Esperança do Piriá (PA),98 anos,1
1504950,Nova Esperança do Piriá (PA),99 anos,-
1504950,Nova Esperança do Piriá (PA),100 anos ou mais,1
1504976,Nova Ipixuna (PA),Total,14645
1504976,Nova Ipixuna (PA),Menos de 1 ano,275
1504976,Nova Ipixuna (PA),Menos de 1 mês,28
1504976,Nova Ipixuna (PA),1 mês,15
1504976,Nova Ipixuna (PA),2 meses,17
1504976,Nova Ipixuna (PA),3 meses,19
1504976,Nova Ipixuna (PA),4 meses,22
1504976,Nova Ipixuna (PA),5 meses,17
1504976,Nova Ipixuna (PA),6 meses,13
1504976,Nova Ipixuna (PA),7 meses,29
1504976,Nova Ipixuna (PA),8 meses,29
1504976,Nova Ipixuna (PA),9 meses,36
1504976,Nova Ipixuna (PA),10 meses,29
1504976,Nova Ipixuna (PA),11 meses,21
1504976,Nova Ipixuna (PA),1 ano,272
1504976,Nova Ipixuna (PA),2 anos,293
1504976,Nova Ipixuna (PA),3 anos,365
1504976,Nova Ipixuna (PA),4 anos,316
1504976,Nova Ipixuna (PA),5 anos,330
1504976,Nova Ipixuna (PA),6 anos,326
1504976,Nova Ipixuna (PA),7 anos,328
1504976,Nova Ipixuna (PA),8 anos,337
1504976,Nova Ipixuna (PA),9 anos,315
1504976,Nova Ipixuna (PA),10 anos,358
1504976,Nova Ipixuna (PA),11 anos,332
1504976,Nova Ipixuna (PA),12 anos,357
1504976,Nova Ipixuna (PA),13 anos,328
1504976,Nova Ipixuna (PA),14 anos,344
1504976,Nova Ipixuna (PA),15 anos,364
1504976,Nova Ipixuna (PA),16 anos,322
1504976,Nova Ipixuna (PA),17 anos,305
1504976,Nova Ipixuna (PA),18 anos,311
1504976,Nova Ipixuna (PA),19 anos,261
1504976,Nova Ipixuna (PA),20 anos,250
1504976,Nova Ipixuna (PA),21 anos,265
1504976,Nova Ipixuna (PA),22 anos,290
1504976,Nova Ipixuna (PA),23 anos,280
1504976,Nova Ipixuna (PA),24 anos,263
1504976,Nova Ipixuna (PA),25 anos,251
1504976,Nova Ipixuna (PA),26 anos,254
1504976,Nova Ipixuna (PA),27 anos,234
1504976,Nova Ipixuna (PA),28 anos,282
1504976,Nova Ipixuna (PA),29 anos,226
1504976,Nova Ipixuna (PA),30 anos,272
1504976,Nova Ipixuna (PA),31 anos,218
1504976,Nova Ipixuna (PA),32 anos,220
1504976,Nova Ipixuna (PA),33 anos,215
1504976,Nova Ipixuna (PA),34 anos,188
1504976,Nova Ipixuna (PA),35 anos,195
1504976,Nova Ipixuna (PA),36 anos,170
1504976,Nova Ipixuna (PA),37 anos,183
1504976,Nova Ipixuna (PA),38 anos,179
1504976,Nova Ipixuna (PA),39 anos,153
1504976,Nova Ipixuna (PA),40 anos,170
1504976,Nova Ipixuna (PA),41 anos,145
1504976,Nova Ipixuna (PA),42 anos,156
1504976,Nova Ipixuna (PA),43 anos,136
1504976,Nova Ipixuna (PA),44 anos,148
1504976,Nova Ipixuna (PA),45 anos,153
1504976,Nova Ipixuna (PA),46 anos,133
1504976,Nova Ipixuna (PA),47 anos,118
1504976,Nova Ipixuna (PA),48 anos,137
1504976,Nova Ipixuna (PA),49 anos,110
1504976,Nova Ipixuna (PA),50 anos,130
1504976,Nova Ipixuna (PA),51 anos,112
1504976,Nova Ipixuna (PA),52 anos,125
1504976,Nova Ipixuna (PA),53 anos,114
1504976,Nova Ipixuna (PA),54 anos,104
1504976,Nova Ipixuna (PA),55 anos,129
1504976,Nova Ipixuna (PA),56 anos,83
1504976,Nova Ipixuna (PA),57 anos,95
1504976,Nova Ipixuna (PA),58 anos,108
1504976,Nova Ipixuna (PA),59 anos,89
1504976,Nova Ipixuna (PA),60 anos,102
1504976,Nova Ipixuna (PA),61 anos,63
1504976,Nova Ipixuna (PA),62 anos,85
1504976,Nova Ipixuna (PA),63 anos,62
1504976,Nova Ipixuna (PA),64 anos,84
1504976,Nova Ipixuna (PA),65 anos,92
1504976,Nova Ipixuna (PA),66 anos,73
1504976,Nova Ipixuna (PA),67 anos,57
1504976,Nova Ipixuna (PA),68 anos,58
1504976,Nova Ipixuna (PA),69 anos,42
1504976,Nova Ipixuna (PA),70 anos,55
1504976,Nova Ipixuna (PA),71 anos,25
1504976,Nova Ipixuna (PA),72 anos,36
1504976,Nova Ipixuna (PA),73 anos,29
1504976,Nova Ipixuna (PA),74 anos,33
1504976,Nova Ipixuna (PA),75 anos,28
1504976,Nova Ipixuna (PA),76 anos,27
1504976,Nova Ipixuna (PA),77 anos,29
1504976,Nova Ipixuna (PA),78 anos,20
1504976,Nova Ipixuna (PA),79 anos,15
1504976,Nova Ipixuna (PA),80 anos,19
1504976,Nova Ipixuna (PA),81 anos,12
1504976,Nova Ipixuna (PA),82 anos,15
1504976,Nova Ipixuna (PA),83 anos,5
1504976,Nova Ipixuna (PA),84 anos,13
1504976,Nova Ipixuna (PA),85 anos,7
1504976,Nova Ipixuna (PA),86 anos,6
1504976,Nova Ipixuna (PA),87 anos,5
1504976,Nova Ipixuna (PA),88 anos,3
1504976,Nova Ipixuna (PA),89 anos,3
1504976,Nova Ipixuna (PA),90 anos,3
1504976,Nova Ipixuna (PA),91 anos,3
1504976,Nova Ipixuna (PA),92 anos,2
1504976,Nova Ipixuna (PA),93 anos,3
1504976,Nova Ipixuna (PA),94 anos,2
1504976,Nova Ipixuna (PA),95 anos,4
1504976,Nova Ipixuna (PA),96 anos,1
1504976,Nova Ipixuna (PA),97 anos,-
1504976,Nova Ipixuna (PA),98 anos,1
1504976,Nova Ipixuna (PA),99 anos,-
1504976,Nova Ipixuna (PA),100 anos ou mais,1
1505007,Nova Timboteua (PA),Total,13670
1505007,Nova Timboteua (PA),Menos de 1 ano,213
1505007,Nova Timboteua (PA),Menos de 1 mês,20
1505007,Nova Timboteua (PA),1 mês,8
1505007,Nova Timboteua (PA),2 meses,19
1505007,Nova Timboteua (PA),3 meses,19
1505007,Nova Timboteua (PA),4 meses,10
1505007,Nova Timboteua (PA),5 meses,19
1505007,Nova Timboteua (PA),6 meses,13
1505007,Nova Timboteua (PA),7 meses,27
1505007,Nova Timboteua (PA),8 meses,21
1505007,Nova Timboteua (PA),9 meses,21
1505007,Nova Timboteua (PA),10 meses,16
1505007,Nova Timboteua (PA),11 meses,20
1505007,Nova Timboteua (PA),1 ano,231
1505007,Nova Timboteua (PA),2 anos,221
1505007,Nova Timboteua (PA),3 anos,212
1505007,Nova Timboteua (PA),4 anos,247
1505007,Nova Timboteua (PA),5 anos,255
1505007,Nova Timboteua (PA),6 anos,253
1505007,Nova Timboteua (PA),7 anos,252
1505007,Nova Timboteua (PA),8 anos,258
1505007,Nova Timboteua (PA),9 anos,291
1505007,Nova Timboteua (PA),10 anos,289
1505007,Nova Timboteua (PA),11 anos,275
1505007,Nova Timboteua (PA),12 anos,270
1505007,Nova Timboteua (PA),13 anos,288
1505007,Nova Timboteua (PA),14 anos,248
1505007,Nova Timboteua (PA),15 anos,302
1505007,Nova Timboteua (PA),16 anos,239
1505007,Nova Timboteua (PA),17 anos,291
1505007,Nova Timboteua (PA),18 anos,260
1505007,Nova Timboteua (PA),19 anos,242
1505007,Nova Timboteua (PA),20 anos,272
1505007,Nova Timboteua (PA),21 anos,249
1505007,Nova Timboteua (PA),22 anos,250
1505007,Nova Timboteua (PA),23 anos,224
1505007,Nova Timboteua (PA),24 anos,266
1505007,Nova Timboteua (PA),25 anos,262
1505007,Nova Timboteua (PA),26 anos,237
1505007,Nova Timboteua (PA),27 anos,226
1505007,Nova Timboteua (PA),28 anos,243
1505007,Nova Timboteua (PA),29 anos,259
1505007,Nova Timboteua (PA),30 anos,217
1505007,Nova Timboteua (PA),31 anos,213
1505007,Nova Timboteua (PA),32 anos,243
1505007,Nova Timboteua (PA),33 anos,194
1505007,Nova Timboteua (PA),34 anos,199
1505007,Nova Timboteua (PA),35 anos,200
1505007,Nova Timboteua (PA),36 anos,194
1505007,Nova Timboteua (PA),37 anos,178
1505007,Nova Timboteua (PA),38 anos,162
1505007,Nova Timboteua (PA),39 anos,191
1505007,Nova Timboteua (PA),40 anos,185
1505007,Nova Timboteua (PA),41 anos,173
1505007,Nova Timboteua (PA),42 anos,150
1505007,Nova Timboteua (PA),43 anos,169
1505007,Nova Timboteua (PA),44 anos,148
1505007,Nova Timboteua (PA),45 anos,148
1505007,Nova Timboteua (PA),46 anos,139
1505007,Nova Timboteua (PA),47 anos,130
1505007,Nova Timboteua (PA),48 anos,120
1505007,Nova Timboteua (PA),49 anos,118
1505007,Nova Timboteua (PA),50 anos,125
1505007,Nova Timboteua (PA),51 anos,116
1505007,Nova Timboteua (PA),52 anos,124
1505007,Nova Timboteua (PA),53 anos,124
1505007,Nova Timboteua (PA),54 anos,119
1505007,Nova Timboteua (PA),55 anos,125
1505007,Nova Timboteua (PA),56 anos,109
1505007,Nova Timboteua (PA),57 anos,90
1505007,Nova Timboteua (PA),58 anos,108
1505007,Nova Timboteua (PA),59 anos,74
1505007,Nova Timboteua (PA),60 anos,114
1505007,Nova Timboteua (PA),61 anos,87
1505007,Nova Timboteua (PA),62 anos,72
1505007,Nova Timboteua (PA),63 anos,84
1505007,Nova Timboteua (PA),64 anos,76
1505007,Nova Timboteua (PA),65 anos,89
1505007,Nova Timboteua (PA),66 anos,73
1505007,Nova Timboteua (PA),67 anos,60
1505007,Nova Timboteua (PA),68 anos,57
1505007,Nova Timboteua (PA),69 anos,74
1505007,Nova Timboteua (PA),70 anos,79
1505007,Nova Timboteua (PA),71 anos,48
1505007,Nova Timboteua (PA),72 anos,56
1505007,Nova Timboteua (PA),73 anos,47
1505007,Nova Timboteua (PA),74 anos,47
1505007,Nova Timboteua (PA),75 anos,39
1505007,Nova Timboteua (PA),76 anos,35
1505007,Nova Timboteua (PA),77 anos,38
1505007,Nova Timboteua (PA),78 anos,34
1505007,Nova Timboteua (PA),79 anos,36
1505007,Nova Timboteua (PA),80 anos,27
1505007,Nova Timboteua (PA),81 anos,20
1505007,Nova Timboteua (PA),82 anos,22
1505007,Nova Timboteua (PA),83 anos,29
1505007,Nova Timboteua (PA),84 anos,21
1505007,Nova Timboteua (PA),85 anos,15
1505007,Nova Timboteua (PA),86 anos,12
1505007,Nova Timboteua (PA),87 anos,4
1505007,Nova Timboteua (PA),88 anos,9
1505007,Nova Timboteua (PA),89 anos,10
1505007,Nova Timboteua (PA),90 anos,3
1505007,Nova Timboteua (PA),91 anos,9
1505007,Nova Timboteua (PA),92 anos,8
1505007,Nova Timboteua (PA),93 anos,6
1505007,Nova Timboteua (PA),94 anos,4
1505007,Nova Timboteua (PA),95 anos,4
1505007,Nova Timboteua (PA),96 anos,4
1505007,Nova Timboteua (PA),97 anos,1
1505007,Nova Timboteua (PA),98 anos,2
1505007,Nova Timboteua (PA),99 anos,2
1505007,Nova Timboteua (PA),100 anos ou mais,3
1505031,Novo Progresso (PA),Total,25124
1505031,Novo Progresso (PA),Menos de 1 ano,458
1505031,Novo Progresso (PA),Menos de 1 mês,41
1505031,Novo Progresso (PA),1 mês,29
1505031,Novo Progresso (PA),2 meses,38
1505031,Novo Progresso (PA),3 meses,31
1505031,Novo Progresso (PA),4 meses,38
1505031,Novo Progresso (PA),5 meses,29
1505031,Novo Progresso (PA),6 meses,35
1505031,Novo Progresso (PA),7 meses,43
1505031,Novo Progresso (PA),8 meses,42
1505031,Novo Progresso (PA),9 meses,45
1505031,Novo Progresso (PA),10 meses,44
1505031,Novo Progresso (PA),11 meses,43
1505031,Novo Progresso (PA),1 ano,467
1505031,Novo Progresso (PA),2 anos,472
1505031,Novo Progresso (PA),3 anos,519
1505031,Novo Progresso (PA),4 anos,518
1505031,Novo Progresso (PA),5 anos,530
1505031,Novo Progresso (PA),6 anos,503
1505031,Novo Progresso (PA),7 anos,469
1505031,Novo Progresso (PA),8 anos,505
1505031,Novo Progresso (PA),9 anos,522
1505031,Novo Progresso (PA),10 anos,588
1505031,Novo Progresso (PA),11 anos,556
1505031,Novo Progresso (PA),12 anos,588
1505031,Novo Progresso (PA),13 anos,498
1505031,Novo Progresso (PA),14 anos,529
1505031,Novo Progresso (PA),15 anos,529
1505031,Novo Progresso (PA),16 anos,495
1505031,Novo Progresso (PA),17 anos,484
1505031,Novo Progresso (PA),18 anos,448
1505031,Novo Progresso (PA),19 anos,451
1505031,Novo Progresso (PA),20 anos,462
1505031,Novo Progresso (PA),21 anos,424
1505031,Novo Progresso (PA),22 anos,440
1505031,Novo Progresso (PA),23 anos,488
1505031,Novo Progresso (PA),24 anos,491
1505031,Novo Progresso (PA),25 anos,466
1505031,Novo Progresso (PA),26 anos,439
1505031,Novo Progresso (PA),27 anos,473
1505031,Novo Progresso (PA),28 anos,462
1505031,Novo Progresso (PA),29 anos,416
1505031,Novo Progresso (PA),30 anos,516
1505031,Novo Progresso (PA),31 anos,433
1505031,Novo Progresso (PA),32 anos,415
1505031,Novo Progresso (PA),33 anos,393
1505031,Novo Progresso (PA),34 anos,410
1505031,Novo Progresso (PA),35 anos,403
1505031,Novo Progresso (PA),36 anos,361
1505031,Novo Progresso (PA),37 anos,367
1505031,Novo Progresso (PA),38 anos,419
1505031,Novo Progresso (PA),39 anos,373
1505031,Novo Progresso (PA),40 anos,397
1505031,Novo Progresso (PA),41 anos,377
1505031,Novo Progresso (PA),42 anos,373
1505031,Novo Progresso (PA),43 anos,312
1505031,Novo Progresso (PA),44 anos,350
1505031,Novo Progresso (PA),45 anos,364
1505031,Novo Progresso (PA),46 anos,325
1505031,Novo Progresso (PA),47 anos,295
1505031,Novo Progresso (PA),48 anos,300
1505031,Novo Progresso (PA),49 anos,262
1505031,Novo Progresso (PA),50 anos,266
1505031,Novo Progresso (PA),51 anos,257
1505031,Novo Progresso (PA),52 anos,223
1505031,Novo Progresso (PA),53 anos,209
1505031,Novo Progresso (PA),54 anos,171
1505031,Novo Progresso (PA),55 anos,223
1505031,Novo Progresso (PA),56 anos,161
1505031,Novo Progresso (PA),57 anos,144
1505031,Novo Progresso (PA),58 anos,133
1505031,Novo Progresso (PA),59 anos,120
1505031,Novo Progresso (PA),60 anos,150
1505031,Novo Progresso (PA),61 anos,100
1505031,Novo Progresso (PA),62 anos,116
1505031,Novo Progresso (PA),63 anos,75
1505031,Novo Progresso (PA),64 anos,70
1505031,Novo Progresso (PA),65 anos,78
1505031,Novo Progresso (PA),66 anos,57
1505031,Novo Progresso (PA),67 anos,55
1505031,Novo Progresso (PA),68 anos,51
1505031,Novo Progresso (PA),69 anos,41
1505031,Novo Progresso (PA),70 anos,46
1505031,Novo Progresso (PA),71 anos,21
1505031,Novo Progresso (PA),72 anos,34
1505031,Novo Progresso (PA),73 anos,32
1505031,Novo Progresso (PA),74 anos,19
1505031,Novo Progresso (PA),75 anos,25
1505031,Novo Progresso (PA),76 anos,18
1505031,Novo Progresso (PA),77 anos,10
1505031,Novo Progresso (PA),78 anos,18
1505031,Novo Progresso (PA),79 anos,8
1505031,Novo Progresso (PA),80 anos,9
1505031,Novo Progresso (PA),81 anos,9
1505031,Novo Progresso (PA),82 anos,5
1505031,Novo Progresso (PA),83 anos,7
1505031,Novo Progresso (PA),84 anos,5
1505031,Novo Progresso (PA),85 anos,6
1505031,Novo Progresso (PA),86 anos,2
1505031,Novo Progresso (PA),87 anos,2
1505031,Novo Progresso (PA),88 anos,2
1505031,Novo Progresso (PA),89 anos,7
1505031,Novo Progresso (PA),90 anos,-
1505031,Novo Progresso (PA),91 anos,-
1505031,Novo Progresso (PA),92 anos,2
1505031,Novo Progresso (PA),93 anos,-
1505031,Novo Progresso (PA),94 anos,-
1505031,Novo Progresso (PA),95 anos,-
1505031,Novo Progresso (PA),96 anos,1
1505031,Novo Progresso (PA),97 anos,-
1505031,Novo Progresso (PA),98 anos,-
1505031,Novo Progresso (PA),99 anos,-
1505031,Novo Progresso (PA),100 anos ou mais,1
1505064,Novo Repartimento (PA),Total,62050
1505064,Novo Repartimento (PA),Menos de 1 ano,1345
1505064,Novo Repartimento (PA),Menos de 1 mês,117
1505064,Novo Repartimento (PA),1 mês,105
1505064,Novo Repartimento (PA),2 meses,98
1505064,Novo Repartimento (PA),3 meses,95
1505064,Novo Repartimento (PA),4 meses,129
1505064,Novo Repartimento (PA),5 meses,107
1505064,Novo Repartimento (PA),6 meses,85
1505064,Novo Repartimento (PA),7 meses,139
1505064,Novo Repartimento (PA),8 meses,113
1505064,Novo Repartimento (PA),9 meses,113
1505064,Novo Repartimento (PA),10 meses,110
1505064,Novo Repartimento (PA),11 meses,134
1505064,Novo Repartimento (PA),1 ano,1358
1505064,Novo Repartimento (PA),2 anos,1433
1505064,Novo Repartimento (PA),3 anos,1468
1505064,Novo Repartimento (PA),4 anos,1463
1505064,Novo Repartimento (PA),5 anos,1428
1505064,Novo Repartimento (PA),6 anos,1461
1505064,Novo Repartimento (PA),7 anos,1523
1505064,Novo Repartimento (PA),8 anos,1497
1505064,Novo Repartimento (PA),9 anos,1482
1505064,Novo Repartimento (PA),10 anos,1658
1505064,Novo Repartimento (PA),11 anos,1469
1505064,Novo Repartimento (PA),12 anos,1531
1505064,Novo Repartimento (PA),13 anos,1534
1505064,Novo Repartimento (PA),14 anos,1504
1505064,Novo Repartimento (PA),15 anos,1534
1505064,Novo Repartimento (PA),16 anos,1422
1505064,Novo Repartimento (PA),17 anos,1305
1505064,Novo Repartimento (PA),18 anos,1194
1505064,Novo Repartimento (PA),19 anos,1237
1505064,Novo Repartimento (PA),20 anos,1161
1505064,Novo Repartimento (PA),21 anos,1191
1505064,Novo Repartimento (PA),22 anos,1195
1505064,Novo Repartimento (PA),23 anos,1116
1505064,Novo Repartimento (PA),24 anos,1158
1505064,Novo Repartimento (PA),25 anos,1163
1505064,Novo Repartimento (PA),26 anos,1066
1505064,Novo Repartimento (PA),27 anos,1147
1505064,Novo Repartimento (PA),28 anos,1057
1505064,Novo Repartimento (PA),29 anos,1028
1505064,Novo Repartimento (PA),30 anos,1055
1505064,Novo Repartimento (PA),31 anos,945
1505064,Novo Repartimento (PA),32 anos,958
1505064,Novo Repartimento (PA),33 anos,919
1505064,Novo Repartimento (PA),34 anos,866
1505064,Novo Repartimento (PA),35 anos,829
1505064,Novo Repartimento (PA),36 anos,781
1505064,Novo Repartimento (PA),37 anos,729
1505064,Novo Repartimento (PA),38 anos,697
1505064,Novo Repartimento (PA),39 anos,688
1505064,Novo Repartimento (PA),40 anos,728
1505064,Novo Repartimento (PA),41 anos,619
1505064,Novo Repartimento (PA),42 anos,604
1505064,Novo Repartimento (PA),43 anos,595
1505064,Novo Repartimento (PA),44 anos,618
1505064,Novo Repartimento (PA),45 anos,577
1505064,Novo Repartimento (PA),46 anos,528
1505064,Novo Repartimento (PA),47 anos,559
1505064,Novo Repartimento (PA),48 anos,520
1505064,Novo Repartimento (PA),49 anos,481
1505064,Novo Repartimento (PA),50 anos,504
1505064,Novo Repartimento (PA),51 anos,433
1505064,Novo Repartimento (PA),52 anos,472
1505064,Novo Repartimento (PA),53 anos,396
1505064,Novo Repartimento (PA),54 anos,370
1505064,Novo Repartimento (PA),55 anos,398
1505064,Novo Repartimento (PA),56 anos,401
1505064,Novo Repartimento (PA),57 anos,358
1505064,Novo Repartimento (PA),58 anos,342
1505064,Novo Repartimento (PA),59 anos,336
1505064,Novo Repartimento (PA),60 anos,334
1505064,Novo Repartimento (PA),61 anos,244
1505064,Novo Repartimento (PA),62 anos,271
1505064,Novo Repartimento (PA),63 anos,273
1505064,Novo Repartimento (PA),64 anos,232
1505064,Novo Repartimento (PA),65 anos,219
1505064,Novo Repartimento (PA),66 anos,224
1505064,Novo Repartimento (PA),67 anos,207
1505064,Novo Repartimento (PA),68 anos,187
1505064,Novo Repartimento (PA),69 anos,137
1505064,Novo Repartimento (PA),70 anos,184
1505064,Novo Repartimento (PA),71 anos,113
1505064,Novo Repartimento (PA),72 anos,125
1505064,Novo Repartimento (PA),73 anos,112
1505064,Novo Repartimento (PA),74 anos,96
1505064,Novo Repartimento (PA),75 anos,93
1505064,Novo Repartimento (PA),76 anos,83
1505064,Novo Repartimento (PA),77 anos,88
1505064,Novo Repartimento (PA),78 anos,63
1505064,Novo Repartimento (PA),79 anos,56
1505064,Novo Repartimento (PA),80 anos,56
1505064,Novo Repartimento (PA),81 anos,26
1505064,Novo Repartimento (PA),82 anos,29
1505064,Novo Repartimento (PA),83 anos,33
1505064,Novo Repartimento (PA),84 anos,20
1505064,Novo Repartimento (PA),85 anos,21
1505064,Novo Repartimento (PA),86 anos,14
1505064,Novo Repartimento (PA),87 anos,13
1505064,Novo Repartimento (PA),88 anos,11
1505064,Novo Repartimento (PA),89 anos,14
1505064,Novo Repartimento (PA),90 anos,6
1505064,Novo Repartimento (PA),91 anos,7
1505064,Novo Repartimento (PA),92 anos,6
1505064,Novo Repartimento (PA),93 anos,4
1505064,Novo Repartimento (PA),94 anos,1
1505064,Novo Repartimento (PA),95 anos,2
1505064,Novo Repartimento (PA),96 anos,5
1505064,Novo Repartimento (PA),97 anos,1
1505064,Novo Repartimento (PA),98 anos,1
1505064,Novo Repartimento (PA),99 anos,3
1505064,Novo Repartimento (PA),100 anos ou mais,2
1505106,Óbidos (PA),Total,49333
1505106,Óbidos (PA),Menos de 1 ano,1066
1505106,Óbidos (PA),Menos de 1 mês,83
1505106,Óbidos (PA),1 mês,85
1505106,Óbidos (PA),2 meses,74
1505106,Óbidos (PA),3 meses,73
1505106,Óbidos (PA),4 meses,74
1505106,Óbidos (PA),5 meses,86
1505106,Óbidos (PA),6 meses,88
1505106,Óbidos (PA),7 meses,100
1505106,Óbidos (PA),8 meses,84
1505106,Óbidos (PA),9 meses,124
1505106,Óbidos (PA),10 meses,98
1505106,Óbidos (PA),11 meses,97
1505106,Óbidos (PA),1 ano,1073
1505106,Óbidos (PA),2 anos,1153
1505106,Óbidos (PA),3 anos,1184
1505106,Óbidos (PA),4 anos,1182
1505106,Óbidos (PA),5 anos,1201
1505106,Óbidos (PA),6 anos,1181
1505106,Óbidos (PA),7 anos,1223
1505106,Óbidos (PA),8 anos,1148
1505106,Óbidos (PA),9 anos,1151
1505106,Óbidos (PA),10 anos,1231
1505106,Óbidos (PA),11 anos,1135
1505106,Óbidos (PA),12 anos,1203
1505106,Óbidos (PA),13 anos,1143
1505106,Óbidos (PA),14 anos,1153
1505106,Óbidos (PA),15 anos,1158
1505106,Óbidos (PA),16 anos,1083
1505106,Óbidos (PA),17 anos,1076
1505106,Óbidos (PA),18 anos,976
1505106,Óbidos (PA),19 anos,876
1505106,Óbidos (PA),20 anos,904
1505106,Óbidos (PA),21 anos,780
1505106,Óbidos (PA),22 anos,814
1505106,Óbidos (PA),23 anos,771
1505106,Óbidos (PA),24 anos,829
1505106,Óbidos (PA),25 anos,827
1505106,Óbidos (PA),26 anos,809
1505106,Óbidos (PA),27 anos,787
1505106,Óbidos (PA),28 anos,798
1505106,Óbidos (PA),29 anos,772
1505106,Óbidos (PA),30 anos,800
1505106,Óbidos (PA),31 anos,662
1505106,Óbidos (PA),32 anos,741
1505106,Óbidos (PA),33 anos,655
1505106,Óbidos (PA),34 anos,679
1505106,Óbidos (PA),35 anos,624
1505106,Óbidos (PA),36 anos,618
1505106,Óbidos (PA),37 anos,599
1505106,Óbidos (PA),38 anos,569
1505106,Óbidos (PA),39 anos,528
1505106,Óbidos (PA),40 anos,597
1505106,Óbidos (PA),41 anos,441
1505106,Óbidos (PA),42 anos,498
1505106,Óbidos (PA),43 anos,486
1505106,Óbidos (PA),44 anos,471
1505106,Óbidos (PA),45 anos,466
1505106,Óbidos (PA),46 anos,407
1505106,Óbidos (PA),47 anos,434
1505106,Óbidos (PA),48 anos,398
1505106,Óbidos (PA),49 anos,361
1505106,Óbidos (PA),50 anos,408
1505106,Óbidos (PA),51 anos,350
1505106,Óbidos (PA),52 anos,334
1505106,Óbidos (PA),53 anos,322
1505106,Óbidos (PA),54 anos,361
1505106,Óbidos (PA),55 anos,338
1505106,Óbidos (PA),56 anos,343
1505106,Óbidos (PA),57 anos,336
1505106,Óbidos (PA),58 anos,299
1505106,Óbidos (PA),59 anos,300
1505106,Óbidos (PA),60 anos,275
1505106,Óbidos (PA),61 anos,240
1505106,Óbidos (PA),62 anos,268
1505106,Óbidos (PA),63 anos,225
1505106,Óbidos (PA),64 anos,240
1505106,Óbidos (PA),65 anos,249
1505106,Óbidos (PA),66 anos,246
1505106,Óbidos (PA),67 anos,222
1505106,Óbidos (PA),68 anos,200
1505106,Óbidos (PA),69 anos,201
1505106,Óbidos (PA),70 anos,233
1505106,Óbidos (PA),71 anos,146
1505106,Óbidos (PA),72 anos,142
1505106,Óbidos (PA),73 anos,134
1505106,Óbidos (PA),74 anos,155
1505106,Óbidos (PA),75 anos,120
1505106,Óbidos (PA),76 anos,98
1505106,Óbidos (PA),77 anos,88
1505106,Óbidos (PA),78 anos,88
1505106,Óbidos (PA),79 anos,82
1505106,Óbidos (PA),80 anos,101
1505106,Óbidos (PA),81 anos,67
1505106,Óbidos (PA),82 anos,45
1505106,Óbidos (PA),83 anos,49
1505106,Óbidos (PA),84 anos,48
1505106,Óbidos (PA),85 anos,41
1505106,Óbidos (PA),86 anos,31
1505106,Óbidos (PA),87 anos,30
1505106,Óbidos (PA),88 anos,31
1505106,Óbidos (PA),89 anos,28
1505106,Óbidos (PA),90 anos,24
1505106,Óbidos (PA),91 anos,11
1505106,Óbidos (PA),92 anos,17
1505106,Óbidos (PA),93 anos,11
1505106,Óbidos (PA),94 anos,9
1505106,Óbidos (PA),95 anos,4
1505106,Óbidos (PA),96 anos,4
1505106,Óbidos (PA),97 anos,4
1505106,Óbidos (PA),98 anos,7
1505106,Óbidos (PA),99 anos,-
1505106,Óbidos (PA),100 anos ou mais,7
1505205,Oeiras do Pará (PA),Total,28595
1505205,Oeiras do Pará (PA),Menos de 1 ano,799
1505205,Oeiras do Pará (PA),Menos de 1 mês,51
1505205,Oeiras do Pará (PA),1 mês,58
1505205,Oeiras do Pará (PA),2 meses,58
1505205,Oeiras do Pará (PA),3 meses,68
1505205,Oeiras do Pará (PA),4 meses,58
1505205,Oeiras do Pará (PA),5 meses,62
1505205,Oeiras do Pará (PA),6 meses,69
1505205,Oeiras do Pará (PA),7 meses,80
1505205,Oeiras do Pará (PA),8 meses,67
1505205,Oeiras do Pará (PA),9 meses,65
1505205,Oeiras do Pará (PA),10 meses,83
1505205,Oeiras do Pará (PA),11 meses,80
1505205,Oeiras do Pará (PA),1 ano,754
1505205,Oeiras do Pará (PA),2 anos,843
1505205,Oeiras do Pará (PA),3 anos,791
1505205,Oeiras do Pará (PA),4 anos,838
1505205,Oeiras do Pará (PA),5 anos,839
1505205,Oeiras do Pará (PA),6 anos,801
1505205,Oeiras do Pará (PA),7 anos,806
1505205,Oeiras do Pará (PA),8 anos,763
1505205,Oeiras do Pará (PA),9 anos,854
1505205,Oeiras do Pará (PA),10 anos,843
1505205,Oeiras do Pará (PA),11 anos,794
1505205,Oeiras do Pará (PA),12 anos,825
1505205,Oeiras do Pará (PA),13 anos,724
1505205,Oeiras do Pará (PA),14 anos,773
1505205,Oeiras do Pará (PA),15 anos,690
1505205,Oeiras do Pará (PA),16 anos,680
1505205,Oeiras do Pará (PA),17 anos,637
1505205,Oeiras do Pará (PA),18 anos,650
1505205,Oeiras do Pará (PA),19 anos,549
1505205,Oeiras do Pará (PA),20 anos,581
1505205,Oeiras do Pará (PA),21 anos,503
1505205,Oeiras do Pará (PA),22 anos,511
1505205,Oeiras do Pará (PA),23 anos,504
1505205,Oeiras do Pará (PA),24 anos,493
1505205,Oeiras do Pará (PA),25 anos,445
1505205,Oeiras do Pará (PA),26 anos,479
1505205,Oeiras do Pará (PA),27 anos,447
1505205,Oeiras do Pará (PA),28 anos,476
1505205,Oeiras do Pará (PA),29 anos,409
1505205,Oeiras do Pará (PA),30 anos,444
1505205,Oeiras do Pará (PA),31 anos,352
1505205,Oeiras do Pará (PA),32 anos,343
1505205,Oeiras do Pará (PA),33 anos,376
1505205,Oeiras do Pará (PA),34 anos,353
1505205,Oeiras do Pará (PA),35 anos,344
1505205,Oeiras do Pará (PA),36 anos,316
1505205,Oeiras do Pará (PA),37 anos,336
1505205,Oeiras do Pará (PA),38 anos,279
1505205,Oeiras do Pará (PA),39 anos,272
1505205,Oeiras do Pará (PA),40 anos,305
1505205,Oeiras do Pará (PA),41 anos,228
1505205,Oeiras do Pará (PA),42 anos,252
1505205,Oeiras do Pará (PA),43 anos,210
1505205,Oeiras do Pará (PA),44 anos,195
1505205,Oeiras do Pará (PA),45 anos,201
1505205,Oeiras do Pará (PA),46 anos,175
1505205,Oeiras do Pará (PA),47 anos,175
1505205,Oeiras do Pará (PA),48 anos,177
1505205,Oeiras do Pará (PA),49 anos,162
1505205,Oeiras do Pará (PA),50 anos,166
1505205,Oeiras do Pará (PA),51 anos,130
1505205,Oeiras do Pará (PA),52 anos,115
1505205,Oeiras do Pará (PA),53 anos,122
1505205,Oeiras do Pará (PA),54 anos,160
1505205,Oeiras do Pará (PA),55 anos,156
1505205,Oeiras do Pará (PA),56 anos,146
1505205,Oeiras do Pará (PA),57 anos,143
1505205,Oeiras do Pará (PA),58 anos,101
1505205,Oeiras do Pará (PA),59 anos,125
1505205,Oeiras do Pará (PA),60 anos,130
1505205,Oeiras do Pará (PA),61 anos,84
1505205,Oeiras do Pará (PA),62 anos,99
1505205,Oeiras do Pará (PA),63 anos,110
1505205,Oeiras do Pará (PA),64 anos,96
1505205,Oeiras do Pará (PA),65 anos,102
1505205,Oeiras do Pará (PA),66 anos,102
1505205,Oeiras do Pará (PA),67 anos,82
1505205,Oeiras do Pará (PA),68 anos,68
1505205,Oeiras do Pará (PA),69 anos,72
1505205,Oeiras do Pará (PA),70 anos,94
1505205,Oeiras do Pará (PA),71 anos,53
1505205,Oeiras do Pará (PA),72 anos,48
1505205,Oeiras do Pará (PA),73 anos,44
1505205,Oeiras do Pará (PA),74 anos,36
1505205,Oeiras do Pará (PA),75 anos,30
1505205,Oeiras do Pará (PA),76 anos,40
1505205,Oeiras do Pará (PA),77 anos,32
1505205,Oeiras do Pará (PA),78 anos,26
1505205,Oeiras do Pará (PA),79 anos,20
1505205,Oeiras do Pará (PA),80 anos,28
1505205,Oeiras do Pará (PA),81 anos,13
1505205,Oeiras do Pará (PA),82 anos,12
1505205,Oeiras do Pará (PA),83 anos,12
1505205,Oeiras do Pará (PA),84 anos,18
1505205,Oeiras do Pará (PA),85 anos,15
1505205,Oeiras do Pará (PA),86 anos,18
1505205,Oeiras do Pará (PA),87 anos,7
1505205,Oeiras do Pará (PA),88 anos,15
1505205,Oeiras do Pará (PA),89 anos,13
1505205,Oeiras do Pará (PA),90 anos,11
1505205,Oeiras do Pará (PA),91 anos,7
1505205,Oeiras do Pará (PA),92 anos,8
1505205,Oeiras do Pará (PA),93 anos,19
1505205,Oeiras do Pará (PA),94 anos,27
1505205,Oeiras do Pará (PA),95 anos,13
1505205,Oeiras do Pará (PA),96 anos,16
1505205,Oeiras do Pará (PA),97 anos,6
1505205,Oeiras do Pará (PA),98 anos,3
1505205,Oeiras do Pará (PA),99 anos,1
1505205,Oeiras do Pará (PA),100 anos ou mais,5
1505304,Oriximiná (PA),Total,62794
1505304,Oriximiná (PA),Menos de 1 ano,1362
1505304,Oriximiná (PA),Menos de 1 mês,101
1505304,Oriximiná (PA),1 mês,95
1505304,Oriximiná (PA),2 meses,101
1505304,Oriximiná (PA),3 meses,98
1505304,Oriximiná (PA),4 meses,123
1505304,Oriximiná (PA),5 meses,90
1505304,Oriximiná (PA),6 meses,115
1505304,Oriximiná (PA),7 meses,143
1505304,Oriximiná (PA),8 meses,115
1505304,Oriximiná (PA),9 meses,125
1505304,Oriximiná (PA),10 meses,125
1505304,Oriximiná (PA),11 meses,131
1505304,Oriximiná (PA),1 ano,1380
1505304,Oriximiná (PA),2 anos,1521
1505304,Oriximiná (PA),3 anos,1466
1505304,Oriximiná (PA),4 anos,1577
1505304,Oriximiná (PA),5 anos,1558
1505304,Oriximiná (PA),6 anos,1565
1505304,Oriximiná (PA),7 anos,1564
1505304,Oriximiná (PA),8 anos,1512
1505304,Oriximiná (PA),9 anos,1667
1505304,Oriximiná (PA),10 anos,1736
1505304,Oriximiná (PA),11 anos,1570
1505304,Oriximiná (PA),12 anos,1586
1505304,Oriximiná (PA),13 anos,1561
1505304,Oriximiná (PA),14 anos,1549
1505304,Oriximiná (PA),15 anos,1488
1505304,Oriximiná (PA),16 anos,1520
1505304,Oriximiná (PA),17 anos,1364
1505304,Oriximiná (PA),18 anos,1267
1505304,Oriximiná (PA),19 anos,1076
1505304,Oriximiná (PA),20 anos,1161
1505304,Oriximiná (PA),21 anos,999
1505304,Oriximiná (PA),22 anos,1144
1505304,Oriximiná (PA),23 anos,1099
1505304,Oriximiná (PA),24 anos,1082
1505304,Oriximiná (PA),25 anos,1115
1505304,Oriximiná (PA),26 anos,975
1505304,Oriximiná (PA),27 anos,1104
1505304,Oriximiná (PA),28 anos,1065
1505304,Oriximiná (PA),29 anos,1009
1505304,Oriximiná (PA),30 anos,1059
1505304,Oriximiná (PA),31 anos,921
1505304,Oriximiná (PA),32 anos,956
1505304,Oriximiná (PA),33 anos,845
1505304,Oriximiná (PA),34 anos,832
1505304,Oriximiná (PA),35 anos,844
1505304,Oriximiná (PA),36 anos,766
1505304,Oriximiná (PA),37 anos,737
1505304,Oriximiná (PA),38 anos,712
1505304,Oriximiná (PA),39 anos,664
1505304,Oriximiná (PA),40 anos,729
1505304,Oriximiná (PA),41 anos,597
1505304,Oriximiná (PA),42 anos,600
1505304,Oriximiná (PA),43 anos,553
1505304,Oriximiná (PA),44 anos,550
1505304,Oriximiná (PA),45 anos,605
1505304,Oriximiná (PA),46 anos,516
1505304,Oriximiná (PA),47 anos,500
1505304,Oriximiná (PA),48 anos,477
1505304,Oriximiná (PA),49 anos,465
1505304,Oriximiná (PA),50 anos,462
1505304,Oriximiná (PA),51 anos,460
1505304,Oriximiná (PA),52 anos,446
1505304,Oriximiná (PA),53 anos,388
1505304,Oriximiná (PA),54 anos,437
1505304,Oriximiná (PA),55 anos,440
1505304,Oriximiná (PA),56 anos,360
1505304,Oriximiná (PA),57 anos,338
1505304,Oriximiná (PA),58 anos,293
1505304,Oriximiná (PA),59 anos,305
1505304,Oriximiná (PA),60 anos,326
1505304,Oriximiná (PA),61 anos,287
1505304,Oriximiná (PA),62 anos,249
1505304,Oriximiná (PA),63 anos,236
1505304,Oriximiná (PA),64 anos,236
1505304,Oriximiná (PA),65 anos,285
1505304,Oriximiná (PA),66 anos,253
1505304,Oriximiná (PA),67 anos,219
1505304,Oriximiná (PA),68 anos,175
1505304,Oriximiná (PA),69 anos,176
1505304,Oriximiná (PA),70 anos,221
1505304,Oriximiná (PA),71 anos,150
1505304,Oriximiná (PA),72 anos,160
1505304,Oriximiná (PA),73 anos,126
1505304,Oriximiná (PA),74 anos,129
1505304,Oriximiná (PA),75 anos,100
1505304,Oriximiná (PA),76 anos,110
1505304,Oriximiná (PA),77 anos,107
1505304,Oriximiná (PA),78 anos,109
1505304,Oriximiná (PA),79 anos,109
1505304,Oriximiná (PA),80 anos,80
1505304,Oriximiná (PA),81 anos,53
1505304,Oriximiná (PA),82 anos,61
1505304,Oriximiná (PA),83 anos,48
1505304,Oriximiná (PA),84 anos,47
1505304,Oriximiná (PA),85 anos,55
1505304,Oriximiná (PA),86 anos,32
1505304,Oriximiná (PA),87 anos,36
1505304,Oriximiná (PA),88 anos,27
1505304,Oriximiná (PA),89 anos,24
1505304,Oriximiná (PA),90 anos,20
1505304,Oriximiná (PA),91 anos,8
1505304,Oriximiná (PA),92 anos,12
1505304,Oriximiná (PA),93 anos,3
1505304,Oriximiná (PA),94 anos,8
1505304,Oriximiná (PA),95 anos,5
1505304,Oriximiná (PA),96 anos,5
1505304,Oriximiná (PA),97 anos,-
1505304,Oriximiná (PA),98 anos,4
1505304,Oriximiná (PA),99 anos,1
1505304,Oriximiná (PA),100 anos ou mais,3
1505403,Ourém (PA),Total,16311
1505403,Ourém (PA),Menos de 1 ano,327
1505403,Ourém (PA),Menos de 1 mês,23
1505403,Ourém (PA),1 mês,32
1505403,Ourém (PA),2 meses,27
1505403,Ourém (PA),3 meses,31
1505403,Ourém (PA),4 meses,20
1505403,Ourém (PA),5 meses,21
1505403,Ourém (PA),6 meses,34
1505403,Ourém (PA),7 meses,29
1505403,Ourém (PA),8 meses,34
1505403,Ourém (PA),9 meses,24
1505403,Ourém (PA),10 meses,29
1505403,Ourém (PA),11 meses,23
1505403,Ourém (PA),1 ano,306
1505403,Ourém (PA),2 anos,307
1505403,Ourém (PA),3 anos,298
1505403,Ourém (PA),4 anos,354
1505403,Ourém (PA),5 anos,339
1505403,Ourém (PA),6 anos,353
1505403,Ourém (PA),7 anos,347
1505403,Ourém (PA),8 anos,361
1505403,Ourém (PA),9 anos,376
1505403,Ourém (PA),10 anos,411
1505403,Ourém (PA),11 anos,374
1505403,Ourém (PA),12 anos,397
1505403,Ourém (PA),13 anos,399
1505403,Ourém (PA),14 anos,391
1505403,Ourém (PA),15 anos,379
1505403,Ourém (PA),16 anos,391
1505403,Ourém (PA),17 anos,386
1505403,Ourém (PA),18 anos,373
1505403,Ourém (PA),19 anos,287
1505403,Ourém (PA),20 anos,286
1505403,Ourém (PA),21 anos,292
1505403,Ourém (PA),22 anos,315
1505403,Ourém (PA),23 anos,288
1505403,Ourém (PA),24 anos,286
1505403,Ourém (PA),25 anos,290
1505403,Ourém (PA),26 anos,261
1505403,Ourém (PA),27 anos,301
1505403,Ourém (PA),28 anos,290
1505403,Ourém (PA),29 anos,234
1505403,Ourém (PA),30 anos,291
1505403,Ourém (PA),31 anos,227
1505403,Ourém (PA),32 anos,263
1505403,Ourém (PA),33 anos,211
1505403,Ourém (PA),34 anos,219
1505403,Ourém (PA),35 anos,197
1505403,Ourém (PA),36 anos,211
1505403,Ourém (PA),37 anos,217
1505403,Ourém (PA),38 anos,162
1505403,Ourém (PA),39 anos,178
1505403,Ourém (PA),40 anos,191
1505403,Ourém (PA),41 anos,174
1505403,Ourém (PA),42 anos,193
1505403,Ourém (PA),43 anos,172
1505403,Ourém (PA),44 anos,145
1505403,Ourém (PA),45 anos,151
1505403,Ourém (PA),46 anos,150
1505403,Ourém (PA),47 anos,143
1505403,Ourém (PA),48 anos,151
1505403,Ourém (PA),49 anos,138
1505403,Ourém (PA),50 anos,107
1505403,Ourém (PA),51 anos,105
1505403,Ourém (PA),52 anos,133
1505403,Ourém (PA),53 anos,111
1505403,Ourém (PA),54 anos,107
1505403,Ourém (PA),55 anos,113
1505403,Ourém (PA),56 anos,121
1505403,Ourém (PA),57 anos,115
1505403,Ourém (PA),58 anos,101
1505403,Ourém (PA),59 anos,88
1505403,Ourém (PA),60 anos,87
1505403,Ourém (PA),61 anos,89
1505403,Ourém (PA),62 anos,81
1505403,Ourém (PA),63 anos,88
1505403,Ourém (PA),64 anos,68
1505403,Ourém (PA),65 anos,75
1505403,Ourém (PA),66 anos,84
1505403,Ourém (PA),67 anos,82
1505403,Ourém (PA),68 anos,63
1505403,Ourém (PA),69 anos,61
1505403,Ourém (PA),70 anos,86
1505403,Ourém (PA),71 anos,45
1505403,Ourém (PA),72 anos,54
1505403,Ourém (PA),73 anos,42
1505403,Ourém (PA),74 anos,42
1505403,Ourém (PA),75 anos,37
1505403,Ourém (PA),76 anos,33
1505403,Ourém (PA),77 anos,29
1505403,Ourém (PA),78 anos,40
1505403,Ourém (PA),79 anos,33
1505403,Ourém (PA),80 anos,30
1505403,Ourém (PA),81 anos,20
1505403,Ourém (PA),82 anos,21
1505403,Ourém (PA),83 anos,16
1505403,Ourém (PA),84 anos,20
1505403,Ourém (PA),85 anos,23
1505403,Ourém (PA),86 anos,16
1505403,Ourém (PA),87 anos,9
1505403,Ourém (PA),88 anos,12
1505403,Ourém (PA),89 anos,8
1505403,Ourém (PA),90 anos,4
1505403,Ourém (PA),91 anos,4
1505403,Ourém (PA),92 anos,9
1505403,Ourém (PA),93 anos,5
1505403,Ourém (PA),94 anos,3
1505403,Ourém (PA),95 anos,2
1505403,Ourém (PA),96 anos,2
1505403,Ourém (PA),97 anos,1
1505403,Ourém (PA),98 anos,2
1505403,Ourém (PA),99 anos,-
1505403,Ourém (PA),100 anos ou mais,1
1505437,Ourilândia do Norte (PA),Total,27359
1505437,Ourilândia do Norte (PA),Menos de 1 ano,606
1505437,Ourilândia do Norte (PA),Menos de 1 mês,43
1505437,Ourilândia do Norte (PA),1 mês,49
1505437,Ourilândia do Norte (PA),2 meses,57
1505437,Ourilândia do Norte (PA),3 meses,49
1505437,Ourilândia do Norte (PA),4 meses,48
1505437,Ourilândia do Norte (PA),5 meses,45
1505437,Ourilândia do Norte (PA),6 meses,50
1505437,Ourilândia do Norte (PA),7 meses,44
1505437,Ourilândia do Norte (PA),8 meses,59
1505437,Ourilândia do Norte (PA),9 meses,56
1505437,Ourilândia do Norte (PA),10 meses,54
1505437,Ourilândia do Norte (PA),11 meses,52
1505437,Ourilândia do Norte (PA),1 ano,553
1505437,Ourilândia do Norte (PA),2 anos,512
1505437,Ourilândia do Norte (PA),3 anos,569
1505437,Ourilândia do Norte (PA),4 anos,547
1505437,Ourilândia do Norte (PA),5 anos,593
1505437,Ourilândia do Norte (PA),6 anos,545
1505437,Ourilândia do Norte (PA),7 anos,550
1505437,Ourilândia do Norte (PA),8 anos,602
1505437,Ourilândia do Norte (PA),9 anos,570
1505437,Ourilândia do Norte (PA),10 anos,626
1505437,Ourilândia do Norte (PA),11 anos,582
1505437,Ourilândia do Norte (PA),12 anos,614
1505437,Ourilândia do Norte (PA),13 anos,588
1505437,Ourilândia do Norte (PA),14 anos,590
1505437,Ourilândia do Norte (PA),15 anos,634
1505437,Ourilândia do Norte (PA),16 anos,617
1505437,Ourilândia do Norte (PA),17 anos,596
1505437,Ourilândia do Norte (PA),18 anos,544
1505437,Ourilândia do Norte (PA),19 anos,603
1505437,Ourilândia do Norte (PA),20 anos,565
1505437,Ourilândia do Norte (PA),21 anos,593
1505437,Ourilândia do Norte (PA),22 anos,622
1505437,Ourilândia do Norte (PA),23 anos,572
1505437,Ourilândia do Norte (PA),24 anos,615
1505437,Ourilândia do Norte (PA),25 anos,573
1505437,Ourilândia do Norte (PA),26 anos,566
1505437,Ourilândia do Norte (PA),27 anos,575
1505437,Ourilândia do Norte (PA),28 anos,592
1505437,Ourilândia do Norte (PA),29 anos,525
1505437,Ourilândia do Norte (PA),30 anos,552
1505437,Ourilândia do Norte (PA),31 anos,479
1505437,Ourilândia do Norte (PA),32 anos,487
1505437,Ourilândia do Norte (PA),33 anos,426
1505437,Ourilândia do Norte (PA),34 anos,441
1505437,Ourilândia do Norte (PA),35 anos,404
1505437,Ourilândia do Norte (PA),36 anos,412
1505437,Ourilândia do Norte (PA),37 anos,386
1505437,Ourilândia do Norte (PA),38 anos,383
1505437,Ourilândia do Norte (PA),39 anos,399
1505437,Ourilândia do Norte (PA),40 anos,429
1505437,Ourilândia do Norte (PA),41 anos,323
1505437,Ourilândia do Norte (PA),42 anos,330
1505437,Ourilândia do Norte (PA),43 anos,310
1505437,Ourilândia do Norte (PA),44 anos,275
1505437,Ourilândia do Norte (PA),45 anos,292
1505437,Ourilândia do Norte (PA),46 anos,249
1505437,Ourilândia do Norte (PA),47 anos,243
1505437,Ourilândia do Norte (PA),48 anos,215
1505437,Ourilândia do Norte (PA),49 anos,214
1505437,Ourilândia do Norte (PA),50 anos,232
1505437,Ourilândia do Norte (PA),51 anos,155
1505437,Ourilândia do Norte (PA),52 anos,187
1505437,Ourilândia do Norte (PA),53 anos,124
1505437,Ourilândia do Norte (PA),54 anos,152
1505437,Ourilândia do Norte (PA),55 anos,127
1505437,Ourilândia do Norte (PA),56 anos,140
1505437,Ourilândia do Norte (PA),57 anos,129
1505437,Ourilândia do Norte (PA),58 anos,112
1505437,Ourilândia do Norte (PA),59 anos,119
1505437,Ourilândia do Norte (PA),60 anos,106
1505437,Ourilândia do Norte (PA),61 anos,82
1505437,Ourilândia do Norte (PA),62 anos,90
1505437,Ourilândia do Norte (PA),63 anos,62
1505437,Ourilândia do Norte (PA),64 anos,72
1505437,Ourilândia do Norte (PA),65 anos,102
1505437,Ourilândia do Norte (PA),66 anos,65
1505437,Ourilândia do Norte (PA),67 anos,56
1505437,Ourilândia do Norte (PA),68 anos,50
1505437,Ourilândia do Norte (PA),69 anos,56
1505437,Ourilândia do Norte (PA),70 anos,64
1505437,Ourilândia do Norte (PA),71 anos,44
1505437,Ourilândia do Norte (PA),72 anos,44
1505437,Ourilândia do Norte (PA),73 anos,31
1505437,Ourilândia do Norte (PA),74 anos,38
1505437,Ourilândia do Norte (PA),75 anos,27
1505437,Ourilândia do Norte (PA),76 anos,30
1505437,Ourilândia do Norte (PA),77 anos,30
1505437,Ourilândia do Norte (PA),78 anos,27
1505437,Ourilândia do Norte (PA),79 anos,21
1505437,Ourilândia do Norte (PA),80 anos,25
1505437,Ourilândia do Norte (PA),81 anos,16
1505437,Ourilândia do Norte (PA),82 anos,10
1505437,Ourilândia do Norte (PA),83 anos,3
1505437,Ourilândia do Norte (PA),84 anos,7
1505437,Ourilândia do Norte (PA),85 anos,11
1505437,Ourilândia do Norte (PA),86 anos,5
1505437,Ourilândia do Norte (PA),87 anos,7
1505437,Ourilândia do Norte (PA),88 anos,1
1505437,Ourilândia do Norte (PA),89 anos,3
1505437,Ourilândia do Norte (PA),90 anos,2
1505437,Ourilândia do Norte (PA),91 anos,2
1505437,Ourilândia do Norte (PA),92 anos,2
1505437,Ourilândia do Norte (PA),93 anos,1
1505437,Ourilândia do Norte (PA),94 anos,2
1505437,Ourilândia do Norte (PA),95 anos,-
1505437,Ourilândia do Norte (PA),96 anos,-
1505437,Ourilândia do Norte (PA),97 anos,-
1505437,Ourilândia do Norte (PA),98 anos,-
1505437,Ourilândia do Norte (PA),99 anos,-
1505437,Ourilândia do Norte (PA),100 anos ou mais,-
1505486,Pacajá (PA),Total,39979
1505486,Pacajá (PA),Menos de 1 ano,801
1505486,Pacajá (PA),Menos de 1 mês,66
1505486,Pacajá (PA),1 mês,62
1505486,Pacajá (PA),2 meses,55
1505486,Pacajá (PA),3 meses,68
1505486,Pacajá (PA),4 meses,64
1505486,Pacajá (PA),5 meses,65
1505486,Pacajá (PA),6 meses,67
1505486,Pacajá (PA),7 meses,75
1505486,Pacajá (PA),8 meses,72
1505486,Pacajá (PA),9 meses,75
1505486,Pacajá (PA),10 meses,62
1505486,Pacajá (PA),11 meses,70
1505486,Pacajá (PA),1 ano,890
1505486,Pacajá (PA),2 anos,897
1505486,Pacajá (PA),3 anos,962
1505486,Pacajá (PA),4 anos,919
1505486,Pacajá (PA),5 anos,903
1505486,Pacajá (PA),6 anos,870
1505486,Pacajá (PA),7 anos,943
1505486,Pacajá (PA),8 anos,862
1505486,Pacajá (PA),9 anos,914
1505486,Pacajá (PA),10 anos,976
1505486,Pacajá (PA),11 anos,951
1505486,Pacajá (PA),12 anos,1028
1505486,Pacajá (PA),13 anos,969
1505486,Pacajá (PA),14 anos,1024
1505486,Pacajá (PA),15 anos,979
1505486,Pacajá (PA),16 anos,942
1505486,Pacajá (PA),17 anos,894
1505486,Pacajá (PA),18 anos,860
1505486,Pacajá (PA),19 anos,731
1505486,Pacajá (PA),20 anos,835
1505486,Pacajá (PA),21 anos,723
1505486,Pacajá (PA),22 anos,810
1505486,Pacajá (PA),23 anos,738
1505486,Pacajá (PA),24 anos,760
1505486,Pacajá (PA),25 anos,754
1505486,Pacajá (PA),26 anos,711
1505486,Pacajá (PA),27 anos,658
1505486,Pacajá (PA),28 anos,692
1505486,Pacajá (PA),29 anos,641
1505486,Pacajá (PA),30 anos,681
1505486,Pacajá (PA),31 anos,577
1505486,Pacajá (PA),32 anos,621
1505486,Pacajá (PA),33 anos,533
1505486,Pacajá (PA),34 anos,507
1505486,Pacajá (PA),35 anos,507
1505486,Pacajá (PA),36 anos,479
1505486,Pacajá (PA),37 anos,459
1505486,Pacajá (PA),38 anos,514
1505486,Pacajá (PA),39 anos,426
1505486,Pacajá (PA),40 anos,438
1505486,Pacajá (PA),41 anos,399
1505486,Pacajá (PA),42 anos,434
1505486,Pacajá (PA),43 anos,419
1505486,Pacajá (PA),44 anos,381
1505486,Pacajá (PA),45 anos,378
1505486,Pacajá (PA),46 anos,380
1505486,Pacajá (PA),47 anos,339
1505486,Pacajá (PA),48 anos,308
1505486,Pacajá (PA),49 anos,325
1505486,Pacajá (PA),50 anos,325
1505486,Pacajá (PA),51 anos,289
1505486,Pacajá (PA),52 anos,303
1505486,Pacajá (PA),53 anos,267
1505486,Pacajá (PA),54 anos,270
1505486,Pacajá (PA),55 anos,279
1505486,Pacajá (PA),56 anos,247
1505486,Pacajá (PA),57 anos,256
1505486,Pacajá (PA),58 anos,236
1505486,Pacajá (PA),59 anos,221
1505486,Pacajá (PA),60 anos,238
1505486,Pacajá (PA),61 anos,159
1505486,Pacajá (PA),62 anos,186
1505486,Pacajá (PA),63 anos,159
1505486,Pacajá (PA),64 anos,166
1505486,Pacajá (PA),65 anos,157
1505486,Pacajá (PA),66 anos,141
1505486,Pacajá (PA),67 anos,145
1505486,Pacajá (PA),68 anos,115
1505486,Pacajá (PA),69 anos,121
1505486,Pacajá (PA),70 anos,134
1505486,Pacajá (PA),71 anos,104
1505486,Pacajá (PA),72 anos,87
1505486,Pacajá (PA),73 anos,74
1505486,Pacajá (PA),74 anos,79
1505486,Pacajá (PA),75 anos,67
1505486,Pacajá (PA),76 anos,50
1505486,Pacajá (PA),77 anos,53
1505486,Pacajá (PA),78 anos,43
1505486,Pacajá (PA),79 anos,47
1505486,Pacajá (PA),80 anos,51
1505486,Pacajá (PA),81 anos,23
1505486,Pacajá (PA),82 anos,16
1505486,Pacajá (PA),83 anos,24
1505486,Pacajá (PA),84 anos,20
1505486,Pacajá (PA),85 anos,19
1505486,Pacajá (PA),86 anos,11
1505486,Pacajá (PA),87 anos,11
1505486,Pacajá (PA),88 anos,5
1505486,Pacajá (PA),89 anos,7
1505486,Pacajá (PA),90 anos,6
1505486,Pacajá (PA),91 anos,7
1505486,Pacajá (PA),92 anos,-
1505486,Pacajá (PA),93 anos,3
1505486,Pacajá (PA),94 anos,1
1505486,Pacajá (PA),95 anos,3
1505486,Pacajá (PA),96 anos,4
1505486,Pacajá (PA),97 anos,-
1505486,Pacajá (PA),98 anos,2
1505486,Pacajá (PA),99 anos,1
1505486,Pacajá (PA),100 anos ou mais,5
1505494,Palestina do Pará (PA),Total,7475
1505494,Palestina do Pará (PA),Menos de 1 ano,147
1505494,Palestina do Pará (PA),Menos de 1 mês,14
1505494,Palestina do Pará (PA),1 mês,20
1505494,Palestina do Pará (PA),2 meses,11
1505494,Palestina do Pará (PA),3 meses,9
1505494,Palestina do Pará (PA),4 meses,10
1505494,Palestina do Pará (PA),5 meses,10
1505494,Palestina do Pará (PA),6 meses,8
1505494,Palestina do Pará (PA),7 meses,16
1505494,Palestina do Pará (PA),8 meses,17
1505494,Palestina do Pará (PA),9 meses,13
1505494,Palestina do Pará (PA),10 meses,10
1505494,Palestina do Pará (PA),11 meses,9
1505494,Palestina do Pará (PA),1 ano,147
1505494,Palestina do Pará (PA),2 anos,144
1505494,Palestina do Pará (PA),3 anos,159
1505494,Palestina do Pará (PA),4 anos,164
1505494,Palestina do Pará (PA),5 anos,188
1505494,Palestina do Pará (PA),6 anos,154
1505494,Palestina do Pará (PA),7 anos,172
1505494,Palestina do Pará (PA),8 anos,154
1505494,Palestina do Pará (PA),9 anos,154
1505494,Palestina do Pará (PA),10 anos,165
1505494,Palestina do Pará (PA),11 anos,155
1505494,Palestina do Pará (PA),12 anos,167
1505494,Palestina do Pará (PA),13 anos,165
1505494,Palestina do Pará (PA),14 anos,155
1505494,Palestina do Pará (PA),15 anos,174
1505494,Palestina do Pará (PA),16 anos,178
1505494,Palestina do Pará (PA),17 anos,162
1505494,Palestina do Pará (PA),18 anos,177
1505494,Palestina do Pará (PA),19 anos,159
1505494,Palestina do Pará (PA),20 anos,139
1505494,Palestina do Pará (PA),21 anos,120
1505494,Palestina do Pará (PA),22 anos,133
1505494,Palestina do Pará (PA),23 anos,141
1505494,Palestina do Pará (PA),24 anos,136
1505494,Palestina do Pará (PA),25 anos,142
1505494,Palestina do Pará (PA),26 anos,140
1505494,Palestina do Pará (PA),27 anos,129
1505494,Palestina do Pará (PA),28 anos,114
1505494,Palestina do Pará (PA),29 anos,120
1505494,Palestina do Pará (PA),30 anos,125
1505494,Palestina do Pará (PA),31 anos,101
1505494,Palestina do Pará (PA),32 anos,93
1505494,Palestina do Pará (PA),33 anos,110
1505494,Palestina do Pará (PA),34 anos,113
1505494,Palestina do Pará (PA),35 anos,91
1505494,Palestina do Pará (PA),36 anos,86
1505494,Palestina do Pará (PA),37 anos,75
1505494,Palestina do Pará (PA),38 anos,86
1505494,Palestina do Pará (PA),39 anos,91
1505494,Palestina do Pará (PA),40 anos,72
1505494,Palestina do Pará (PA),41 anos,68
1505494,Palestina do Pará (PA),42 anos,71
1505494,Palestina do Pará (PA),43 anos,84
1505494,Palestina do Pará (PA),44 anos,63
1505494,Palestina do Pará (PA),45 anos,67
1505494,Palestina do Pará (PA),46 anos,71
1505494,Palestina do Pará (PA),47 anos,86
1505494,Palestina do Pará (PA),48 anos,61
1505494,Palestina do Pará (PA),49 anos,63
1505494,Palestina do Pará (PA),50 anos,67
1505494,Palestina do Pará (PA),51 anos,42
1505494,Palestina do Pará (PA),52 anos,60
1505494,Palestina do Pará (PA),53 anos,61
1505494,Palestina do Pará (PA),54 anos,63
1505494,Palestina do Pará (PA),55 anos,59
1505494,Palestina do Pará (PA),56 anos,59
1505494,Palestina do Pará (PA),57 anos,60
1505494,Palestina do Pará (PA),58 anos,52
1505494,Palestina do Pará (PA),59 anos,41
1505494,Palestina do Pará (PA),60 anos,67
1505494,Palestina do Pará (PA),61 anos,46
1505494,Palestina do Pará (PA),62 anos,49
1505494,Palestina do Pará (PA),63 anos,41
1505494,Palestina do Pará (PA),64 anos,35
1505494,Palestina do Pará (PA),65 anos,35
1505494,Palestina do Pará (PA),66 anos,33
1505494,Palestina do Pará (PA),67 anos,34
1505494,Palestina do Pará (PA),68 anos,17
1505494,Palestina do Pará (PA),69 anos,30
1505494,Palestina do Pará (PA),70 anos,41
1505494,Palestina do Pará (PA),71 anos,24
1505494,Palestina do Pará (PA),72 anos,26
1505494,Palestina do Pará (PA),73 anos,17
1505494,Palestina do Pará (PA),74 anos,19
1505494,Palestina do Pará (PA),75 anos,13
1505494,Palestina do Pará (PA),76 anos,12
1505494,Palestina do Pará (PA),77 anos,19
1505494,Palestina do Pará (PA),78 anos,17
1505494,Palestina do Pará (PA),79 anos,15
1505494,Palestina do Pará (PA),80 anos,13
1505494,Palestina do Pará (PA),81 anos,9
1505494,Palestina do Pará (PA),82 anos,9
1505494,Palestina do Pará (PA),83 anos,6
1505494,Palestina do Pará (PA),84 anos,13
1505494,Palestina do Pará (PA),85 anos,7
1505494,Palestina do Pará (PA),86 anos,6
1505494,Palestina do Pará (PA),87 anos,7
1505494,Palestina do Pará (PA),88 anos,3
1505494,Palestina do Pará (PA),89 anos,4
1505494,Palestina do Pará (PA),90 anos,4
1505494,Palestina do Pará (PA),91 anos,1
1505494,Palestina do Pará (PA),92 anos,2
1505494,Palestina do Pará (PA),93 anos,1
1505494,Palestina do Pará (PA),94 anos,-
1505494,Palestina do Pará (PA),95 anos,-
1505494,Palestina do Pará (PA),96 anos,1
1505494,Palestina do Pará (PA),97 anos,-
1505494,Palestina do Pará (PA),98 anos,1
1505494,Palestina do Pará (PA),99 anos,-
1505494,Palestina do Pará (PA),100 anos ou mais,3
1505502,Paragominas (PA),Total,97819
1505502,Paragominas (PA),Menos de 1 ano,2134
1505502,Paragominas (PA),Menos de 1 mês,166
1505502,Paragominas (PA),1 mês,158
1505502,Paragominas (PA),2 meses,176
1505502,Paragominas (PA),3 meses,176
1505502,Paragominas (PA),4 meses,146
1505502,Paragominas (PA),5 meses,154
1505502,Paragominas (PA),6 meses,182
1505502,Paragominas (PA),7 meses,211
1505502,Paragominas (PA),8 meses,216
1505502,Paragominas (PA),9 meses,169
1505502,Paragominas (PA),10 meses,181
1505502,Paragominas (PA),11 meses,199
1505502,Paragominas (PA),1 ano,2095
1505502,Paragominas (PA),2 anos,2105
1505502,Paragominas (PA),3 anos,2139
1505502,Paragominas (PA),4 anos,2135
1505502,Paragominas (PA),5 anos,2246
1505502,Paragominas (PA),6 anos,2137
1505502,Paragominas (PA),7 anos,2185
1505502,Paragominas (PA),8 anos,2106
1505502,Paragominas (PA),9 anos,2132
1505502,Paragominas (PA),10 anos,2315
1505502,Paragominas (PA),11 anos,2247
1505502,Paragominas (PA),12 anos,2195
1505502,Paragominas (PA),13 anos,2150
1505502,Paragominas (PA),14 anos,2204
1505502,Paragominas (PA),15 anos,2082
1505502,Paragominas (PA),16 anos,1986
1505502,Paragominas (PA),17 anos,2075
1505502,Paragominas (PA),18 anos,1980
1505502,Paragominas (PA),19 anos,1949
1505502,Paragominas (PA),20 anos,2018
1505502,Paragominas (PA),21 anos,2070
1505502,Paragominas (PA),22 anos,2218
1505502,Paragominas (PA),23 anos,2117
1505502,Paragominas (PA),24 anos,2105
1505502,Paragominas (PA),25 anos,2225
1505502,Paragominas (PA),26 anos,1922
1505502,Paragominas (PA),27 anos,2082
1505502,Paragominas (PA),28 anos,2052
1505502,Paragominas (PA),29 anos,1929
1505502,Paragominas (PA),30 anos,2038
1505502,Paragominas (PA),31 anos,1632
1505502,Paragominas (PA),32 anos,1707
1505502,Paragominas (PA),33 anos,1618
1505502,Paragominas (PA),34 anos,1436
1505502,Paragominas (PA),35 anos,1510
1505502,Paragominas (PA),36 anos,1338
1505502,Paragominas (PA),37 anos,1346
1505502,Paragominas (PA),38 anos,1296
1505502,Paragominas (PA),39 anos,1260
1505502,Paragominas (PA),40 anos,1326
1505502,Paragominas (PA),41 anos,1055
1505502,Paragominas (PA),42 anos,1154
1505502,Paragominas (PA),43 anos,1016
1505502,Paragominas (PA),44 anos,934
1505502,Paragominas (PA),45 anos,923
1505502,Paragominas (PA),46 anos,874
1505502,Paragominas (PA),47 anos,827
1505502,Paragominas (PA),48 anos,765
1505502,Paragominas (PA),49 anos,629
1505502,Paragominas (PA),50 anos,803
1505502,Paragominas (PA),51 anos,587
1505502,Paragominas (PA),52 anos,673
1505502,Paragominas (PA),53 anos,604
1505502,Paragominas (PA),54 anos,590
1505502,Paragominas (PA),55 anos,543
1505502,Paragominas (PA),56 anos,510
1505502,Paragominas (PA),57 anos,452
1505502,Paragominas (PA),58 anos,457
1505502,Paragominas (PA),59 anos,409
1505502,Paragominas (PA),60 anos,417
1505502,Paragominas (PA),61 anos,281
1505502,Paragominas (PA),62 anos,296
1505502,Paragominas (PA),63 anos,302
1505502,Paragominas (PA),64 anos,249
1505502,Paragominas (PA),65 anos,279
1505502,Paragominas (PA),66 anos,223
1505502,Paragominas (PA),67 anos,224
1505502,Paragominas (PA),68 anos,200
1505502,Paragominas (PA),69 anos,158
1505502,Paragominas (PA),70 anos,215
1505502,Paragominas (PA),71 anos,111
1505502,Paragominas (PA),72 anos,133
1505502,Paragominas (PA),73 anos,111
1505502,Paragominas (PA),74 anos,127
1505502,Paragominas (PA),75 anos,108
1505502,Paragominas (PA),76 anos,83
1505502,Paragominas (PA),77 anos,95
1505502,Paragominas (PA),78 anos,83
1505502,Paragominas (PA),79 anos,63
1505502,Paragominas (PA),80 anos,68
1505502,Paragominas (PA),81 anos,48
1505502,Paragominas (PA),82 anos,47
1505502,Paragominas (PA),83 anos,46
1505502,Paragominas (PA),84 anos,34
1505502,Paragominas (PA),85 anos,34
1505502,Paragominas (PA),86 anos,28
1505502,Paragominas (PA),87 anos,14
1505502,Paragominas (PA),88 anos,18
1505502,Paragominas (PA),89 anos,14
1505502,Paragominas (PA),90 anos,19
1505502,Paragominas (PA),91 anos,4
1505502,Paragominas (PA),92 anos,7
1505502,Paragominas (PA),93 anos,9
1505502,Paragominas (PA),94 anos,5
1505502,Paragominas (PA),95 anos,4
1505502,Paragominas (PA),96 anos,3
1505502,Paragominas (PA),97 anos,3
1505502,Paragominas (PA),98 anos,4
1505502,Paragominas (PA),99 anos,2
1505502,Paragominas (PA),100 anos ou mais,3
1505536,Parauapebas (PA),Total,153908
1505536,Parauapebas (PA),Menos de 1 ano,3428
1505536,Parauapebas (PA),Menos de 1 mês,254
1505536,Parauapebas (PA),1 mês,295
1505536,Parauapebas (PA),2 meses,279
1505536,Parauapebas (PA),3 meses,285
1505536,Parauapebas (PA),4 meses,274
1505536,Parauapebas (PA),5 meses,229
1505536,Parauapebas (PA),6 meses,249
1505536,Parauapebas (PA),7 meses,327
1505536,Parauapebas (PA),8 meses,309
1505536,Parauapebas (PA),9 meses,300
1505536,Parauapebas (PA),10 meses,315
1505536,Parauapebas (PA),11 meses,312
1505536,Parauapebas (PA),1 ano,3345
1505536,Parauapebas (PA),2 anos,3319
1505536,Parauapebas (PA),3 anos,3269
1505536,Parauapebas (PA),4 anos,3242
1505536,Parauapebas (PA),5 anos,3283
1505536,Parauapebas (PA),6 anos,3070
1505536,Parauapebas (PA),7 anos,2987
1505536,Parauapebas (PA),8 anos,2937
1505536,Parauapebas (PA),9 anos,2986
1505536,Parauapebas (PA),10 anos,3310
1505536,Parauapebas (PA),11 anos,3023
1505536,Parauapebas (PA),12 anos,3118
1505536,Parauapebas (PA),13 anos,3195
1505536,Parauapebas (PA),14 anos,3088
1505536,Parauapebas (PA),15 anos,3160
1505536,Parauapebas (PA),16 anos,2973
1505536,Parauapebas (PA),17 anos,3003
1505536,Parauapebas (PA),18 anos,3137
1505536,Parauapebas (PA),19 anos,3119
1505536,Parauapebas (PA),20 anos,3377
1505536,Parauapebas (PA),21 anos,3370
1505536,Parauapebas (PA),22 anos,3813
1505536,Parauapebas (PA),23 anos,3895
1505536,Parauapebas (PA),24 anos,3982
1505536,Parauapebas (PA),25 anos,3863
1505536,Parauapebas (PA),26 anos,3765
1505536,Parauapebas (PA),27 anos,3773
1505536,Parauapebas (PA),28 anos,3801
1505536,Parauapebas (PA),29 anos,3350
1505536,Parauapebas (PA),30 anos,3632
1505536,Parauapebas (PA),31 anos,3057
1505536,Parauapebas (PA),32 anos,2888
1505536,Parauapebas (PA),33 anos,2680
1505536,Parauapebas (PA),34 anos,2518
1505536,Parauapebas (PA),35 anos,2486
1505536,Parauapebas (PA),36 anos,2211
1505536,Parauapebas (PA),37 anos,2146
1505536,Parauapebas (PA),38 anos,1985
1505536,Parauapebas (PA),39 anos,2087
1505536,Parauapebas (PA),40 anos,2004
1505536,Parauapebas (PA),41 anos,1683
1505536,Parauapebas (PA),42 anos,1709
1505536,Parauapebas (PA),43 anos,1598
1505536,Parauapebas (PA),44 anos,1534
1505536,Parauapebas (PA),45 anos,1433
1505536,Parauapebas (PA),46 anos,1495
1505536,Parauapebas (PA),47 anos,1313
1505536,Parauapebas (PA),48 anos,1121
1505536,Parauapebas (PA),49 anos,1167
1505536,Parauapebas (PA),50 anos,1102
1505536,Parauapebas (PA),51 anos,975
1505536,Parauapebas (PA),52 anos,1065
1505536,Parauapebas (PA),53 anos,921
1505536,Parauapebas (PA),54 anos,790
1505536,Parauapebas (PA),55 anos,768
1505536,Parauapebas (PA),56 anos,709
1505536,Parauapebas (PA),57 anos,622
1505536,Parauapebas (PA),58 anos,545
1505536,Parauapebas (PA),59 anos,508
1505536,Parauapebas (PA),60 anos,537
1505536,Parauapebas (PA),61 anos,349
1505536,Parauapebas (PA),62 anos,404
1505536,Parauapebas (PA),63 anos,339
1505536,Parauapebas (PA),64 anos,330
1505536,Parauapebas (PA),65 anos,304
1505536,Parauapebas (PA),66 anos,272
1505536,Parauapebas (PA),67 anos,273
1505536,Parauapebas (PA),68 anos,233
1505536,Parauapebas (PA),69 anos,194
1505536,Parauapebas (PA),70 anos,236
1505536,Parauapebas (PA),71 anos,177
1505536,Parauapebas (PA),72 anos,172
1505536,Parauapebas (PA),73 anos,147
1505536,Parauapebas (PA),74 anos,145
1505536,Parauapebas (PA),75 anos,136
1505536,Parauapebas (PA),76 anos,119
1505536,Parauapebas (PA),77 anos,114
1505536,Parauapebas (PA),78 anos,132
1505536,Parauapebas (PA),79 anos,70
1505536,Parauapebas (PA),80 anos,83
1505536,Parauapebas (PA),81 anos,66
1505536,Parauapebas (PA),82 anos,57
1505536,Parauapebas (PA),83 anos,44
1505536,Parauapebas (PA),84 anos,37
1505536,Parauapebas (PA),85 anos,30
1505536,Parauapebas (PA),86 anos,34
1505536,Parauapebas (PA),87 anos,25
1505536,Parauapebas (PA),88 anos,26
1505536,Parauapebas (PA),89 anos,21
1505536,Parauapebas (PA),90 anos,17
1505536,Parauapebas (PA),91 anos,11
1505536,Parauapebas (PA),92 anos,10
1505536,Parauapebas (PA),93 anos,5
1505536,Parauapebas (PA),94 anos,7
1505536,Parauapebas (PA),95 anos,6
1505536,Parauapebas (PA),96 anos,2
1505536,Parauapebas (PA),97 anos,2
1505536,Parauapebas (PA),98 anos,4
1505536,Parauapebas (PA),99 anos,1
1505536,Parauapebas (PA),100 anos ou mais,4
1505551,Pau D'Arco (PA),Total,6033
1505551,Pau D'Arco (PA),Menos de 1 ano,115
1505551,Pau D'Arco (PA),Menos de 1 mês,5
1505551,Pau D'Arco (PA),1 mês,13
1505551,Pau D'Arco (PA),2 meses,6
1505551,Pau D'Arco (PA),3 meses,10
1505551,Pau D'Arco (PA),4 meses,15
1505551,Pau D'Arco (PA),5 meses,12
1505551,Pau D'Arco (PA),6 meses,10
1505551,Pau D'Arco (PA),7 meses,10
1505551,Pau D'Arco (PA),8 meses,9
1505551,Pau D'Arco (PA),9 meses,6
1505551,Pau D'Arco (PA),10 meses,8
1505551,Pau D'Arco (PA),11 meses,11
1505551,Pau D'Arco (PA),1 ano,110
1505551,Pau D'Arco (PA),2 anos,94
1505551,Pau D'Arco (PA),3 anos,127
1505551,Pau D'Arco (PA),4 anos,105
1505551,Pau D'Arco (PA),5 anos,123
1505551,Pau D'Arco (PA),6 anos,112
1505551,Pau D'Arco (PA),7 anos,121
1505551,Pau D'Arco (PA),8 anos,106
1505551,Pau D'Arco (PA),9 anos,129
1505551,Pau D'Arco (PA),10 anos,134
1505551,Pau D'Arco (PA),11 anos,127
1505551,Pau D'Arco (PA),12 anos,141
1505551,Pau D'Arco (PA),13 anos,147
1505551,Pau D'Arco (PA),14 anos,153
1505551,Pau D'Arco (PA),15 anos,157
1505551,Pau D'Arco (PA),16 anos,149
1505551,Pau D'Arco (PA),17 anos,153
1505551,Pau D'Arco (PA),18 anos,114
1505551,Pau D'Arco (PA),19 anos,97
1505551,Pau D'Arco (PA),20 anos,117
1505551,Pau D'Arco (PA),21 anos,124
1505551,Pau D'Arco (PA),22 anos,120
1505551,Pau D'Arco (PA),23 anos,117
1505551,Pau D'Arco (PA),24 anos,102
1505551,Pau D'Arco (PA),25 anos,95
1505551,Pau D'Arco (PA),26 anos,91
1505551,Pau D'Arco (PA),27 anos,101
1505551,Pau D'Arco (PA),28 anos,90
1505551,Pau D'Arco (PA),29 anos,84
1505551,Pau D'Arco (PA),30 anos,103
1505551,Pau D'Arco (PA),31 anos,76
1505551,Pau D'Arco (PA),32 anos,87
1505551,Pau D'Arco (PA),33 anos,111
1505551,Pau D'Arco (PA),34 anos,84
1505551,Pau D'Arco (PA),35 anos,89
1505551,Pau D'Arco (PA),36 anos,68
1505551,Pau D'Arco (PA),37 anos,80
1505551,Pau D'Arco (PA),38 anos,90
1505551,Pau D'Arco (PA),39 anos,81
1505551,Pau D'Arco (PA),40 anos,84
1505551,Pau D'Arco (PA),41 anos,76
1505551,Pau D'Arco (PA),42 anos,70
1505551,Pau D'Arco (PA),43 anos,66
1505551,Pau D'Arco (PA),44 anos,79
1505551,Pau D'Arco (PA),45 anos,53
1505551,Pau D'Arco (PA),46 anos,63
1505551,Pau D'Arco (PA),47 anos,49
1505551,Pau D'Arco (PA),48 anos,52
1505551,Pau D'Arco (PA),49 anos,51
1505551,Pau D'Arco (PA),50 anos,55
1505551,Pau D'Arco (PA),51 anos,41
1505551,Pau D'Arco (PA),52 anos,43
1505551,Pau D'Arco (PA),53 anos,41
1505551,Pau D'Arco (PA),54 anos,44
1505551,Pau D'Arco (PA),55 anos,47
1505551,Pau D'Arco (PA),56 anos,49
1505551,Pau D'Arco (PA),57 anos,51
1505551,Pau D'Arco (PA),58 anos,47
1505551,Pau D'Arco (PA),59 anos,28
1505551,Pau D'Arco (PA),60 anos,42
1505551,Pau D'Arco (PA),61 anos,27
1505551,Pau D'Arco (PA),62 anos,38
1505551,Pau D'Arco (PA),63 anos,30
1505551,Pau D'Arco (PA),64 anos,30
1505551,Pau D'Arco (PA),65 anos,38
1505551,Pau D'Arco (PA),66 anos,40
1505551,Pau D'Arco (PA),67 anos,22
1505551,Pau D'Arco (PA),68 anos,22
1505551,Pau D'Arco (PA),69 anos,19
1505551,Pau D'Arco (PA),70 anos,23
1505551,Pau D'Arco (PA),71 anos,17
1505551,Pau D'Arco (PA),72 anos,27
1505551,Pau D'Arco (PA),73 anos,15
1505551,Pau D'Arco (PA),74 anos,25
1505551,Pau D'Arco (PA),75 anos,12
1505551,Pau D'Arco (PA),76 anos,14
1505551,Pau D'Arco (PA),77 anos,10
1505551,Pau D'Arco (PA),78 anos,14
1505551,Pau D'Arco (PA),79 anos,4
1505551,Pau D'Arco (PA),80 anos,6
1505551,Pau D'Arco (PA),81 anos,4
1505551,Pau D'Arco (PA),82 anos,5
1505551,Pau D'Arco (PA),83 anos,6
1505551,Pau D'Arco (PA),84 anos,6
1505551,Pau D'Arco (PA),85 anos,4
1505551,Pau D'Arco (PA),86 anos,4
1505551,Pau D'Arco (PA),87 anos,1
1505551,Pau D'Arco (PA),88 anos,3
1505551,Pau D'Arco (PA),89 anos,1
1505551,Pau D'Arco (PA),90 anos,1
1505551,Pau D'Arco (PA),91 anos,2
1505551,Pau D'Arco (PA),92 anos,1
1505551,Pau D'Arco (PA),93 anos,1
1505551,Pau D'Arco (PA),94 anos,2
1505551,Pau D'Arco (PA),95 anos,1
1505551,Pau D'Arco (PA),96 anos,-
1505551,Pau D'Arco (PA),97 anos,-
1505551,Pau D'Arco (PA),98 anos,-
1505551,Pau D'Arco (PA),99 anos,2
1505551,Pau D'Arco (PA),100 anos ou mais,1
1505601,Peixe-Boi (PA),Total,7854
1505601,Peixe-Boi (PA),Menos de 1 ano,134
1505601,Peixe-Boi (PA),Menos de 1 mês,11
1505601,Peixe-Boi (PA),1 mês,17
1505601,Peixe-Boi (PA),2 meses,13
1505601,Peixe-Boi (PA),3 meses,7
1505601,Peixe-Boi (PA),4 meses,7
1505601,Peixe-Boi (PA),5 meses,8
1505601,Peixe-Boi (PA),6 meses,12
1505601,Peixe-Boi (PA),7 meses,15
1505601,Peixe-Boi (PA),8 meses,10
1505601,Peixe-Boi (PA),9 meses,7
1505601,Peixe-Boi (PA),10 meses,14
1505601,Peixe-Boi (PA),11 meses,13
1505601,Peixe-Boi (PA),1 ano,129
1505601,Peixe-Boi (PA),2 anos,124
1505601,Peixe-Boi (PA),3 anos,126
1505601,Peixe-Boi (PA),4 anos,145
1505601,Peixe-Boi (PA),5 anos,137
1505601,Peixe-Boi (PA),6 anos,148
1505601,Peixe-Boi (PA),7 anos,146
1505601,Peixe-Boi (PA),8 anos,179
1505601,Peixe-Boi (PA),9 anos,173
1505601,Peixe-Boi (PA),10 anos,190
1505601,Peixe-Boi (PA),11 anos,173
1505601,Peixe-Boi (PA),12 anos,178
1505601,Peixe-Boi (PA),13 anos,154
1505601,Peixe-Boi (PA),14 anos,158
1505601,Peixe-Boi (PA),15 anos,166
1505601,Peixe-Boi (PA),16 anos,166
1505601,Peixe-Boi (PA),17 anos,166
1505601,Peixe-Boi (PA),18 anos,145
1505601,Peixe-Boi (PA),19 anos,129
1505601,Peixe-Boi (PA),20 anos,151
1505601,Peixe-Boi (PA),21 anos,153
1505601,Peixe-Boi (PA),22 anos,138
1505601,Peixe-Boi (PA),23 anos,124
1505601,Peixe-Boi (PA),24 anos,162
1505601,Peixe-Boi (PA),25 anos,139
1505601,Peixe-Boi (PA),26 anos,130
1505601,Peixe-Boi (PA),27 anos,139
1505601,Peixe-Boi (PA),28 anos,138
1505601,Peixe-Boi (PA),29 anos,138
1505601,Peixe-Boi (PA),30 anos,118
1505601,Peixe-Boi (PA),31 anos,120
1505601,Peixe-Boi (PA),32 anos,114
1505601,Peixe-Boi (PA),33 anos,118
1505601,Peixe-Boi (PA),34 anos,99
1505601,Peixe-Boi (PA),35 anos,121
1505601,Peixe-Boi (PA),36 anos,97
1505601,Peixe-Boi (PA),37 anos,82
1505601,Peixe-Boi (PA),38 anos,83
1505601,Peixe-Boi (PA),39 anos,90
1505601,Peixe-Boi (PA),40 anos,98
1505601,Peixe-Boi (PA),41 anos,89
1505601,Peixe-Boi (PA),42 anos,75
1505601,Peixe-Boi (PA),43 anos,97
1505601,Peixe-Boi (PA),44 anos,90
1505601,Peixe-Boi (PA),45 anos,94
1505601,Peixe-Boi (PA),46 anos,84
1505601,Peixe-Boi (PA),47 anos,81
1505601,Peixe-Boi (PA),48 anos,85
1505601,Peixe-Boi (PA),49 anos,64
1505601,Peixe-Boi (PA),50 anos,84
1505601,Peixe-Boi (PA),51 anos,76
1505601,Peixe-Boi (PA),52 anos,70
1505601,Peixe-Boi (PA),53 anos,52
1505601,Peixe-Boi (PA),54 anos,72
1505601,Peixe-Boi (PA),55 anos,74
1505601,Peixe-Boi (PA),56 anos,72
1505601,Peixe-Boi (PA),57 anos,60
1505601,Peixe-Boi (PA),58 anos,51
1505601,Peixe-Boi (PA),59 anos,53
1505601,Peixe-Boi (PA),60 anos,56
1505601,Peixe-Boi (PA),61 anos,36
1505601,Peixe-Boi (PA),62 anos,48
1505601,Peixe-Boi (PA),63 anos,53
1505601,Peixe-Boi (PA),64 anos,37
1505601,Peixe-Boi (PA),65 anos,40
1505601,Peixe-Boi (PA),66 anos,45
1505601,Peixe-Boi (PA),67 anos,38
1505601,Peixe-Boi (PA),68 anos,30
1505601,Peixe-Boi (PA),69 anos,27
1505601,Peixe-Boi (PA),70 anos,31
1505601,Peixe-Boi (PA),71 anos,25
1505601,Peixe-Boi (PA),72 anos,36
1505601,Peixe-Boi (PA),73 anos,21
1505601,Peixe-Boi (PA),74 anos,29
1505601,Peixe-Boi (PA),75 anos,32
1505601,Peixe-Boi (PA),76 anos,38
1505601,Peixe-Boi (PA),77 anos,31
1505601,Peixe-Boi (PA),78 anos,15
1505601,Peixe-Boi (PA),79 anos,15
1505601,Peixe-Boi (PA),80 anos,17
1505601,Peixe-Boi (PA),81 anos,10
1505601,Peixe-Boi (PA),82 anos,12
1505601,Peixe-Boi (PA),83 anos,20
1505601,Peixe-Boi (PA),84 anos,12
1505601,Peixe-Boi (PA),85 anos,8
1505601,Peixe-Boi (PA),86 anos,10
1505601,Peixe-Boi (PA),87 anos,4
1505601,Peixe-Boi (PA),88 anos,7
1505601,Peixe-Boi (PA),89 anos,6
1505601,Peixe-Boi (PA),90 anos,2
1505601,Peixe-Boi (PA),91 anos,5
1505601,Peixe-Boi (PA),92 anos,2
1505601,Peixe-Boi (PA),93 anos,1
1505601,Peixe-Boi (PA),94 anos,3
1505601,Peixe-Boi (PA),95 anos,2
1505601,Peixe-Boi (PA),96 anos,-
1505601,Peixe-Boi (PA),97 anos,1
1505601,Peixe-Boi (PA),98 anos,1
1505601,Peixe-Boi (PA),99 anos,-
1505601,Peixe-Boi (PA),100 anos ou mais,7
1505635,Piçarra (PA),Total,12697
1505635,Piçarra (PA),Menos de 1 ano,254
1505635,Piçarra (PA),Menos de 1 mês,22
1505635,Piçarra (PA),1 mês,17
1505635,Piçarra (PA),2 meses,20
1505635,Piçarra (PA),3 meses,24
1505635,Piçarra (PA),4 meses,24
1505635,Piçarra (PA),5 meses,10
1505635,Piçarra (PA),6 meses,20
1505635,Piçarra (PA),7 meses,29
1505635,Piçarra (PA),8 meses,34
1505635,Piçarra (PA),9 meses,16
1505635,Piçarra (PA),10 meses,20
1505635,Piçarra (PA),11 meses,18
1505635,Piçarra (PA),1 ano,259
1505635,Piçarra (PA),2 anos,238
1505635,Piçarra (PA),3 anos,271
1505635,Piçarra (PA),4 anos,277
1505635,Piçarra (PA),5 anos,248
1505635,Piçarra (PA),6 anos,293
1505635,Piçarra (PA),7 anos,273
1505635,Piçarra (PA),8 anos,285
1505635,Piçarra (PA),9 anos,306
1505635,Piçarra (PA),10 anos,331
1505635,Piçarra (PA),11 anos,296
1505635,Piçarra (PA),12 anos,303
1505635,Piçarra (PA),13 anos,295
1505635,Piçarra (PA),14 anos,301
1505635,Piçarra (PA),15 anos,284
1505635,Piçarra (PA),16 anos,260
1505635,Piçarra (PA),17 anos,257
1505635,Piçarra (PA),18 anos,255
1505635,Piçarra (PA),19 anos,213
1505635,Piçarra (PA),20 anos,219
1505635,Piçarra (PA),21 anos,243
1505635,Piçarra (PA),22 anos,234
1505635,Piçarra (PA),23 anos,224
1505635,Piçarra (PA),24 anos,203
1505635,Piçarra (PA),25 anos,214
1505635,Piçarra (PA),26 anos,240
1505635,Piçarra (PA),27 anos,220
1505635,Piçarra (PA),28 anos,215
1505635,Piçarra (PA),29 anos,196
1505635,Piçarra (PA),30 anos,241
1505635,Piçarra (PA),31 anos,188
1505635,Piçarra (PA),32 anos,226
1505635,Piçarra (PA),33 anos,181
1505635,Piçarra (PA),34 anos,172
1505635,Piçarra (PA),35 anos,209
1505635,Piçarra (PA),36 anos,186
1505635,Piçarra (PA),37 anos,170
1505635,Piçarra (PA),38 anos,200
1505635,Piçarra (PA),39 anos,150
1505635,Piçarra (PA),40 anos,174
1505635,Piçarra (PA),41 anos,145
1505635,Piçarra (PA),42 anos,125
1505635,Piçarra (PA),43 anos,122
1505635,Piçarra (PA),44 anos,154
1505635,Piçarra (PA),45 anos,131
1505635,Piçarra (PA),46 anos,129
1505635,Piçarra (PA),47 anos,121
1505635,Piçarra (PA),48 anos,111
1505635,Piçarra (PA),49 anos,105
1505635,Piçarra (PA),50 anos,123
1505635,Piçarra (PA),51 anos,93
1505635,Piçarra (PA),52 anos,102
1505635,Piçarra (PA),53 anos,74
1505635,Piçarra (PA),54 anos,100
1505635,Piçarra (PA),55 anos,82
1505635,Piçarra (PA),56 anos,91
1505635,Piçarra (PA),57 anos,69
1505635,Piçarra (PA),58 anos,85
1505635,Piçarra (PA),59 anos,83
1505635,Piçarra (PA),60 anos,88
1505635,Piçarra (PA),61 anos,54
1505635,Piçarra (PA),62 anos,66
1505635,Piçarra (PA),63 anos,68
1505635,Piçarra (PA),64 anos,52
1505635,Piçarra (PA),65 anos,34
1505635,Piçarra (PA),66 anos,58
1505635,Piçarra (PA),67 anos,56
1505635,Piçarra (PA),68 anos,34
1505635,Piçarra (PA),69 anos,36
1505635,Piçarra (PA),70 anos,51
1505635,Piçarra (PA),71 anos,24
1505635,Piçarra (PA),72 anos,34
1505635,Piçarra (PA),73 anos,15
1505635,Piçarra (PA),74 anos,19
1505635,Piçarra (PA),75 anos,18
1505635,Piçarra (PA),76 anos,8
1505635,Piçarra (PA),77 anos,23
1505635,Piçarra (PA),78 anos,13
1505635,Piçarra (PA),79 anos,16
1505635,Piçarra (PA),80 anos,18
1505635,Piçarra (PA),81 anos,8
1505635,Piçarra (PA),82 anos,9
1505635,Piçarra (PA),83 anos,8
1505635,Piçarra (PA),84 anos,4
1505635,Piçarra (PA),85 anos,8
1505635,Piçarra (PA),86 anos,9
1505635,Piçarra (PA),87 anos,5
1505635,Piçarra (PA),88 anos,1
1505635,Piçarra (PA),89 anos,5
1505635,Piçarra (PA),90 anos,4
1505635,Piçarra (PA),91 anos,1
1505635,Piçarra (PA),92 anos,1
1505635,Piçarra (PA),93 anos,-
1505635,Piçarra (PA),94 anos,-
1505635,Piçarra (PA),95 anos,-
1505635,Piçarra (PA),96 anos,-
1505635,Piçarra (PA),97 anos,-
1505635,Piçarra (PA),98 anos,-
1505635,Piçarra (PA),99 anos,-
1505635,Piçarra (PA),100 anos ou mais,-
1505650,Placas (PA),Total,23934
1505650,Placas (PA),Menos de 1 ano,505
1505650,Placas (PA),Menos de 1 mês,35
1505650,Placas (PA),1 mês,31
1505650,Placas (PA),2 meses,43
1505650,Placas (PA),3 meses,30
1505650,Placas (PA),4 meses,39
1505650,Placas (PA),5 meses,33
1505650,Placas (PA),6 meses,44
1505650,Placas (PA),7 meses,63
1505650,Placas (PA),8 meses,60
1505650,Placas (PA),9 meses,37
1505650,Placas (PA),10 meses,43
1505650,Placas (PA),11 meses,47
1505650,Placas (PA),1 ano,485
1505650,Placas (PA),2 anos,587
1505650,Placas (PA),3 anos,575
1505650,Placas (PA),4 anos,568
1505650,Placas (PA),5 anos,634
1505650,Placas (PA),6 anos,558
1505650,Placas (PA),7 anos,571
1505650,Placas (PA),8 anos,609
1505650,Placas (PA),9 anos,539
1505650,Placas (PA),10 anos,617
1505650,Placas (PA),11 anos,585
1505650,Placas (PA),12 anos,519
1505650,Placas (PA),13 anos,482
1505650,Placas (PA),14 anos,519
1505650,Placas (PA),15 anos,499
1505650,Placas (PA),16 anos,514
1505650,Placas (PA),17 anos,472
1505650,Placas (PA),18 anos,474
1505650,Placas (PA),19 anos,487
1505650,Placas (PA),20 anos,495
1505650,Placas (PA),21 anos,425
1505650,Placas (PA),22 anos,442
1505650,Placas (PA),23 anos,445
1505650,Placas (PA),24 anos,453
1505650,Placas (PA),25 anos,476
1505650,Placas (PA),26 anos,445
1505650,Placas (PA),27 anos,501
1505650,Placas (PA),28 anos,466
1505650,Placas (PA),29 anos,506
1505650,Placas (PA),30 anos,528
1505650,Placas (PA),31 anos,429
1505650,Placas (PA),32 anos,414
1505650,Placas (PA),33 anos,307
1505650,Placas (PA),34 anos,344
1505650,Placas (PA),35 anos,366
1505650,Placas (PA),36 anos,240
1505650,Placas (PA),37 anos,283
1505650,Placas (PA),38 anos,288
1505650,Placas (PA),39 anos,306
1505650,Placas (PA),40 anos,296
1505650,Placas (PA),41 anos,230
1505650,Placas (PA),42 anos,223
1505650,Placas (PA),43 anos,200
1505650,Placas (PA),44 anos,235
1505650,Placas (PA),45 anos,210
1505650,Placas (PA),46 anos,226
1505650,Placas (PA),47 anos,206
1505650,Placas (PA),48 anos,202
1505650,Placas (PA),49 anos,218
1505650,Placas (PA),50 anos,209
1505650,Placas (PA),51 anos,168
1505650,Placas (PA),52 anos,163
1505650,Placas (PA),53 anos,132
1505650,Placas (PA),54 anos,154
1505650,Placas (PA),55 anos,141
1505650,Placas (PA),56 anos,119
1505650,Placas (PA),57 anos,138
1505650,Placas (PA),58 anos,121
1505650,Placas (PA),59 anos,127
1505650,Placas (PA),60 anos,143
1505650,Placas (PA),61 anos,86
1505650,Placas (PA),62 anos,105
1505650,Placas (PA),63 anos,96
1505650,Placas (PA),64 anos,81
1505650,Placas (PA),65 anos,106
1505650,Placas (PA),66 anos,54
1505650,Placas (PA),67 anos,62
1505650,Placas (PA),68 anos,61
1505650,Placas (PA),69 anos,50
1505650,Placas (PA),70 anos,47
1505650,Placas (PA),71 anos,53
1505650,Placas (PA),72 anos,50
1505650,Placas (PA),73 anos,41
1505650,Placas (PA),74 anos,51
1505650,Placas (PA),75 anos,24
1505650,Placas (PA),76 anos,30
1505650,Placas (PA),77 anos,21
1505650,Placas (PA),78 anos,18
1505650,Placas (PA),79 anos,14
1505650,Placas (PA),80 anos,13
1505650,Placas (PA),81 anos,12
1505650,Placas (PA),82 anos,5
1505650,Placas (PA),83 anos,5
1505650,Placas (PA),84 anos,9
1505650,Placas (PA),85 anos,5
1505650,Placas (PA),86 anos,4
1505650,Placas (PA),87 anos,3
1505650,Placas (PA),88 anos,2
1505650,Placas (PA),89 anos,1
1505650,Placas (PA),90 anos,3
1505650,Placas (PA),91 anos,1
1505650,Placas (PA),92 anos,-
1505650,Placas (PA),93 anos,1
1505650,Placas (PA),94 anos,-
1505650,Placas (PA),95 anos,1
1505650,Placas (PA),96 anos,-
1505650,Placas (PA),97 anos,-
1505650,Placas (PA),98 anos,-
1505650,Placas (PA),99 anos,-
1505650,Placas (PA),100 anos ou mais,-
1505700,Ponta de Pedras (PA),Total,25999
1505700,Ponta de Pedras (PA),Menos de 1 ano,553
1505700,Ponta de Pedras (PA),Menos de 1 mês,42
1505700,Ponta de Pedras (PA),1 mês,48
1505700,Ponta de Pedras (PA),2 meses,56
1505700,Ponta de Pedras (PA),3 meses,46
1505700,Ponta de Pedras (PA),4 meses,39
1505700,Ponta de Pedras (PA),5 meses,32
1505700,Ponta de Pedras (PA),6 meses,47
1505700,Ponta de Pedras (PA),7 meses,51
1505700,Ponta de Pedras (PA),8 meses,49
1505700,Ponta de Pedras (PA),9 meses,39
1505700,Ponta de Pedras (PA),10 meses,53
1505700,Ponta de Pedras (PA),11 meses,51
1505700,Ponta de Pedras (PA),1 ano,572
1505700,Ponta de Pedras (PA),2 anos,588
1505700,Ponta de Pedras (PA),3 anos,506
1505700,Ponta de Pedras (PA),4 anos,603
1505700,Ponta de Pedras (PA),5 anos,583
1505700,Ponta de Pedras (PA),6 anos,628
1505700,Ponta de Pedras (PA),7 anos,620
1505700,Ponta de Pedras (PA),8 anos,577
1505700,Ponta de Pedras (PA),9 anos,588
1505700,Ponta de Pedras (PA),10 anos,652
1505700,Ponta de Pedras (PA),11 anos,581
1505700,Ponta de Pedras (PA),12 anos,571
1505700,Ponta de Pedras (PA),13 anos,559
1505700,Ponta de Pedras (PA),14 anos,633
1505700,Ponta de Pedras (PA),15 anos,611
1505700,Ponta de Pedras (PA),16 anos,584
1505700,Ponta de Pedras (PA),17 anos,603
1505700,Ponta de Pedras (PA),18 anos,569
1505700,Ponta de Pedras (PA),19 anos,544
1505700,Ponta de Pedras (PA),20 anos,582
1505700,Ponta de Pedras (PA),21 anos,491
1505700,Ponta de Pedras (PA),22 anos,515
1505700,Ponta de Pedras (PA),23 anos,487
1505700,Ponta de Pedras (PA),24 anos,538
1505700,Ponta de Pedras (PA),25 anos,498
1505700,Ponta de Pedras (PA),26 anos,462
1505700,Ponta de Pedras (PA),27 anos,449
1505700,Ponta de Pedras (PA),28 anos,422
1505700,Ponta de Pedras (PA),29 anos,407
1505700,Ponta de Pedras (PA),30 anos,440
1505700,Ponta de Pedras (PA),31 anos,367
1505700,Ponta de Pedras (PA),32 anos,354
1505700,Ponta de Pedras (PA),33 anos,360
1505700,Ponta de Pedras (PA),34 anos,354
1505700,Ponta de Pedras (PA),35 anos,356
1505700,Ponta de Pedras (PA),36 anos,278
1505700,Ponta de Pedras (PA),37 anos,313
1505700,Ponta de Pedras (PA),38 anos,302
1505700,Ponta de Pedras (PA),39 anos,329
1505700,Ponta de Pedras (PA),40 anos,352
1505700,Ponta de Pedras (PA),41 anos,269
1505700,Ponta de Pedras (PA),42 anos,259
1505700,Ponta de Pedras (PA),43 anos,224
1505700,Ponta de Pedras (PA),44 anos,250
1505700,Ponta de Pedras (PA),45 anos,274
1505700,Ponta de Pedras (PA),46 anos,218
1505700,Ponta de Pedras (PA),47 anos,220
1505700,Ponta de Pedras (PA),48 anos,192
1505700,Ponta de Pedras (PA),49 anos,219
1505700,Ponta de Pedras (PA),50 anos,228
1505700,Ponta de Pedras (PA),51 anos,199
1505700,Ponta de Pedras (PA),52 anos,181
1505700,Ponta de Pedras (PA),53 anos,167
1505700,Ponta de Pedras (PA),54 anos,182
1505700,Ponta de Pedras (PA),55 anos,185
1505700,Ponta de Pedras (PA),56 anos,154
1505700,Ponta de Pedras (PA),57 anos,143
1505700,Ponta de Pedras (PA),58 anos,127
1505700,Ponta de Pedras (PA),59 anos,125
1505700,Ponta de Pedras (PA),60 anos,149
1505700,Ponta de Pedras (PA),61 anos,86
1505700,Ponta de Pedras (PA),62 anos,118
1505700,Ponta de Pedras (PA),63 anos,81
1505700,Ponta de Pedras (PA),64 anos,90
1505700,Ponta de Pedras (PA),65 anos,99
1505700,Ponta de Pedras (PA),66 anos,93
1505700,Ponta de Pedras (PA),67 anos,94
1505700,Ponta de Pedras (PA),68 anos,65
1505700,Ponta de Pedras (PA),69 anos,73
1505700,Ponta de Pedras (PA),70 anos,93
1505700,Ponta de Pedras (PA),71 anos,51
1505700,Ponta de Pedras (PA),72 anos,57
1505700,Ponta de Pedras (PA),73 anos,54
1505700,Ponta de Pedras (PA),74 anos,54
1505700,Ponta de Pedras (PA),75 anos,70
1505700,Ponta de Pedras (PA),76 anos,43
1505700,Ponta de Pedras (PA),77 anos,44
1505700,Ponta de Pedras (PA),78 anos,47
1505700,Ponta de Pedras (PA),79 anos,38
1505700,Ponta de Pedras (PA),80 anos,47
1505700,Ponta de Pedras (PA),81 anos,25
1505700,Ponta de Pedras (PA),82 anos,37
1505700,Ponta de Pedras (PA),83 anos,20
1505700,Ponta de Pedras (PA),84 anos,25
1505700,Ponta de Pedras (PA),85 anos,27
1505700,Ponta de Pedras (PA),86 anos,15
1505700,Ponta de Pedras (PA),87 anos,10
1505700,Ponta de Pedras (PA),88 anos,13
1505700,Ponta de Pedras (PA),89 anos,16
1505700,Ponta de Pedras (PA),90 anos,18
1505700,Ponta de Pedras (PA),91 anos,9
1505700,Ponta de Pedras (PA),92 anos,5
1505700,Ponta de Pedras (PA),93 anos,5
1505700,Ponta de Pedras (PA),94 anos,5
1505700,Ponta de Pedras (PA),95 anos,6
1505700,Ponta de Pedras (PA),96 anos,3
1505700,Ponta de Pedras (PA),97 anos,4
1505700,Ponta de Pedras (PA),98 anos,4
1505700,Ponta de Pedras (PA),99 anos,2
1505700,Ponta de Pedras (PA),100 anos ou mais,7
1505809,Portel (PA),Total,52172
1505809,Portel (PA),Menos de 1 ano,1586
1505809,Portel (PA),Menos de 1 mês,123
1505809,Portel (PA),1 mês,120
1505809,Portel (PA),2 meses,115
1505809,Portel (PA),3 meses,121
1505809,Portel (PA),4 meses,136
1505809,Portel (PA),5 meses,120
1505809,Portel (PA),6 meses,119
1505809,Portel (PA),7 meses,133
1505809,Portel (PA),8 meses,149
1505809,Portel (PA),9 meses,144
1505809,Portel (PA),10 meses,159
1505809,Portel (PA),11 meses,147
1505809,Portel (PA),1 ano,1516
1505809,Portel (PA),2 anos,1657
1505809,Portel (PA),3 anos,1581
1505809,Portel (PA),4 anos,1605
1505809,Portel (PA),5 anos,1613
1505809,Portel (PA),6 anos,1622
1505809,Portel (PA),7 anos,1570
1505809,Portel (PA),8 anos,1486
1505809,Portel (PA),9 anos,1517
1505809,Portel (PA),10 anos,1724
1505809,Portel (PA),11 anos,1590
1505809,Portel (PA),12 anos,1427
1505809,Portel (PA),13 anos,1439
1505809,Portel (PA),14 anos,1419
1505809,Portel (PA),15 anos,1272
1505809,Portel (PA),16 anos,1212
1505809,Portel (PA),17 anos,1155
1505809,Portel (PA),18 anos,1094
1505809,Portel (PA),19 anos,971
1505809,Portel (PA),20 anos,1014
1505809,Portel (PA),21 anos,847
1505809,Portel (PA),22 anos,1052
1505809,Portel (PA),23 anos,971
1505809,Portel (PA),24 anos,909
1505809,Portel (PA),25 anos,918
1505809,Portel (PA),26 anos,807
1505809,Portel (PA),27 anos,797
1505809,Portel (PA),28 anos,834
1505809,Portel (PA),29 anos,707
1505809,Portel (PA),30 anos,747
1505809,Portel (PA),31 anos,603
1505809,Portel (PA),32 anos,667
1505809,Portel (PA),33 anos,635
1505809,Portel (PA),34 anos,579
1505809,Portel (PA),35 anos,580
1505809,Portel (PA),36 anos,539
1505809,Portel (PA),37 anos,577
1505809,Portel (PA),38 anos,507
1505809,Portel (PA),39 anos,472
1505809,Portel (PA),40 anos,521
1505809,Portel (PA),41 anos,317
1505809,Portel (PA),42 anos,357
1505809,Portel (PA),43 anos,313
1505809,Portel (PA),44 anos,349
1505809,Portel (PA),45 anos,337
1505809,Portel (PA),46 anos,300
1505809,Portel (PA),47 anos,273
1505809,Portel (PA),48 anos,305
1505809,Portel (PA),49 anos,315
1505809,Portel (PA),50 anos,320
1505809,Portel (PA),51 anos,229
1505809,Portel (PA),52 anos,250
1505809,Portel (PA),53 anos,220
1505809,Portel (PA),54 anos,271
1505809,Portel (PA),55 anos,293
1505809,Portel (PA),56 anos,225
1505809,Portel (PA),57 anos,203
1505809,Portel (PA),58 anos,201
1505809,Portel (PA),59 anos,192
1505809,Portel (PA),60 anos,209
1505809,Portel (PA),61 anos,158
1505809,Portel (PA),62 anos,149
1505809,Portel (PA),63 anos,146
1505809,Portel (PA),64 anos,168
1505809,Portel (PA),65 anos,166
1505809,Portel (PA),66 anos,154
1505809,Portel (PA),67 anos,117
1505809,Portel (PA),68 anos,108
1505809,Portel (PA),69 anos,100
1505809,Portel (PA),70 anos,149
1505809,Portel (PA),71 anos,77
1505809,Portel (PA),72 anos,72
1505809,Portel (PA),73 anos,88
1505809,Portel (PA),74 anos,81
1505809,Portel (PA),75 anos,72
1505809,Portel (PA),76 anos,54
1505809,Portel (PA),77 anos,49
1505809,Portel (PA),78 anos,53
1505809,Portel (PA),79 anos,40
1505809,Portel (PA),80 anos,53
1505809,Portel (PA),81 anos,34
1505809,Portel (PA),82 anos,24
1505809,Portel (PA),83 anos,24
1505809,Portel (PA),84 anos,19
1505809,Portel (PA),85 anos,22
1505809,Portel (PA),86 anos,16
1505809,Portel (PA),87 anos,11
1505809,Portel (PA),88 anos,14
1505809,Portel (PA),89 anos,22
1505809,Portel (PA),90 anos,16
1505809,Portel (PA),91 anos,12
1505809,Portel (PA),92 anos,14
1505809,Portel (PA),93 anos,17
1505809,Portel (PA),94 anos,17
1505809,Portel (PA),95 anos,11
1505809,Portel (PA),96 anos,7
1505809,Portel (PA),97 anos,6
1505809,Portel (PA),98 anos,5
1505809,Portel (PA),99 anos,2
1505809,Portel (PA),100 anos ou mais,7
1505908,Porto de Moz (PA),Total,33956
1505908,Porto de Moz (PA),Menos de 1 ano,1048
1505908,Porto de Moz (PA),Menos de 1 mês,98
1505908,Porto de Moz (PA),1 mês,93
1505908,Porto de Moz (PA),2 meses,76
1505908,Porto de Moz (PA),3 meses,78
1505908,Porto de Moz (PA),4 meses,67
1505908,Porto de Moz (PA),5 meses,69
1505908,Porto de Moz (PA),6 meses,83
1505908,Porto de Moz (PA),7 meses,88
1505908,Porto de Moz (PA),8 meses,96
1505908,Porto de Moz (PA),9 meses,121
1505908,Porto de Moz (PA),10 meses,105
1505908,Porto de Moz (PA),11 meses,74
1505908,Porto de Moz (PA),1 ano,996
1505908,Porto de Moz (PA),2 anos,1033
1505908,Porto de Moz (PA),3 anos,971
1505908,Porto de Moz (PA),4 anos,999
1505908,Porto de Moz (PA),5 anos,1028
1505908,Porto de Moz (PA),6 anos,887
1505908,Porto de Moz (PA),7 anos,979
1505908,Porto de Moz (PA),8 anos,870
1505908,Porto de Moz (PA),9 anos,910
1505908,Porto de Moz (PA),10 anos,1071
1505908,Porto de Moz (PA),11 anos,1057
1505908,Porto de Moz (PA),12 anos,873
1505908,Porto de Moz (PA),13 anos,835
1505908,Porto de Moz (PA),14 anos,924
1505908,Porto de Moz (PA),15 anos,949
1505908,Porto de Moz (PA),16 anos,846
1505908,Porto de Moz (PA),17 anos,748
1505908,Porto de Moz (PA),18 anos,758
1505908,Porto de Moz (PA),19 anos,758
1505908,Porto de Moz (PA),20 anos,774
1505908,Porto de Moz (PA),21 anos,744
1505908,Porto de Moz (PA),22 anos,678
1505908,Porto de Moz (PA),23 anos,598
1505908,Porto de Moz (PA),24 anos,636
1505908,Porto de Moz (PA),25 anos,657
1505908,Porto de Moz (PA),26 anos,508
1505908,Porto de Moz (PA),27 anos,535
1505908,Porto de Moz (PA),28 anos,500
1505908,Porto de Moz (PA),29 anos,520
1505908,Porto de Moz (PA),30 anos,557
1505908,Porto de Moz (PA),31 anos,422
1505908,Porto de Moz (PA),32 anos,408
1505908,Porto de Moz (PA),33 anos,384
1505908,Porto de Moz (PA),34 anos,408
1505908,Porto de Moz (PA),35 anos,475
1505908,Porto de Moz (PA),36 anos,359
1505908,Porto de Moz (PA),37 anos,349
1505908,Porto de Moz (PA),38 anos,306
1505908,Porto de Moz (PA),39 anos,370
1505908,Porto de Moz (PA),40 anos,378
1505908,Porto de Moz (PA),41 anos,231
1505908,Porto de Moz (PA),42 anos,267
1505908,Porto de Moz (PA),43 anos,230
1505908,Porto de Moz (PA),44 anos,252
1505908,Porto de Moz (PA),45 anos,245
1505908,Porto de Moz (PA),46 anos,214
1505908,Porto de Moz (PA),47 anos,191
1505908,Porto de Moz (PA),48 anos,174
1505908,Porto de Moz (PA),49 anos,194
1505908,Porto de Moz (PA),50 anos,205
1505908,Porto de Moz (PA),51 anos,118
1505908,Porto de Moz (PA),52 anos,154
1505908,Porto de Moz (PA),53 anos,136
1505908,Porto de Moz (PA),54 anos,140
1505908,Porto de Moz (PA),55 anos,136
1505908,Porto de Moz (PA),56 anos,139
1505908,Porto de Moz (PA),57 anos,120
1505908,Porto de Moz (PA),58 anos,111
1505908,Porto de Moz (PA),59 anos,94
1505908,Porto de Moz (PA),60 anos,130
1505908,Porto de Moz (PA),61 anos,70
1505908,Porto de Moz (PA),62 anos,69
1505908,Porto de Moz (PA),63 anos,71
1505908,Porto de Moz (PA),64 anos,89
1505908,Porto de Moz (PA),65 anos,94
1505908,Porto de Moz (PA),66 anos,91
1505908,Porto de Moz (PA),67 anos,100
1505908,Porto de Moz (PA),68 anos,85
1505908,Porto de Moz (PA),69 anos,73
1505908,Porto de Moz (PA),70 anos,73
1505908,Porto de Moz (PA),71 anos,40
1505908,Porto de Moz (PA),72 anos,60
1505908,Porto de Moz (PA),73 anos,37
1505908,Porto de Moz (PA),74 anos,48
1505908,Porto de Moz (PA),75 anos,37
1505908,Porto de Moz (PA),76 anos,34
1505908,Porto de Moz (PA),77 anos,37
1505908,Porto de Moz (PA),78 anos,28
1505908,Porto de Moz (PA),79 anos,33
1505908,Porto de Moz (PA),80 anos,33
1505908,Porto de Moz (PA),81 anos,21
1505908,Porto de Moz (PA),82 anos,15
1505908,Porto de Moz (PA),83 anos,9
1505908,Porto de Moz (PA),84 anos,13
1505908,Porto de Moz (PA),85 anos,18
1505908,Porto de Moz (PA),86 anos,8
1505908,Porto de Moz (PA),87 anos,7
1505908,Porto de Moz (PA),88 anos,12
1505908,Porto de Moz (PA),89 anos,9
1505908,Porto de Moz (PA),90 anos,10
1505908,Porto de Moz (PA),91 anos,4
1505908,Porto de Moz (PA),92 anos,7
1505908,Porto de Moz (PA),93 anos,5
1505908,Porto de Moz (PA),94 anos,5
1505908,Porto de Moz (PA),95 anos,1
1505908,Porto de Moz (PA),96 anos,7
1505908,Porto de Moz (PA),97 anos,8
1505908,Porto de Moz (PA),98 anos,2
1505908,Porto de Moz (PA),99 anos,4
1505908,Porto de Moz (PA),100 anos ou mais,2
1506005,Prainha (PA),Total,29349
1506005,Prainha (PA),Menos de 1 ano,701
1506005,Prainha (PA),Menos de 1 mês,48
1506005,Prainha (PA),1 mês,43
1506005,Prainha (PA),2 meses,70
1506005,Prainha (PA),3 meses,61
1506005,Prainha (PA),4 meses,59
1506005,Prainha (PA),5 meses,44
1506005,Prainha (PA),6 meses,48
1506005,Prainha (PA),7 meses,69
1506005,Prainha (PA),8 meses,59
1506005,Prainha (PA),9 meses,51
1506005,Prainha (PA),10 meses,69
1506005,Prainha (PA),11 meses,80
1506005,Prainha (PA),1 ano,622
1506005,Prainha (PA),2 anos,660
1506005,Prainha (PA),3 anos,737
1506005,Prainha (PA),4 anos,717
1506005,Prainha (PA),5 anos,786
1506005,Prainha (PA),6 anos,766
1506005,Prainha (PA),7 anos,828
1506005,Prainha (PA),8 anos,822
1506005,Prainha (PA),9 anos,807
1506005,Prainha (PA),10 anos,875
1506005,Prainha (PA),11 anos,827
1506005,Prainha (PA),12 anos,865
1506005,Prainha (PA),13 anos,823
1506005,Prainha (PA),14 anos,823
1506005,Prainha (PA),15 anos,714
1506005,Prainha (PA),16 anos,770
1506005,Prainha (PA),17 anos,645
1506005,Prainha (PA),18 anos,644
1506005,Prainha (PA),19 anos,551
1506005,Prainha (PA),20 anos,527
1506005,Prainha (PA),21 anos,470
1506005,Prainha (PA),22 anos,556
1506005,Prainha (PA),23 anos,498
1506005,Prainha (PA),24 anos,506
1506005,Prainha (PA),25 anos,492
1506005,Prainha (PA),26 anos,458
1506005,Prainha (PA),27 anos,468
1506005,Prainha (PA),28 anos,436
1506005,Prainha (PA),29 anos,433
1506005,Prainha (PA),30 anos,489
1506005,Prainha (PA),31 anos,398
1506005,Prainha (PA),32 anos,398
1506005,Prainha (PA),33 anos,388
1506005,Prainha (PA),34 anos,339
1506005,Prainha (PA),35 anos,371
1506005,Prainha (PA),36 anos,367
1506005,Prainha (PA),37 anos,323
1506005,Prainha (PA),38 anos,273
1506005,Prainha (PA),39 anos,292
1506005,Prainha (PA),40 anos,340
1506005,Prainha (PA),41 anos,251
1506005,Prainha (PA),42 anos,253
1506005,Prainha (PA),43 anos,254
1506005,Prainha (PA),44 anos,282
1506005,Prainha (PA),45 anos,230
1506005,Prainha (PA),46 anos,241
1506005,Prainha (PA),47 anos,264
1506005,Prainha (PA),48 anos,224
1506005,Prainha (PA),49 anos,205
1506005,Prainha (PA),50 anos,230
1506005,Prainha (PA),51 anos,187
1506005,Prainha (PA),52 anos,197
1506005,Prainha (PA),53 anos,164
1506005,Prainha (PA),54 anos,168
1506005,Prainha (PA),55 anos,193
1506005,Prainha (PA),56 anos,158
1506005,Prainha (PA),57 anos,165
1506005,Prainha (PA),58 anos,136
1506005,Prainha (PA),59 anos,126
1506005,Prainha (PA),60 anos,125
1506005,Prainha (PA),61 anos,99
1506005,Prainha (PA),62 anos,94
1506005,Prainha (PA),63 anos,83
1506005,Prainha (PA),64 anos,84
1506005,Prainha (PA),65 anos,107
1506005,Prainha (PA),66 anos,81
1506005,Prainha (PA),67 anos,83
1506005,Prainha (PA),68 anos,104
1506005,Prainha (PA),69 anos,62
1506005,Prainha (PA),70 anos,87
1506005,Prainha (PA),71 anos,65
1506005,Prainha (PA),72 anos,46
1506005,Prainha (PA),73 anos,50
1506005,Prainha (PA),74 anos,62
1506005,Prainha (PA),75 anos,42
1506005,Prainha (PA),76 anos,51
1506005,Prainha (PA),77 anos,42
1506005,Prainha (PA),78 anos,41
1506005,Prainha (PA),79 anos,32
1506005,Prainha (PA),80 anos,28
1506005,Prainha (PA),81 anos,26
1506005,Prainha (PA),82 anos,21
1506005,Prainha (PA),83 anos,25
1506005,Prainha (PA),84 anos,12
1506005,Prainha (PA),85 anos,14
1506005,Prainha (PA),86 anos,11
1506005,Prainha (PA),87 anos,4
1506005,Prainha (PA),88 anos,5
1506005,Prainha (PA),89 anos,5
1506005,Prainha (PA),90 anos,7
1506005,Prainha (PA),91 anos,6
1506005,Prainha (PA),92 anos,3
1506005,Prainha (PA),93 anos,1
1506005,Prainha (PA),94 anos,2
1506005,Prainha (PA),95 anos,1
1506005,Prainha (PA),96 anos,1
1506005,Prainha (PA),97 anos,1
1506005,Prainha (PA),98 anos,-
1506005,Prainha (PA),99 anos,1
1506005,Prainha (PA),100 anos ou mais,2
1506104,Primavera (PA),Total,10268
1506104,Primavera (PA),Menos de 1 ano,151
1506104,Primavera (PA),Menos de 1 mês,15
1506104,Primavera (PA),1 mês,17
1506104,Primavera (PA),2 meses,11
1506104,Primavera (PA),3 meses,16
1506104,Primavera (PA),4 meses,8
1506104,Primavera (PA),5 meses,14
1506104,Primavera (PA),6 meses,13
1506104,Primavera (PA),7 meses,8
1506104,Primavera (PA),8 meses,15
1506104,Primavera (PA),9 meses,12
1506104,Primavera (PA),10 meses,14
1506104,Primavera (PA),11 meses,8
1506104,Primavera (PA),1 ano,170
1506104,Primavera (PA),2 anos,174
1506104,Primavera (PA),3 anos,187
1506104,Primavera (PA),4 anos,168
1506104,Primavera (PA),5 anos,218
1506104,Primavera (PA),6 anos,236
1506104,Primavera (PA),7 anos,225
1506104,Primavera (PA),8 anos,208
1506104,Primavera (PA),9 anos,231
1506104,Primavera (PA),10 anos,222
1506104,Primavera (PA),11 anos,239
1506104,Primavera (PA),12 anos,252
1506104,Primavera (PA),13 anos,231
1506104,Primavera (PA),14 anos,269
1506104,Primavera (PA),15 anos,235
1506104,Primavera (PA),16 anos,253
1506104,Primavera (PA),17 anos,243
1506104,Primavera (PA),18 anos,198
1506104,Primavera (PA),19 anos,195
1506104,Primavera (PA),20 anos,193
1506104,Primavera (PA),21 anos,174
1506104,Primavera (PA),22 anos,202
1506104,Primavera (PA),23 anos,162
1506104,Primavera (PA),24 anos,199
1506104,Primavera (PA),25 anos,192
1506104,Primavera (PA),26 anos,161
1506104,Primavera (PA),27 anos,178
1506104,Primavera (PA),28 anos,160
1506104,Primavera (PA),29 anos,140
1506104,Primavera (PA),30 anos,162
1506104,Primavera (PA),31 anos,171
1506104,Primavera (PA),32 anos,136
1506104,Primavera (PA),33 anos,130
1506104,Primavera (PA),34 anos,135
1506104,Primavera (PA),35 anos,136
1506104,Primavera (PA),36 anos,142
1506104,Primavera (PA),37 anos,108
1506104,Primavera (PA),38 anos,110
1506104,Primavera (PA),39 anos,108
1506104,Primavera (PA),40 anos,114
1506104,Primavera (PA),41 anos,113
1506104,Primavera (PA),42 anos,116
1506104,Primavera (PA),43 anos,107
1506104,Primavera (PA),44 anos,115
1506104,Primavera (PA),45 anos,97
1506104,Primavera (PA),46 anos,90
1506104,Primavera (PA),47 anos,87
1506104,Primavera (PA),48 anos,90
1506104,Primavera (PA),49 anos,93
1506104,Primavera (PA),50 anos,76
1506104,Primavera (PA),51 anos,73
1506104,Primavera (PA),52 anos,79
1506104,Primavera (PA),53 anos,68
1506104,Primavera (PA),54 anos,82
1506104,Primavera (PA),55 anos,75
1506104,Primavera (PA),56 anos,72
1506104,Primavera (PA),57 anos,58
1506104,Primavera (PA),58 anos,61
1506104,Primavera (PA),59 anos,80
1506104,Primavera (PA),60 anos,78
1506104,Primavera (PA),61 anos,64
1506104,Primavera (PA),62 anos,71
1506104,Primavera (PA),63 anos,61
1506104,Primavera (PA),64 anos,44
1506104,Primavera (PA),65 anos,57
1506104,Primavera (PA),66 anos,68
1506104,Primavera (PA),67 anos,59
1506104,Primavera (PA),68 anos,54
1506104,Primavera (PA),69 anos,40
1506104,Primavera (PA),70 anos,55
1506104,Primavera (PA),71 anos,49
1506104,Primavera (PA),72 anos,43
1506104,Primavera (PA),73 anos,27
1506104,Primavera (PA),74 anos,39
1506104,Primavera (PA),75 anos,35
1506104,Primavera (PA),76 anos,34
1506104,Primavera (PA),77 anos,33
1506104,Primavera (PA),78 anos,30
1506104,Primavera (PA),79 anos,25
1506104,Primavera (PA),80 anos,23
1506104,Primavera (PA),81 anos,16
1506104,Primavera (PA),82 anos,12
1506104,Primavera (PA),83 anos,19
1506104,Primavera (PA),84 anos,6
1506104,Primavera (PA),85 anos,12
1506104,Primavera (PA),86 anos,8
1506104,Primavera (PA),87 anos,13
1506104,Primavera (PA),88 anos,6
1506104,Primavera (PA),89 anos,5
1506104,Primavera (PA),90 anos,5
1506104,Primavera (PA),91 anos,3
1506104,Primavera (PA),92 anos,3
1506104,Primavera (PA),93 anos,4
1506104,Primavera (PA),94 anos,1
1506104,Primavera (PA),95 anos,3
1506104,Primavera (PA),96 anos,6
1506104,Primavera (PA),97 anos,1
1506104,Primavera (PA),98 anos,-
1506104,Primavera (PA),99 anos,2
1506104,Primavera (PA),100 anos ou mais,4
1506112,Quatipuru (PA),Total,12411
1506112,Quatipuru (PA),Menos de 1 ano,209
1506112,Quatipuru (PA),Menos de 1 mês,15
1506112,Quatipuru (PA),1 mês,12
1506112,Quatipuru (PA),2 meses,13
1506112,Quatipuru (PA),3 meses,17
1506112,Quatipuru (PA),4 meses,22
1506112,Quatipuru (PA),5 meses,14
1506112,Quatipuru (PA),6 meses,14
1506112,Quatipuru (PA),7 meses,20
1506112,Quatipuru (PA),8 meses,19
1506112,Quatipuru (PA),9 meses,17
1506112,Quatipuru (PA),10 meses,22
1506112,Quatipuru (PA),11 meses,24
1506112,Quatipuru (PA),1 ano,212
1506112,Quatipuru (PA),2 anos,213
1506112,Quatipuru (PA),3 anos,238
1506112,Quatipuru (PA),4 anos,236
1506112,Quatipuru (PA),5 anos,234
1506112,Quatipuru (PA),6 anos,293
1506112,Quatipuru (PA),7 anos,312
1506112,Quatipuru (PA),8 anos,331
1506112,Quatipuru (PA),9 anos,318
1506112,Quatipuru (PA),10 anos,319
1506112,Quatipuru (PA),11 anos,276
1506112,Quatipuru (PA),12 anos,270
1506112,Quatipuru (PA),13 anos,290
1506112,Quatipuru (PA),14 anos,314
1506112,Quatipuru (PA),15 anos,315
1506112,Quatipuru (PA),16 anos,306
1506112,Quatipuru (PA),17 anos,270
1506112,Quatipuru (PA),18 anos,263
1506112,Quatipuru (PA),19 anos,245
1506112,Quatipuru (PA),20 anos,222
1506112,Quatipuru (PA),21 anos,195
1506112,Quatipuru (PA),22 anos,227
1506112,Quatipuru (PA),23 anos,200
1506112,Quatipuru (PA),24 anos,221
1506112,Quatipuru (PA),25 anos,211
1506112,Quatipuru (PA),26 anos,228
1506112,Quatipuru (PA),27 anos,212
1506112,Quatipuru (PA),28 anos,219
1506112,Quatipuru (PA),29 anos,203
1506112,Quatipuru (PA),30 anos,208
1506112,Quatipuru (PA),31 anos,153
1506112,Quatipuru (PA),32 anos,192
1506112,Quatipuru (PA),33 anos,169
1506112,Quatipuru (PA),34 anos,150
1506112,Quatipuru (PA),35 anos,157
1506112,Quatipuru (PA),36 anos,129
1506112,Quatipuru (PA),37 anos,147
1506112,Quatipuru (PA),38 anos,173
1506112,Quatipuru (PA),39 anos,132
1506112,Quatipuru (PA),40 anos,150
1506112,Quatipuru (PA),41 anos,130
1506112,Quatipuru (PA),42 anos,126
1506112,Quatipuru (PA),43 anos,112
1506112,Quatipuru (PA),44 anos,100
1506112,Quatipuru (PA),45 anos,102
1506112,Quatipuru (PA),46 anos,133
1506112,Quatipuru (PA),47 anos,112
1506112,Quatipuru (PA),48 anos,127
1506112,Quatipuru (PA),49 anos,134
1506112,Quatipuru (PA),50 anos,106
1506112,Quatipuru (PA),51 anos,86
1506112,Quatipuru (PA),52 anos,95
1506112,Quatipuru (PA),53 anos,103
1506112,Quatipuru (PA),54 anos,88
1506112,Quatipuru (PA),55 anos,77
1506112,Quatipuru (PA),56 anos,91
1506112,Quatipuru (PA),57 anos,72
1506112,Quatipuru (PA),58 anos,87
1506112,Quatipuru (PA),59 anos,70
1506112,Quatipuru (PA),60 anos,92
1506112,Quatipuru (PA),61 anos,48
1506112,Quatipuru (PA),62 anos,63
1506112,Quatipuru (PA),63 anos,58
1506112,Quatipuru (PA),64 anos,55
1506112,Quatipuru (PA),65 anos,67
1506112,Quatipuru (PA),66 anos,48
1506112,Quatipuru (PA),67 anos,50
1506112,Quatipuru (PA),68 anos,54
1506112,Quatipuru (PA),69 anos,43
1506112,Quatipuru (PA),70 anos,54
1506112,Quatipuru (PA),71 anos,46
1506112,Quatipuru (PA),72 anos,27
1506112,Quatipuru (PA),73 anos,42
1506112,Quatipuru (PA),74 anos,45
1506112,Quatipuru (PA),75 anos,38
1506112,Quatipuru (PA),76 anos,39
1506112,Quatipuru (PA),77 anos,23
1506112,Quatipuru (PA),78 anos,29
1506112,Quatipuru (PA),79 anos,24
1506112,Quatipuru (PA),80 anos,24
1506112,Quatipuru (PA),81 anos,13
1506112,Quatipuru (PA),82 anos,5
1506112,Quatipuru (PA),83 anos,22
1506112,Quatipuru (PA),84 anos,15
1506112,Quatipuru (PA),85 anos,11
1506112,Quatipuru (PA),86 anos,7
1506112,Quatipuru (PA),87 anos,11
1506112,Quatipuru (PA),88 anos,6
1506112,Quatipuru (PA),89 anos,2
1506112,Quatipuru (PA),90 anos,7
1506112,Quatipuru (PA),91 anos,5
1506112,Quatipuru (PA),92 anos,4
1506112,Quatipuru (PA),93 anos,4
1506112,Quatipuru (PA),94 anos,2
1506112,Quatipuru (PA),95 anos,5
1506112,Quatipuru (PA),96 anos,3
1506112,Quatipuru (PA),97 anos,3
1506112,Quatipuru (PA),98 anos,2
1506112,Quatipuru (PA),99 anos,-
1506112,Quatipuru (PA),100 anos ou mais,2
1506138,Redenção (PA),Total,75556
1506138,Redenção (PA),Menos de 1 ano,1389
1506138,Redenção (PA),Menos de 1 mês,118
1506138,Redenção (PA),1 mês,123
1506138,Redenção (PA),2 meses,109
1506138,Redenção (PA),3 meses,123
1506138,Redenção (PA),4 meses,118
1506138,Redenção (PA),5 meses,107
1506138,Redenção (PA),6 meses,93
1506138,Redenção (PA),7 meses,119
1506138,Redenção (PA),8 meses,121
1506138,Redenção (PA),9 meses,108
1506138,Redenção (PA),10 meses,124
1506138,Redenção (PA),11 meses,126
1506138,Redenção (PA),1 ano,1325
1506138,Redenção (PA),2 anos,1355
1506138,Redenção (PA),3 anos,1331
1506138,Redenção (PA),4 anos,1427
1506138,Redenção (PA),5 anos,1451
1506138,Redenção (PA),6 anos,1406
1506138,Redenção (PA),7 anos,1458
1506138,Redenção (PA),8 anos,1468
1506138,Redenção (PA),9 anos,1568
1506138,Redenção (PA),10 anos,1717
1506138,Redenção (PA),11 anos,1578
1506138,Redenção (PA),12 anos,1660
1506138,Redenção (PA),13 anos,1698
1506138,Redenção (PA),14 anos,1642
1506138,Redenção (PA),15 anos,1773
1506138,Redenção (PA),16 anos,1549
1506138,Redenção (PA),17 anos,1543
1506138,Redenção (PA),18 anos,1574
1506138,Redenção (PA),19 anos,1397
1506138,Redenção (PA),20 anos,1450
1506138,Redenção (PA),21 anos,1432
1506138,Redenção (PA),22 anos,1481
1506138,Redenção (PA),23 anos,1475
1506138,Redenção (PA),24 anos,1456
1506138,Redenção (PA),25 anos,1465
1506138,Redenção (PA),26 anos,1417
1506138,Redenção (PA),27 anos,1406
1506138,Redenção (PA),28 anos,1425
1506138,Redenção (PA),29 anos,1350
1506138,Redenção (PA),30 anos,1448
1506138,Redenção (PA),31 anos,1277
1506138,Redenção (PA),32 anos,1303
1506138,Redenção (PA),33 anos,1314
1506138,Redenção (PA),34 anos,1142
1506138,Redenção (PA),35 anos,1228
1506138,Redenção (PA),36 anos,1108
1506138,Redenção (PA),37 anos,1100
1506138,Redenção (PA),38 anos,1100
1506138,Redenção (PA),39 anos,1038
1506138,Redenção (PA),40 anos,1065
1506138,Redenção (PA),41 anos,993
1506138,Redenção (PA),42 anos,973
1506138,Redenção (PA),43 anos,891
1506138,Redenção (PA),44 anos,904
1506138,Redenção (PA),45 anos,829
1506138,Redenção (PA),46 anos,862
1506138,Redenção (PA),47 anos,823
1506138,Redenção (PA),48 anos,726
1506138,Redenção (PA),49 anos,657
1506138,Redenção (PA),50 anos,619
1506138,Redenção (PA),51 anos,627
1506138,Redenção (PA),52 anos,626
1506138,Redenção (PA),53 anos,585
1506138,Redenção (PA),54 anos,567
1506138,Redenção (PA),55 anos,500
1506138,Redenção (PA),56 anos,492
1506138,Redenção (PA),57 anos,414
1506138,Redenção (PA),58 anos,398
1506138,Redenção (PA),59 anos,393
1506138,Redenção (PA),60 anos,361
1506138,Redenção (PA),61 anos,324
1506138,Redenção (PA),62 anos,324
1506138,Redenção (PA),63 anos,299
1506138,Redenção (PA),64 anos,307
1506138,Redenção (PA),65 anos,294
1506138,Redenção (PA),66 anos,265
1506138,Redenção (PA),67 anos,247
1506138,Redenção (PA),68 anos,237
1506138,Redenção (PA),69 anos,189
1506138,Redenção (PA),70 anos,250
1506138,Redenção (PA),71 anos,177
1506138,Redenção (PA),72 anos,183
1506138,Redenção (PA),73 anos,162
1506138,Redenção (PA),74 anos,171
1506138,Redenção (PA),75 anos,139
1506138,Redenção (PA),76 anos,139
1506138,Redenção (PA),77 anos,140
1506138,Redenção (PA),78 anos,98
1506138,Redenção (PA),79 anos,88
1506138,Redenção (PA),80 anos,110
1506138,Redenção (PA),81 anos,59
1506138,Redenção (PA),82 anos,62
1506138,Redenção (PA),83 anos,36
1506138,Redenção (PA),84 anos,45
1506138,Redenção (PA),85 anos,30
1506138,Redenção (PA),86 anos,24
1506138,Redenção (PA),87 anos,22
1506138,Redenção (PA),88 anos,22
1506138,Redenção (PA),89 anos,19
1506138,Redenção (PA),90 anos,16
1506138,Redenção (PA),91 anos,8
1506138,Redenção (PA),92 anos,12
1506138,Redenção (PA),93 anos,4
1506138,Redenção (PA),94 anos,6
1506138,Redenção (PA),95 anos,1
1506138,Redenção (PA),96 anos,5
1506138,Redenção (PA),97 anos,4
1506138,Redenção (PA),98 anos,1
1506138,Redenção (PA),99 anos,2
1506138,Redenção (PA),100 anos ou mais,6
1506161,Rio Maria (PA),Total,17697
1506161,Rio Maria (PA),Menos de 1 ano,285
1506161,Rio Maria (PA),Menos de 1 mês,14
1506161,Rio Maria (PA),1 mês,14
1506161,Rio Maria (PA),2 meses,35
1506161,Rio Maria (PA),3 meses,29
1506161,Rio Maria (PA),4 meses,17
1506161,Rio Maria (PA),5 meses,16
1506161,Rio Maria (PA),6 meses,32
1506161,Rio Maria (PA),7 meses,24
1506161,Rio Maria (PA),8 meses,30
1506161,Rio Maria (PA),9 meses,30
1506161,Rio Maria (PA),10 meses,30
1506161,Rio Maria (PA),11 meses,14
1506161,Rio Maria (PA),1 ano,298
1506161,Rio Maria (PA),2 anos,275
1506161,Rio Maria (PA),3 anos,317
1506161,Rio Maria (PA),4 anos,309
1506161,Rio Maria (PA),5 anos,335
1506161,Rio Maria (PA),6 anos,332
1506161,Rio Maria (PA),7 anos,330
1506161,Rio Maria (PA),8 anos,326
1506161,Rio Maria (PA),9 anos,330
1506161,Rio Maria (PA),10 anos,353
1506161,Rio Maria (PA),11 anos,337
1506161,Rio Maria (PA),12 anos,345
1506161,Rio Maria (PA),13 anos,367
1506161,Rio Maria (PA),14 anos,381
1506161,Rio Maria (PA),15 anos,377
1506161,Rio Maria (PA),16 anos,333
1506161,Rio Maria (PA),17 anos,333
1506161,Rio Maria (PA),18 anos,352
1506161,Rio Maria (PA),19 anos,312
1506161,Rio Maria (PA),20 anos,318
1506161,Rio Maria (PA),21 anos,321
1506161,Rio Maria (PA),22 anos,369
1506161,Rio Maria (PA),23 anos,336
1506161,Rio Maria (PA),24 anos,349
1506161,Rio Maria (PA),25 anos,341
1506161,Rio Maria (PA),26 anos,319
1506161,Rio Maria (PA),27 anos,324
1506161,Rio Maria (PA),28 anos,347
1506161,Rio Maria (PA),29 anos,315
1506161,Rio Maria (PA),30 anos,332
1506161,Rio Maria (PA),31 anos,291
1506161,Rio Maria (PA),32 anos,291
1506161,Rio Maria (PA),33 anos,261
1506161,Rio Maria (PA),34 anos,288
1506161,Rio Maria (PA),35 anos,272
1506161,Rio Maria (PA),36 anos,245
1506161,Rio Maria (PA),37 anos,279
1506161,Rio Maria (PA),38 anos,236
1506161,Rio Maria (PA),39 anos,249
1506161,Rio Maria (PA),40 anos,273
1506161,Rio Maria (PA),41 anos,248
1506161,Rio Maria (PA),42 anos,234
1506161,Rio Maria (PA),43 anos,176
1506161,Rio Maria (PA),44 anos,206
1506161,Rio Maria (PA),45 anos,214
1506161,Rio Maria (PA),46 anos,180
1506161,Rio Maria (PA),47 anos,205
1506161,Rio Maria (PA),48 anos,189
1506161,Rio Maria (PA),49 anos,166
1506161,Rio Maria (PA),50 anos,154
1506161,Rio Maria (PA),51 anos,174
1506161,Rio Maria (PA),52 anos,142
1506161,Rio Maria (PA),53 anos,158
1506161,Rio Maria (PA),54 anos,149
1506161,Rio Maria (PA),55 anos,148
1506161,Rio Maria (PA),56 anos,149
1506161,Rio Maria (PA),57 anos,134
1506161,Rio Maria (PA),58 anos,111
1506161,Rio Maria (PA),59 anos,112
1506161,Rio Maria (PA),60 anos,135
1506161,Rio Maria (PA),61 anos,88
1506161,Rio Maria (PA),62 anos,89
1506161,Rio Maria (PA),63 anos,116
1506161,Rio Maria (PA),64 anos,80
1506161,Rio Maria (PA),65 anos,105
1506161,Rio Maria (PA),66 anos,90
1506161,Rio Maria (PA),67 anos,56
1506161,Rio Maria (PA),68 anos,58
1506161,Rio Maria (PA),69 anos,69
1506161,Rio Maria (PA),70 anos,69
1506161,Rio Maria (PA),71 anos,52
1506161,Rio Maria (PA),72 anos,51
1506161,Rio Maria (PA),73 anos,60
1506161,Rio Maria (PA),74 anos,45
1506161,Rio Maria (PA),75 anos,42
1506161,Rio Maria (PA),76 anos,28
1506161,Rio Maria (PA),77 anos,28
1506161,Rio Maria (PA),78 anos,32
1506161,Rio Maria (PA),79 anos,24
1506161,Rio Maria (PA),80 anos,28
1506161,Rio Maria (PA),81 anos,21
1506161,Rio Maria (PA),82 anos,16
1506161,Rio Maria (PA),83 anos,12
1506161,Rio Maria (PA),84 anos,12
1506161,Rio Maria (PA),85 anos,14
1506161,Rio Maria (PA),86 anos,7
1506161,Rio Maria (PA),87 anos,6
1506161,Rio Maria (PA),88 anos,7
1506161,Rio Maria (PA),89 anos,6
1506161,Rio Maria (PA),90 anos,5
1506161,Rio Maria (PA),91 anos,3
1506161,Rio Maria (PA),92 anos,3
1506161,Rio Maria (PA),93 anos,4
1506161,Rio Maria (PA),94 anos,-
1506161,Rio Maria (PA),95 anos,3
1506161,Rio Maria (PA),96 anos,-
1506161,Rio Maria (PA),97 anos,1
1506161,Rio Maria (PA),98 anos,-
1506161,Rio Maria (PA),99 anos,-
1506161,Rio Maria (PA),100 anos ou mais,-
1506187,Rondon do Pará (PA),Total,46964
1506187,Rondon do Pará (PA),Menos de 1 ano,753
1506187,Rondon do Pará (PA),Menos de 1 mês,66
1506187,Rondon do Pará (PA),1 mês,54
1506187,Rondon do Pará (PA),2 meses,66
1506187,Rondon do Pará (PA),3 meses,63
1506187,Rondon do Pará (PA),4 meses,51
1506187,Rondon do Pará (PA),5 meses,50
1506187,Rondon do Pará (PA),6 meses,77
1506187,Rondon do Pará (PA),7 meses,83
1506187,Rondon do Pará (PA),8 meses,64
1506187,Rondon do Pará (PA),9 meses,67
1506187,Rondon do Pará (PA),10 meses,66
1506187,Rondon do Pará (PA),11 meses,46
1506187,Rondon do Pará (PA),1 ano,807
1506187,Rondon do Pará (PA),2 anos,827
1506187,Rondon do Pará (PA),3 anos,897
1506187,Rondon do Pará (PA),4 anos,921
1506187,Rondon do Pará (PA),5 anos,922
1506187,Rondon do Pará (PA),6 anos,911
1506187,Rondon do Pará (PA),7 anos,871
1506187,Rondon do Pará (PA),8 anos,960
1506187,Rondon do Pará (PA),9 anos,918
1506187,Rondon do Pará (PA),10 anos,1049
1506187,Rondon do Pará (PA),11 anos,932
1506187,Rondon do Pará (PA),12 anos,1047
1506187,Rondon do Pará (PA),13 anos,965
1506187,Rondon do Pará (PA),14 anos,1025
1506187,Rondon do Pará (PA),15 anos,1116
1506187,Rondon do Pará (PA),16 anos,1016
1506187,Rondon do Pará (PA),17 anos,976
1506187,Rondon do Pará (PA),18 anos,966
1506187,Rondon do Pará (PA),19 anos,889
1506187,Rondon do Pará (PA),20 anos,1001
1506187,Rondon do Pará (PA),21 anos,858
1506187,Rondon do Pará (PA),22 anos,972
1506187,Rondon do Pará (PA),23 anos,923
1506187,Rondon do Pará (PA),24 anos,890
1506187,Rondon do Pará (PA),25 anos,1008
1506187,Rondon do Pará (PA),26 anos,899
1506187,Rondon do Pará (PA),27 anos,828
1506187,Rondon do Pará (PA),28 anos,933
1506187,Rondon do Pará (PA),29 anos,858
1506187,Rondon do Pará (PA),30 anos,975
1506187,Rondon do Pará (PA),31 anos,729
1506187,Rondon do Pará (PA),32 anos,798
1506187,Rondon do Pará (PA),33 anos,757
1506187,Rondon do Pará (PA),34 anos,691
1506187,Rondon do Pará (PA),35 anos,803
1506187,Rondon do Pará (PA),36 anos,563
1506187,Rondon do Pará (PA),37 anos,588
1506187,Rondon do Pará (PA),38 anos,603
1506187,Rondon do Pará (PA),39 anos,624
1506187,Rondon do Pará (PA),40 anos,713
1506187,Rondon do Pará (PA),41 anos,542
1506187,Rondon do Pará (PA),42 anos,601
1506187,Rondon do Pará (PA),43 anos,533
1506187,Rondon do Pará (PA),44 anos,513
1506187,Rondon do Pará (PA),45 anos,604
1506187,Rondon do Pará (PA),46 anos,490
1506187,Rondon do Pará (PA),47 anos,488
1506187,Rondon do Pará (PA),48 anos,465
1506187,Rondon do Pará (PA),49 anos,402
1506187,Rondon do Pará (PA),50 anos,459
1506187,Rondon do Pará (PA),51 anos,357
1506187,Rondon do Pará (PA),52 anos,378
1506187,Rondon do Pará (PA),53 anos,350
1506187,Rondon do Pará (PA),54 anos,309
1506187,Rondon do Pará (PA),55 anos,374
1506187,Rondon do Pará (PA),56 anos,350
1506187,Rondon do Pará (PA),57 anos,237
1506187,Rondon do Pará (PA),58 anos,272
1506187,Rondon do Pará (PA),59 anos,264
1506187,Rondon do Pará (PA),60 anos,303
1506187,Rondon do Pará (PA),61 anos,197
1506187,Rondon do Pará (PA),62 anos,209
1506187,Rondon do Pará (PA),63 anos,207
1506187,Rondon do Pará (PA),64 anos,166
1506187,Rondon do Pará (PA),65 anos,221
1506187,Rondon do Pará (PA),66 anos,161
1506187,Rondon do Pará (PA),67 anos,154
1506187,Rondon do Pará (PA),68 anos,162
1506187,Rondon do Pará (PA),69 anos,139
1506187,Rondon do Pará (PA),70 anos,137
1506187,Rondon do Pará (PA),71 anos,119
1506187,Rondon do Pará (PA),72 anos,106
1506187,Rondon do Pará (PA),73 anos,97
1506187,Rondon do Pará (PA),74 anos,90
1506187,Rondon do Pará (PA),75 anos,104
1506187,Rondon do Pará (PA),76 anos,63
1506187,Rondon do Pará (PA),77 anos,79
1506187,Rondon do Pará (PA),78 anos,69
1506187,Rondon do Pará (PA),79 anos,50
1506187,Rondon do Pará (PA),80 anos,67
1506187,Rondon do Pará (PA),81 anos,46
1506187,Rondon do Pará (PA),82 anos,42
1506187,Rondon do Pará (PA),83 anos,27
1506187,Rondon do Pará (PA),84 anos,18
1506187,Rondon do Pará (PA),85 anos,27
1506187,Rondon do Pará (PA),86 anos,24
1506187,Rondon do Pará (PA),87 anos,16
1506187,Rondon do Pará (PA),88 anos,14
1506187,Rondon do Pará (PA),89 anos,10
1506187,Rondon do Pará (PA),90 anos,26
1506187,Rondon do Pará (PA),91 anos,10
1506187,Rondon do Pará (PA),92 anos,3
1506187,Rondon do Pará (PA),93 anos,4
1506187,Rondon do Pará (PA),94 anos,8
1506187,Rondon do Pará (PA),95 anos,6
1506187,Rondon do Pará (PA),96 anos,5
1506187,Rondon do Pará (PA),97 anos,3
1506187,Rondon do Pará (PA),98 anos,1
1506187,Rondon do Pará (PA),99 anos,1
1506187,Rondon do Pará (PA),100 anos ou mais,3
1506195,Rurópolis (PA),Total,40087
1506195,Rurópolis (PA),Menos de 1 ano,770
1506195,Rurópolis (PA),Menos de 1 mês,63
1506195,Rurópolis (PA),1 mês,67
1506195,Rurópolis (PA),2 meses,59
1506195,Rurópolis (PA),3 meses,54
1506195,Rurópolis (PA),4 meses,54
1506195,Rurópolis (PA),5 meses,45
1506195,Rurópolis (PA),6 meses,72
1506195,Rurópolis (PA),7 meses,95
1506195,Rurópolis (PA),8 meses,76
1506195,Rurópolis (PA),9 meses,66
1506195,Rurópolis (PA),10 meses,62
1506195,Rurópolis (PA),11 meses,57
1506195,Rurópolis (PA),1 ano,776
1506195,Rurópolis (PA),2 anos,843
1506195,Rurópolis (PA),3 anos,869
1506195,Rurópolis (PA),4 anos,884
1506195,Rurópolis (PA),5 anos,929
1506195,Rurópolis (PA),6 anos,920
1506195,Rurópolis (PA),7 anos,943
1506195,Rurópolis (PA),8 anos,954
1506195,Rurópolis (PA),9 anos,957
1506195,Rurópolis (PA),10 anos,1074
1506195,Rurópolis (PA),11 anos,985
1506195,Rurópolis (PA),12 anos,951
1506195,Rurópolis (PA),13 anos,891
1506195,Rurópolis (PA),14 anos,974
1506195,Rurópolis (PA),15 anos,877
1506195,Rurópolis (PA),16 anos,898
1506195,Rurópolis (PA),17 anos,853
1506195,Rurópolis (PA),18 anos,818
1506195,Rurópolis (PA),19 anos,770
1506195,Rurópolis (PA),20 anos,916
1506195,Rurópolis (PA),21 anos,771
1506195,Rurópolis (PA),22 anos,773
1506195,Rurópolis (PA),23 anos,742
1506195,Rurópolis (PA),24 anos,700
1506195,Rurópolis (PA),25 anos,807
1506195,Rurópolis (PA),26 anos,644
1506195,Rurópolis (PA),27 anos,674
1506195,Rurópolis (PA),28 anos,692
1506195,Rurópolis (PA),29 anos,813
1506195,Rurópolis (PA),30 anos,899
1506195,Rurópolis (PA),31 anos,642
1506195,Rurópolis (PA),32 anos,594
1506195,Rurópolis (PA),33 anos,510
1506195,Rurópolis (PA),34 anos,562
1506195,Rurópolis (PA),35 anos,613
1506195,Rurópolis (PA),36 anos,467
1506195,Rurópolis (PA),37 anos,432
1506195,Rurópolis (PA),38 anos,442
1506195,Rurópolis (PA),39 anos,527
1506195,Rurópolis (PA),40 anos,632
1506195,Rurópolis (PA),41 anos,403
1506195,Rurópolis (PA),42 anos,416
1506195,Rurópolis (PA),43 anos,363
1506195,Rurópolis (PA),44 anos,349
1506195,Rurópolis (PA),45 anos,406
1506195,Rurópolis (PA),46 anos,295
1506195,Rurópolis (PA),47 anos,314
1506195,Rurópolis (PA),48 anos,277
1506195,Rurópolis (PA),49 anos,339
1506195,Rurópolis (PA),50 anos,412
1506195,Rurópolis (PA),51 anos,266
1506195,Rurópolis (PA),52 anos,313
1506195,Rurópolis (PA),53 anos,242
1506195,Rurópolis (PA),54 anos,269
1506195,Rurópolis (PA),55 anos,263
1506195,Rurópolis (PA),56 anos,244
1506195,Rurópolis (PA),57 anos,216
1506195,Rurópolis (PA),58 anos,237
1506195,Rurópolis (PA),59 anos,235
1506195,Rurópolis (PA),60 anos,263
1506195,Rurópolis (PA),61 anos,188
1506195,Rurópolis (PA),62 anos,177
1506195,Rurópolis (PA),63 anos,163
1506195,Rurópolis (PA),64 anos,141
1506195,Rurópolis (PA),65 anos,173
1506195,Rurópolis (PA),66 anos,121
1506195,Rurópolis (PA),67 anos,105
1506195,Rurópolis (PA),68 anos,113
1506195,Rurópolis (PA),69 anos,94
1506195,Rurópolis (PA),70 anos,117
1506195,Rurópolis (PA),71 anos,70
1506195,Rurópolis (PA),72 anos,80
1506195,Rurópolis (PA),73 anos,72
1506195,Rurópolis (PA),74 anos,81
1506195,Rurópolis (PA),75 anos,72
1506195,Rurópolis (PA),76 anos,39
1506195,Rurópolis (PA),77 anos,44
1506195,Rurópolis (PA),78 anos,52
1506195,Rurópolis (PA),79 anos,46
1506195,Rurópolis (PA),80 anos,34
1506195,Rurópolis (PA),81 anos,29
1506195,Rurópolis (PA),82 anos,26
1506195,Rurópolis (PA),83 anos,19
1506195,Rurópolis (PA),84 anos,21
1506195,Rurópolis (PA),85 anos,23
1506195,Rurópolis (PA),86 anos,9
1506195,Rurópolis (PA),87 anos,13
1506195,Rurópolis (PA),88 anos,12
1506195,Rurópolis (PA),89 anos,8
1506195,Rurópolis (PA),90 anos,10
1506195,Rurópolis (PA),91 anos,5
1506195,Rurópolis (PA),92 anos,2
1506195,Rurópolis (PA),93 anos,2
1506195,Rurópolis (PA),94 anos,6
1506195,Rurópolis (PA),95 anos,2
1506195,Rurópolis (PA),96 anos,-
1506195,Rurópolis (PA),97 anos,2
1506195,Rurópolis (PA),98 anos,-
1506195,Rurópolis (PA),99 anos,1
1506195,Rurópolis (PA),100 anos ou mais,5
1506203,Salinópolis (PA),Total,37421
1506203,Salinópolis (PA),Menos de 1 ano,614
1506203,Salinópolis (PA),Menos de 1 mês,48
1506203,Salinópolis (PA),1 mês,44
1506203,Salinópolis (PA),2 meses,45
1506203,Salinópolis (PA),3 meses,40
1506203,Salinópolis (PA),4 meses,56
1506203,Salinópolis (PA),5 meses,33
1506203,Salinópolis (PA),6 meses,43
1506203,Salinópolis (PA),7 meses,56
1506203,Salinópolis (PA),8 meses,65
1506203,Salinópolis (PA),9 meses,61
1506203,Salinópolis (PA),10 meses,63
1506203,Salinópolis (PA),11 meses,60
1506203,Salinópolis (PA),1 ano,651
1506203,Salinópolis (PA),2 anos,672
1506203,Salinópolis (PA),3 anos,742
1506203,Salinópolis (PA),4 anos,746
1506203,Salinópolis (PA),5 anos,758
1506203,Salinópolis (PA),6 anos,696
1506203,Salinópolis (PA),7 anos,813
1506203,Salinópolis (PA),8 anos,761
1506203,Salinópolis (PA),9 anos,781
1506203,Salinópolis (PA),10 anos,820
1506203,Salinópolis (PA),11 anos,829
1506203,Salinópolis (PA),12 anos,869
1506203,Salinópolis (PA),13 anos,909
1506203,Salinópolis (PA),14 anos,903
1506203,Salinópolis (PA),15 anos,885
1506203,Salinópolis (PA),16 anos,848
1506203,Salinópolis (PA),17 anos,802
1506203,Salinópolis (PA),18 anos,867
1506203,Salinópolis (PA),19 anos,778
1506203,Salinópolis (PA),20 anos,769
1506203,Salinópolis (PA),21 anos,747
1506203,Salinópolis (PA),22 anos,751
1506203,Salinópolis (PA),23 anos,708
1506203,Salinópolis (PA),24 anos,752
1506203,Salinópolis (PA),25 anos,737
1506203,Salinópolis (PA),26 anos,693
1506203,Salinópolis (PA),27 anos,701
1506203,Salinópolis (PA),28 anos,708
1506203,Salinópolis (PA),29 anos,647
1506203,Salinópolis (PA),30 anos,624
1506203,Salinópolis (PA),31 anos,572
1506203,Salinópolis (PA),32 anos,627
1506203,Salinópolis (PA),33 anos,507
1506203,Salinópolis (PA),34 anos,546
1506203,Salinópolis (PA),35 anos,529
1506203,Salinópolis (PA),36 anos,491
1506203,Salinópolis (PA),37 anos,496
1506203,Salinópolis (PA),38 anos,484
1506203,Salinópolis (PA),39 anos,449
1506203,Salinópolis (PA),40 anos,480
1506203,Salinópolis (PA),41 anos,429
1506203,Salinópolis (PA),42 anos,391
1506203,Salinópolis (PA),43 anos,419
1506203,Salinópolis (PA),44 anos,376
1506203,Salinópolis (PA),45 anos,373
1506203,Salinópolis (PA),46 anos,337
1506203,Salinópolis (PA),47 anos,313
1506203,Salinópolis (PA),48 anos,295
1506203,Salinópolis (PA),49 anos,327
1506203,Salinópolis (PA),50 anos,287
1506203,Salinópolis (PA),51 anos,266
1506203,Salinópolis (PA),52 anos,301
1506203,Salinópolis (PA),53 anos,253
1506203,Salinópolis (PA),54 anos,269
1506203,Salinópolis (PA),55 anos,265
1506203,Salinópolis (PA),56 anos,256
1506203,Salinópolis (PA),57 anos,240
1506203,Salinópolis (PA),58 anos,215
1506203,Salinópolis (PA),59 anos,225
1506203,Salinópolis (PA),60 anos,216
1506203,Salinópolis (PA),61 anos,180
1506203,Salinópolis (PA),62 anos,168
1506203,Salinópolis (PA),63 anos,167
1506203,Salinópolis (PA),64 anos,154
1506203,Salinópolis (PA),65 anos,188
1506203,Salinópolis (PA),66 anos,163
1506203,Salinópolis (PA),67 anos,143
1506203,Salinópolis (PA),68 anos,116
1506203,Salinópolis (PA),69 anos,147
1506203,Salinópolis (PA),70 anos,151
1506203,Salinópolis (PA),71 anos,121
1506203,Salinópolis (PA),72 anos,73
1506203,Salinópolis (PA),73 anos,79
1506203,Salinópolis (PA),74 anos,93
1506203,Salinópolis (PA),75 anos,78
1506203,Salinópolis (PA),76 anos,70
1506203,Salinópolis (PA),77 anos,68
1506203,Salinópolis (PA),78 anos,48
1506203,Salinópolis (PA),79 anos,43
1506203,Salinópolis (PA),80 anos,49
1506203,Salinópolis (PA),81 anos,35
1506203,Salinópolis (PA),82 anos,35
1506203,Salinópolis (PA),83 anos,25
1506203,Salinópolis (PA),84 anos,37
1506203,Salinópolis (PA),85 anos,18
1506203,Salinópolis (PA),86 anos,19
1506203,Salinópolis (PA),87 anos,17
1506203,Salinópolis (PA),88 anos,18
1506203,Salinópolis (PA),89 anos,10
1506203,Salinópolis (PA),90 anos,11
1506203,Salinópolis (PA),91 anos,10
1506203,Salinópolis (PA),92 anos,9
1506203,Salinópolis (PA),93 anos,6
1506203,Salinópolis (PA),94 anos,11
1506203,Salinópolis (PA),95 anos,7
1506203,Salinópolis (PA),96 anos,10
1506203,Salinópolis (PA),97 anos,8
1506203,Salinópolis (PA),98 anos,5
1506203,Salinópolis (PA),99 anos,3
1506203,Salinópolis (PA),100 anos ou mais,13
1506302,Salvaterra (PA),Total,20183
1506302,Salvaterra (PA),Menos de 1 ano,391
1506302,Salvaterra (PA),Menos de 1 mês,33
1506302,Salvaterra (PA),1 mês,38
1506302,Salvaterra (PA),2 meses,25
1506302,Salvaterra (PA),3 meses,34
1506302,Salvaterra (PA),4 meses,30
1506302,Salvaterra (PA),5 meses,30
1506302,Salvaterra (PA),6 meses,23
1506302,Salvaterra (PA),7 meses,27
1506302,Salvaterra (PA),8 meses,43
1506302,Salvaterra (PA),9 meses,31
1506302,Salvaterra (PA),10 meses,42
1506302,Salvaterra (PA),11 meses,35
1506302,Salvaterra (PA),1 ano,361
1506302,Salvaterra (PA),2 anos,405
1506302,Salvaterra (PA),3 anos,383
1506302,Salvaterra (PA),4 anos,394
1506302,Salvaterra (PA),5 anos,405
1506302,Salvaterra (PA),6 anos,401
1506302,Salvaterra (PA),7 anos,419
1506302,Salvaterra (PA),8 anos,434
1506302,Salvaterra (PA),9 anos,442
1506302,Salvaterra (PA),10 anos,483
1506302,Salvaterra (PA),11 anos,440
1506302,Salvaterra (PA),12 anos,461
1506302,Salvaterra (PA),13 anos,445
1506302,Salvaterra (PA),14 anos,484
1506302,Salvaterra (PA),15 anos,485
1506302,Salvaterra (PA),16 anos,474
1506302,Salvaterra (PA),17 anos,441
1506302,Salvaterra (PA),18 anos,452
1506302,Salvaterra (PA),19 anos,418
1506302,Salvaterra (PA),20 anos,384
1506302,Salvaterra (PA),21 anos,383
1506302,Salvaterra (PA),22 anos,389
1506302,Salvaterra (PA),23 anos,369
1506302,Salvaterra (PA),24 anos,402
1506302,Salvaterra (PA),25 anos,327
1506302,Salvaterra (PA),26 anos,359
1506302,Salvaterra (PA),27 anos,323
1506302,Salvaterra (PA),28 anos,304
1506302,Salvaterra (PA),29 anos,290
1506302,Salvaterra (PA),30 anos,325
1506302,Salvaterra (PA),31 anos,305
1506302,Salvaterra (PA),32 anos,275
1506302,Salvaterra (PA),33 anos,286
1506302,Salvaterra (PA),34 anos,291
1506302,Salvaterra (PA),35 anos,300
1506302,Salvaterra (PA),36 anos,264
1506302,Salvaterra (PA),37 anos,254
1506302,Salvaterra (PA),38 anos,283
1506302,Salvaterra (PA),39 anos,246
1506302,Salvaterra (PA),40 anos,261
1506302,Salvaterra (PA),41 anos,224
1506302,Salvaterra (PA),42 anos,211
1506302,Salvaterra (PA),43 anos,201
1506302,Salvaterra (PA),44 anos,183
1506302,Salvaterra (PA),45 anos,189
1506302,Salvaterra (PA),46 anos,205
1506302,Salvaterra (PA),47 anos,181
1506302,Salvaterra (PA),48 anos,182
1506302,Salvaterra (PA),49 anos,183
1506302,Salvaterra (PA),50 anos,181
1506302,Salvaterra (PA),51 anos,135
1506302,Salvaterra (PA),52 anos,165
1506302,Salvaterra (PA),53 anos,148
1506302,Salvaterra (PA),54 anos,169
1506302,Salvaterra (PA),55 anos,140
1506302,Salvaterra (PA),56 anos,122
1506302,Salvaterra (PA),57 anos,124
1506302,Salvaterra (PA),58 anos,114
1506302,Salvaterra (PA),59 anos,129
1506302,Salvaterra (PA),60 anos,127
1506302,Salvaterra (PA),61 anos,98
1506302,Salvaterra (PA),62 anos,112
1506302,Salvaterra (PA),63 anos,106
1506302,Salvaterra (PA),64 anos,108
1506302,Salvaterra (PA),65 anos,102
1506302,Salvaterra (PA),66 anos,89
1506302,Salvaterra (PA),67 anos,87
1506302,Salvaterra (PA),68 anos,81
1506302,Salvaterra (PA),69 anos,63
1506302,Salvaterra (PA),70 anos,63
1506302,Salvaterra (PA),71 anos,63
1506302,Salvaterra (PA),72 anos,47
1506302,Salvaterra (PA),73 anos,59
1506302,Salvaterra (PA),74 anos,70
1506302,Salvaterra (PA),75 anos,71
1506302,Salvaterra (PA),76 anos,53
1506302,Salvaterra (PA),77 anos,42
1506302,Salvaterra (PA),78 anos,32
1506302,Salvaterra (PA),79 anos,34
1506302,Salvaterra (PA),80 anos,29
1506302,Salvaterra (PA),81 anos,23
1506302,Salvaterra (PA),82 anos,25
1506302,Salvaterra (PA),83 anos,27
1506302,Salvaterra (PA),84 anos,20
1506302,Salvaterra (PA),85 anos,20
1506302,Salvaterra (PA),86 anos,18
1506302,Salvaterra (PA),87 anos,21
1506302,Salvaterra (PA),88 anos,14
1506302,Salvaterra (PA),89 anos,9
1506302,Salvaterra (PA),90 anos,5
1506302,Salvaterra (PA),91 anos,9
1506302,Salvaterra (PA),92 anos,8
1506302,Salvaterra (PA),93 anos,5
1506302,Salvaterra (PA),94 anos,2
1506302,Salvaterra (PA),95 anos,3
1506302,Salvaterra (PA),96 anos,3
1506302,Salvaterra (PA),97 anos,4
1506302,Salvaterra (PA),98 anos,3
1506302,Salvaterra (PA),99 anos,1
1506302,Salvaterra (PA),100 anos ou mais,3
1506351,Santa Bárbara do Pará (PA),Total,17141
1506351,Santa Bárbara do Pará (PA),Menos de 1 ano,329
1506351,Santa Bárbara do Pará (PA),Menos de 1 mês,18
1506351,Santa Bárbara do Pará (PA),1 mês,25
1506351,Santa Bárbara do Pará (PA),2 meses,30
1506351,Santa Bárbara do Pará (PA),3 meses,36
1506351,Santa Bárbara do Pará (PA),4 meses,27
1506351,Santa Bárbara do Pará (PA),5 meses,16
1506351,Santa Bárbara do Pará (PA),6 meses,21
1506351,Santa Bárbara do Pará (PA),7 meses,34
1506351,Santa Bárbara do Pará (PA),8 meses,28
1506351,Santa Bárbara do Pará (PA),9 meses,24
1506351,Santa Bárbara do Pará (PA),10 meses,38
1506351,Santa Bárbara do Pará (PA),11 meses,32
1506351,Santa Bárbara do Pará (PA),1 ano,341
1506351,Santa Bárbara do Pará (PA),2 anos,322
1506351,Santa Bárbara do Pará (PA),3 anos,303
1506351,Santa Bárbara do Pará (PA),4 anos,295
1506351,Santa Bárbara do Pará (PA),5 anos,325
1506351,Santa Bárbara do Pará (PA),6 anos,347
1506351,Santa Bárbara do Pará (PA),7 anos,342
1506351,Santa Bárbara do Pará (PA),8 anos,352
1506351,Santa Bárbara do Pará (PA),9 anos,392
1506351,Santa Bárbara do Pará (PA),10 anos,399
1506351,Santa Bárbara do Pará (PA),11 anos,433
1506351,Santa Bárbara do Pará (PA),12 anos,397
1506351,Santa Bárbara do Pará (PA),13 anos,396
1506351,Santa Bárbara do Pará (PA),14 anos,382
1506351,Santa Bárbara do Pará (PA),15 anos,336
1506351,Santa Bárbara do Pará (PA),16 anos,382
1506351,Santa Bárbara do Pará (PA),17 anos,331
1506351,Santa Bárbara do Pará (PA),18 anos,341
1506351,Santa Bárbara do Pará (PA),19 anos,354
1506351,Santa Bárbara do Pará (PA),20 anos,344
1506351,Santa Bárbara do Pará (PA),21 anos,352
1506351,Santa Bárbara do Pará (PA),22 anos,355
1506351,Santa Bárbara do Pará (PA),23 anos,317
1506351,Santa Bárbara do Pará (PA),24 anos,300
1506351,Santa Bárbara do Pará (PA),25 anos,321
1506351,Santa Bárbara do Pará (PA),26 anos,265
1506351,Santa Bárbara do Pará (PA),27 anos,315
1506351,Santa Bárbara do Pará (PA),28 anos,317
1506351,Santa Bárbara do Pará (PA),29 anos,308
1506351,Santa Bárbara do Pará (PA),30 anos,306
1506351,Santa Bárbara do Pará (PA),31 anos,309
1506351,Santa Bárbara do Pará (PA),32 anos,273
1506351,Santa Bárbara do Pará (PA),33 anos,248
1506351,Santa Bárbara do Pará (PA),34 anos,254
1506351,Santa Bárbara do Pará (PA),35 anos,261
1506351,Santa Bárbara do Pará (PA),36 anos,223
1506351,Santa Bárbara do Pará (PA),37 anos,239
1506351,Santa Bárbara do Pará (PA),38 anos,235
1506351,Santa Bárbara do Pará (PA),39 anos,229
1506351,Santa Bárbara do Pará (PA),40 anos,240
1506351,Santa Bárbara do Pará (PA),41 anos,208
1506351,Santa Bárbara do Pará (PA),42 anos,192
1506351,Santa Bárbara do Pará (PA),43 anos,194
1506351,Santa Bárbara do Pará (PA),44 anos,180
1506351,Santa Bárbara do Pará (PA),45 anos,170
1506351,Santa Bárbara do Pará (PA),46 anos,160
1506351,Santa Bárbara do Pará (PA),47 anos,159
1506351,Santa Bárbara do Pará (PA),48 anos,153
1506351,Santa Bárbara do Pará (PA),49 anos,129
1506351,Santa Bárbara do Pará (PA),50 anos,125
1506351,Santa Bárbara do Pará (PA),51 anos,123
1506351,Santa Bárbara do Pará (PA),52 anos,122
1506351,Santa Bárbara do Pará (PA),53 anos,118
1506351,Santa Bárbara do Pará (PA),54 anos,126
1506351,Santa Bárbara do Pará (PA),55 anos,121
1506351,Santa Bárbara do Pará (PA),56 anos,130
1506351,Santa Bárbara do Pará (PA),57 anos,111
1506351,Santa Bárbara do Pará (PA),58 anos,117
1506351,Santa Bárbara do Pará (PA),59 anos,91
1506351,Santa Bárbara do Pará (PA),60 anos,112
1506351,Santa Bárbara do Pará (PA),61 anos,89
1506351,Santa Bárbara do Pará (PA),62 anos,76
1506351,Santa Bárbara do Pará (PA),63 anos,76
1506351,Santa Bárbara do Pará (PA),64 anos,85
1506351,Santa Bárbara do Pará (PA),65 anos,78
1506351,Santa Bárbara do Pará (PA),66 anos,54
1506351,Santa Bárbara do Pará (PA),67 anos,56
1506351,Santa Bárbara do Pará (PA),68 anos,68
1506351,Santa Bárbara do Pará (PA),69 anos,59
1506351,Santa Bárbara do Pará (PA),70 anos,62
1506351,Santa Bárbara do Pará (PA),71 anos,49
1506351,Santa Bárbara do Pará (PA),72 anos,53
1506351,Santa Bárbara do Pará (PA),73 anos,44
1506351,Santa Bárbara do Pará (PA),74 anos,33
1506351,Santa Bárbara do Pará (PA),75 anos,26
1506351,Santa Bárbara do Pará (PA),76 anos,29
1506351,Santa Bárbara do Pará (PA),77 anos,28
1506351,Santa Bárbara do Pará (PA),78 anos,23
1506351,Santa Bárbara do Pará (PA),79 anos,24
1506351,Santa Bárbara do Pará (PA),80 anos,28
1506351,Santa Bárbara do Pará (PA),81 anos,13
1506351,Santa Bárbara do Pará (PA),82 anos,15
1506351,Santa Bárbara do Pará (PA),83 anos,16
1506351,Santa Bárbara do Pará (PA),84 anos,16
1506351,Santa Bárbara do Pará (PA),85 anos,11
1506351,Santa Bárbara do Pará (PA),86 anos,13
1506351,Santa Bárbara do Pará (PA),87 anos,8
1506351,Santa Bárbara do Pará (PA),88 anos,7
1506351,Santa Bárbara do Pará (PA),89 anos,7
1506351,Santa Bárbara do Pará (PA),90 anos,5
1506351,Santa Bárbara do Pará (PA),91 anos,4
1506351,Santa Bárbara do Pará (PA),92 anos,4
1506351,Santa Bárbara do Pará (PA),93 anos,6
1506351,Santa Bárbara do Pará (PA),94 anos,9
1506351,Santa Bárbara do Pará (PA),95 anos,6
1506351,Santa Bárbara do Pará (PA),96 anos,2
1506351,Santa Bárbara do Pará (PA),97 anos,-
1506351,Santa Bárbara do Pará (PA),98 anos,3
1506351,Santa Bárbara do Pará (PA),99 anos,2
1506351,Santa Bárbara do Pará (PA),100 anos ou mais,3
1506401,Santa Cruz do Arari (PA),Total,8155
1506401,Santa Cruz do Arari (PA),Menos de 1 ano,131
1506401,Santa Cruz do Arari (PA),Menos de 1 mês,4
1506401,Santa Cruz do Arari (PA),1 mês,11
1506401,Santa Cruz do Arari (PA),2 meses,14
1506401,Santa Cruz do Arari (PA),3 meses,9
1506401,Santa Cruz do Arari (PA),4 meses,10
1506401,Santa Cruz do Arari (PA),5 meses,10
1506401,Santa Cruz do Arari (PA),6 meses,8
1506401,Santa Cruz do Arari (PA),7 meses,11
1506401,Santa Cruz do Arari (PA),8 meses,14
1506401,Santa Cruz do Arari (PA),9 meses,17
1506401,Santa Cruz do Arari (PA),10 meses,15
1506401,Santa Cruz do Arari (PA),11 meses,8
1506401,Santa Cruz do Arari (PA),1 ano,132
1506401,Santa Cruz do Arari (PA),2 anos,154
1506401,Santa Cruz do Arari (PA),3 anos,132
1506401,Santa Cruz do Arari (PA),4 anos,178
1506401,Santa Cruz do Arari (PA),5 anos,164
1506401,Santa Cruz do Arari (PA),6 anos,135
1506401,Santa Cruz do Arari (PA),7 anos,166
1506401,Santa Cruz do Arari (PA),8 anos,165
1506401,Santa Cruz do Arari (PA),9 anos,162
1506401,Santa Cruz do Arari (PA),10 anos,190
1506401,Santa Cruz do Arari (PA),11 anos,195
1506401,Santa Cruz do Arari (PA),12 anos,167
1506401,Santa Cruz do Arari (PA),13 anos,182
1506401,Santa Cruz do Arari (PA),14 anos,182
1506401,Santa Cruz do Arari (PA),15 anos,195
1506401,Santa Cruz do Arari (PA),16 anos,178
1506401,Santa Cruz do Arari (PA),17 anos,182
1506401,Santa Cruz do Arari (PA),18 anos,236
1506401,Santa Cruz do Arari (PA),19 anos,145
1506401,Santa Cruz do Arari (PA),20 anos,181
1506401,Santa Cruz do Arari (PA),21 anos,186
1506401,Santa Cruz do Arari (PA),22 anos,153
1506401,Santa Cruz do Arari (PA),23 anos,167
1506401,Santa Cruz do Arari (PA),24 anos,167
1506401,Santa Cruz do Arari (PA),25 anos,168
1506401,Santa Cruz do Arari (PA),26 anos,137
1506401,Santa Cruz do Arari (PA),27 anos,138
1506401,Santa Cruz do Arari (PA),28 anos,155
1506401,Santa Cruz do Arari (PA),29 anos,156
1506401,Santa Cruz do Arari (PA),30 anos,166
1506401,Santa Cruz do Arari (PA),31 anos,146
1506401,Santa Cruz do Arari (PA),32 anos,130
1506401,Santa Cruz do Arari (PA),33 anos,124
1506401,Santa Cruz do Arari (PA),34 anos,125
1506401,Santa Cruz do Arari (PA),35 anos,138
1506401,Santa Cruz do Arari (PA),36 anos,106
1506401,Santa Cruz do Arari (PA),37 anos,79
1506401,Santa Cruz do Arari (PA),38 anos,125
1506401,Santa Cruz do Arari (PA),39 anos,87
1506401,Santa Cruz do Arari (PA),40 anos,103
1506401,Santa Cruz do Arari (PA),41 anos,94
1506401,Santa Cruz do Arari (PA),42 anos,83
1506401,Santa Cruz do Arari (PA),43 anos,68
1506401,Santa Cruz do Arari (PA),44 anos,84
1506401,Santa Cruz do Arari (PA),45 anos,106
1506401,Santa Cruz do Arari (PA),46 anos,71
1506401,Santa Cruz do Arari (PA),47 anos,75
1506401,Santa Cruz do Arari (PA),48 anos,83
1506401,Santa Cruz do Arari (PA),49 anos,68
1506401,Santa Cruz do Arari (PA),50 anos,60
1506401,Santa Cruz do Arari (PA),51 anos,51
1506401,Santa Cruz do Arari (PA),52 anos,65
1506401,Santa Cruz do Arari (PA),53 anos,64
1506401,Santa Cruz do Arari (PA),54 anos,50
1506401,Santa Cruz do Arari (PA),55 anos,53
1506401,Santa Cruz do Arari (PA),56 anos,46
1506401,Santa Cruz do Arari (PA),57 anos,47
1506401,Santa Cruz do Arari (PA),58 anos,44
1506401,Santa Cruz do Arari (PA),59 anos,39
1506401,Santa Cruz do Arari (PA),60 anos,45
1506401,Santa Cruz do Arari (PA),61 anos,28
1506401,Santa Cruz do Arari (PA),62 anos,38
1506401,Santa Cruz do Arari (PA),63 anos,34
1506401,Santa Cruz do Arari (PA),64 anos,38
1506401,Santa Cruz do Arari (PA),65 anos,43
1506401,Santa Cruz do Arari (PA),66 anos,33
1506401,Santa Cruz do Arari (PA),67 anos,37
1506401,Santa Cruz do Arari (PA),68 anos,25
1506401,Santa Cruz do Arari (PA),69 anos,23
1506401,Santa Cruz do Arari (PA),70 anos,34
1506401,Santa Cruz do Arari (PA),71 anos,23
1506401,Santa Cruz do Arari (PA),72 anos,15
1506401,Santa Cruz do Arari (PA),73 anos,27
1506401,Santa Cruz do Arari (PA),74 anos,18
1506401,Santa Cruz do Arari (PA),75 anos,19
1506401,Santa Cruz do Arari (PA),76 anos,13
1506401,Santa Cruz do Arari (PA),77 anos,11
1506401,Santa Cruz do Arari (PA),78 anos,15
1506401,Santa Cruz do Arari (PA),79 anos,13
1506401,Santa Cruz do Arari (PA),80 anos,9
1506401,Santa Cruz do Arari (PA),81 anos,9
1506401,Santa Cruz do Arari (PA),82 anos,4
1506401,Santa Cruz do Arari (PA),83 anos,8
1506401,Santa Cruz do Arari (PA),84 anos,3
1506401,Santa Cruz do Arari (PA),85 anos,4
1506401,Santa Cruz do Arari (PA),86 anos,8
1506401,Santa Cruz do Arari (PA),87 anos,2
1506401,Santa Cruz do Arari (PA),88 anos,4
1506401,Santa Cruz do Arari (PA),89 anos,2
1506401,Santa Cruz do Arari (PA),90 anos,3
1506401,Santa Cruz do Arari (PA),91 anos,1
1506401,Santa Cruz do Arari (PA),92 anos,2
1506401,Santa Cruz do Arari (PA),93 anos,3
1506401,Santa Cruz do Arari (PA),94 anos,-
1506401,Santa Cruz do Arari (PA),95 anos,-
1506401,Santa Cruz do Arari (PA),96 anos,-
1506401,Santa Cruz do Arari (PA),97 anos,-
1506401,Santa Cruz do Arari (PA),98 anos,-
1506401,Santa Cruz do Arari (PA),99 anos,-
1506401,Santa Cruz do Arari (PA),100 anos ou mais,2
1506500,Santa Izabel do Pará (PA),Total,59466
1506500,Santa Izabel do Pará (PA),Menos de 1 ano,978
1506500,Santa Izabel do Pará (PA),Menos de 1 mês,93
1506500,Santa Izabel do Pará (PA),1 mês,67
1506500,Santa Izabel do Pará (PA),2 meses,82
1506500,Santa Izabel do Pará (PA),3 meses,82
1506500,Santa Izabel do Pará (PA),4 meses,89
1506500,Santa Izabel do Pará (PA),5 meses,78
1506500,Santa Izabel do Pará (PA),6 meses,79
1506500,Santa Izabel do Pará (PA),7 meses,84
1506500,Santa Izabel do Pará (PA),8 meses,91
1506500,Santa Izabel do Pará (PA),9 meses,84
1506500,Santa Izabel do Pará (PA),10 meses,82
1506500,Santa Izabel do Pará (PA),11 meses,67
1506500,Santa Izabel do Pará (PA),1 ano,977
1506500,Santa Izabel do Pará (PA),2 anos,982
1506500,Santa Izabel do Pará (PA),3 anos,985
1506500,Santa Izabel do Pará (PA),4 anos,1016
1506500,Santa Izabel do Pará (PA),5 anos,1014
1506500,Santa Izabel do Pará (PA),6 anos,1138
1506500,Santa Izabel do Pará (PA),7 anos,1077
1506500,Santa Izabel do Pará (PA),8 anos,1084
1506500,Santa Izabel do Pará (PA),9 anos,1151
1506500,Santa Izabel do Pará (PA),10 anos,1182
1506500,Santa Izabel do Pará (PA),11 anos,1216
1506500,Santa Izabel do Pará (PA),12 anos,1197
1506500,Santa Izabel do Pará (PA),13 anos,1189
1506500,Santa Izabel do Pará (PA),14 anos,1269
1506500,Santa Izabel do Pará (PA),15 anos,1261
1506500,Santa Izabel do Pará (PA),16 anos,1270
1506500,Santa Izabel do Pará (PA),17 anos,1230
1506500,Santa Izabel do Pará (PA),18 anos,1245
1506500,Santa Izabel do Pará (PA),19 anos,1173
1506500,Santa Izabel do Pará (PA),20 anos,1313
1506500,Santa Izabel do Pará (PA),21 anos,1260
1506500,Santa Izabel do Pará (PA),22 anos,1304
1506500,Santa Izabel do Pará (PA),23 anos,1257
1506500,Santa Izabel do Pará (PA),24 anos,1336
1506500,Santa Izabel do Pará (PA),25 anos,1206
1506500,Santa Izabel do Pará (PA),26 anos,1269
1506500,Santa Izabel do Pará (PA),27 anos,1362
1506500,Santa Izabel do Pará (PA),28 anos,1209
1506500,Santa Izabel do Pará (PA),29 anos,1208
1506500,Santa Izabel do Pará (PA),30 anos,1221
1506500,Santa Izabel do Pará (PA),31 anos,1097
1506500,Santa Izabel do Pará (PA),32 anos,1108
1506500,Santa Izabel do Pará (PA),33 anos,974
1506500,Santa Izabel do Pará (PA),34 anos,927
1506500,Santa Izabel do Pará (PA),35 anos,958
1506500,Santa Izabel do Pará (PA),36 anos,950
1506500,Santa Izabel do Pará (PA),37 anos,880
1506500,Santa Izabel do Pará (PA),38 anos,822
1506500,Santa Izabel do Pará (PA),39 anos,816
1506500,Santa Izabel do Pará (PA),40 anos,866
1506500,Santa Izabel do Pará (PA),41 anos,743
1506500,Santa Izabel do Pará (PA),42 anos,685
1506500,Santa Izabel do Pará (PA),43 anos,667
1506500,Santa Izabel do Pará (PA),44 anos,695
1506500,Santa Izabel do Pará (PA),45 anos,560
1506500,Santa Izabel do Pará (PA),46 anos,610
1506500,Santa Izabel do Pará (PA),47 anos,515
1506500,Santa Izabel do Pará (PA),48 anos,515
1506500,Santa Izabel do Pará (PA),49 anos,498
1506500,Santa Izabel do Pará (PA),50 anos,458
1506500,Santa Izabel do Pará (PA),51 anos,439
1506500,Santa Izabel do Pará (PA),52 anos,456
1506500,Santa Izabel do Pará (PA),53 anos,414
1506500,Santa Izabel do Pará (PA),54 anos,372
1506500,Santa Izabel do Pará (PA),55 anos,390
1506500,Santa Izabel do Pará (PA),56 anos,370
1506500,Santa Izabel do Pará (PA),57 anos,331
1506500,Santa Izabel do Pará (PA),58 anos,305
1506500,Santa Izabel do Pará (PA),59 anos,282
1506500,Santa Izabel do Pará (PA),60 anos,328
1506500,Santa Izabel do Pará (PA),61 anos,261
1506500,Santa Izabel do Pará (PA),62 anos,280
1506500,Santa Izabel do Pará (PA),63 anos,246
1506500,Santa Izabel do Pará (PA),64 anos,238
1506500,Santa Izabel do Pará (PA),65 anos,247
1506500,Santa Izabel do Pará (PA),66 anos,222
1506500,Santa Izabel do Pará (PA),67 anos,216
1506500,Santa Izabel do Pará (PA),68 anos,197
1506500,Santa Izabel do Pará (PA),69 anos,145
1506500,Santa Izabel do Pará (PA),70 anos,193
1506500,Santa Izabel do Pará (PA),71 anos,165
1506500,Santa Izabel do Pará (PA),72 anos,149
1506500,Santa Izabel do Pará (PA),73 anos,149
1506500,Santa Izabel do Pará (PA),74 anos,128
1506500,Santa Izabel do Pará (PA),75 anos,92
1506500,Santa Izabel do Pará (PA),76 anos,105
1506500,Santa Izabel do Pará (PA),77 anos,96
1506500,Santa Izabel do Pará (PA),78 anos,89
1506500,Santa Izabel do Pará (PA),79 anos,79
1506500,Santa Izabel do Pará (PA),80 anos,97
1506500,Santa Izabel do Pará (PA),81 anos,52
1506500,Santa Izabel do Pará (PA),82 anos,55
1506500,Santa Izabel do Pará (PA),83 anos,50
1506500,Santa Izabel do Pará (PA),84 anos,51
1506500,Santa Izabel do Pará (PA),85 anos,53
1506500,Santa Izabel do Pará (PA),86 anos,34
1506500,Santa Izabel do Pará (PA),87 anos,33
1506500,Santa Izabel do Pará (PA),88 anos,25
1506500,Santa Izabel do Pará (PA),89 anos,24
1506500,Santa Izabel do Pará (PA),90 anos,16
1506500,Santa Izabel do Pará (PA),91 anos,13
1506500,Santa Izabel do Pará (PA),92 anos,10
1506500,Santa Izabel do Pará (PA),93 anos,8
1506500,Santa Izabel do Pará (PA),94 anos,5
1506500,Santa Izabel do Pará (PA),95 anos,7
1506500,Santa Izabel do Pará (PA),96 anos,7
1506500,Santa Izabel do Pará (PA),97 anos,7
1506500,Santa Izabel do Pará (PA),98 anos,3
1506500,Santa Izabel do Pará (PA),99 anos,2
1506500,Santa Izabel do Pará (PA),100 anos ou mais,7
1506559,Santa Luzia do Pará (PA),Total,19424
1506559,Santa Luzia do Pará (PA),Menos de 1 ano,362
1506559,Santa Luzia do Pará (PA),Menos de 1 mês,27
1506559,Santa Luzia do Pará (PA),1 mês,32
1506559,Santa Luzia do Pará (PA),2 meses,29
1506559,Santa Luzia do Pará (PA),3 meses,26
1506559,Santa Luzia do Pará (PA),4 meses,31
1506559,Santa Luzia do Pará (PA),5 meses,24
1506559,Santa Luzia do Pará (PA),6 meses,32
1506559,Santa Luzia do Pará (PA),7 meses,39
1506559,Santa Luzia do Pará (PA),8 meses,34
1506559,Santa Luzia do Pará (PA),9 meses,30
1506559,Santa Luzia do Pará (PA),10 meses,32
1506559,Santa Luzia do Pará (PA),11 meses,26
1506559,Santa Luzia do Pará (PA),1 ano,358
1506559,Santa Luzia do Pará (PA),2 anos,368
1506559,Santa Luzia do Pará (PA),3 anos,412
1506559,Santa Luzia do Pará (PA),4 anos,422
1506559,Santa Luzia do Pará (PA),5 anos,451
1506559,Santa Luzia do Pará (PA),6 anos,408
1506559,Santa Luzia do Pará (PA),7 anos,440
1506559,Santa Luzia do Pará (PA),8 anos,464
1506559,Santa Luzia do Pará (PA),9 anos,438
1506559,Santa Luzia do Pará (PA),10 anos,479
1506559,Santa Luzia do Pará (PA),11 anos,492
1506559,Santa Luzia do Pará (PA),12 anos,495
1506559,Santa Luzia do Pará (PA),13 anos,519
1506559,Santa Luzia do Pará (PA),14 anos,437
1506559,Santa Luzia do Pará (PA),15 anos,457
1506559,Santa Luzia do Pará (PA),16 anos,467
1506559,Santa Luzia do Pará (PA),17 anos,487
1506559,Santa Luzia do Pará (PA),18 anos,435
1506559,Santa Luzia do Pará (PA),19 anos,398
1506559,Santa Luzia do Pará (PA),20 anos,373
1506559,Santa Luzia do Pará (PA),21 anos,432
1506559,Santa Luzia do Pará (PA),22 anos,380
1506559,Santa Luzia do Pará (PA),23 anos,373
1506559,Santa Luzia do Pará (PA),24 anos,364
1506559,Santa Luzia do Pará (PA),25 anos,351
1506559,Santa Luzia do Pará (PA),26 anos,337
1506559,Santa Luzia do Pará (PA),27 anos,350
1506559,Santa Luzia do Pará (PA),28 anos,316
1506559,Santa Luzia do Pará (PA),29 anos,327
1506559,Santa Luzia do Pará (PA),30 anos,298
1506559,Santa Luzia do Pará (PA),31 anos,277
1506559,Santa Luzia do Pará (PA),32 anos,237
1506559,Santa Luzia do Pará (PA),33 anos,253
1506559,Santa Luzia do Pará (PA),34 anos,254
1506559,Santa Luzia do Pará (PA),35 anos,256
1506559,Santa Luzia do Pará (PA),36 anos,242
1506559,Santa Luzia do Pará (PA),37 anos,221
1506559,Santa Luzia do Pará (PA),38 anos,240
1506559,Santa Luzia do Pará (PA),39 anos,231
1506559,Santa Luzia do Pará (PA),40 anos,209
1506559,Santa Luzia do Pará (PA),41 anos,159
1506559,Santa Luzia do Pará (PA),42 anos,205
1506559,Santa Luzia do Pará (PA),43 anos,189
1506559,Santa Luzia do Pará (PA),44 anos,165
1506559,Santa Luzia do Pará (PA),45 anos,187
1506559,Santa Luzia do Pará (PA),46 anos,152
1506559,Santa Luzia do Pará (PA),47 anos,168
1506559,Santa Luzia do Pará (PA),48 anos,153
1506559,Santa Luzia do Pará (PA),49 anos,146
1506559,Santa Luzia do Pará (PA),50 anos,155
1506559,Santa Luzia do Pará (PA),51 anos,116
1506559,Santa Luzia do Pará (PA),52 anos,140
1506559,Santa Luzia do Pará (PA),53 anos,144
1506559,Santa Luzia do Pará (PA),54 anos,138
1506559,Santa Luzia do Pará (PA),55 anos,126
1506559,Santa Luzia do Pará (PA),56 anos,117
1506559,Santa Luzia do Pará (PA),57 anos,105
1506559,Santa Luzia do Pará (PA),58 anos,115
1506559,Santa Luzia do Pará (PA),59 anos,93
1506559,Santa Luzia do Pará (PA),60 anos,112
1506559,Santa Luzia do Pará (PA),61 anos,78
1506559,Santa Luzia do Pará (PA),62 anos,85
1506559,Santa Luzia do Pará (PA),63 anos,82
1506559,Santa Luzia do Pará (PA),64 anos,72
1506559,Santa Luzia do Pará (PA),65 anos,91
1506559,Santa Luzia do Pará (PA),66 anos,97
1506559,Santa Luzia do Pará (PA),67 anos,75
1506559,Santa Luzia do Pará (PA),68 anos,59
1506559,Santa Luzia do Pará (PA),69 anos,72
1506559,Santa Luzia do Pará (PA),70 anos,76
1506559,Santa Luzia do Pará (PA),71 anos,59
1506559,Santa Luzia do Pará (PA),72 anos,44
1506559,Santa Luzia do Pará (PA),73 anos,55
1506559,Santa Luzia do Pará (PA),74 anos,64
1506559,Santa Luzia do Pará (PA),75 anos,52
1506559,Santa Luzia do Pará (PA),76 anos,47
1506559,Santa Luzia do Pará (PA),77 anos,33
1506559,Santa Luzia do Pará (PA),78 anos,47
1506559,Santa Luzia do Pará (PA),79 anos,39
1506559,Santa Luzia do Pará (PA),80 anos,37
1506559,Santa Luzia do Pará (PA),81 anos,23
1506559,Santa Luzia do Pará (PA),82 anos,21
1506559,Santa Luzia do Pará (PA),83 anos,18
1506559,Santa Luzia do Pará (PA),84 anos,14
1506559,Santa Luzia do Pará (PA),85 anos,13
1506559,Santa Luzia do Pará (PA),86 anos,11
1506559,Santa Luzia do Pará (PA),87 anos,9
1506559,Santa Luzia do Pará (PA),88 anos,10
1506559,Santa Luzia do Pará (PA),89 anos,8
1506559,Santa Luzia do Pará (PA),90 anos,8
1506559,Santa Luzia do Pará (PA),91 anos,5
1506559,Santa Luzia do Pará (PA),92 anos,4
1506559,Santa Luzia do Pará (PA),93 anos,4
1506559,Santa Luzia do Pará (PA),94 anos,2
1506559,Santa Luzia do Pará (PA),95 anos,6
1506559,Santa Luzia do Pará (PA),96 anos,4
1506559,Santa Luzia do Pará (PA),97 anos,4
1506559,Santa Luzia do Pará (PA),98 anos,1
1506559,Santa Luzia do Pará (PA),99 anos,-
1506559,Santa Luzia do Pará (PA),100 anos ou mais,-
1506583,Santa Maria das Barreiras (PA),Total,17206
1506583,Santa Maria das Barreiras (PA),Menos de 1 ano,300
1506583,Santa Maria das Barreiras (PA),Menos de 1 mês,21
1506583,Santa Maria das Barreiras (PA),1 mês,22
1506583,Santa Maria das Barreiras (PA),2 meses,28
1506583,Santa Maria das Barreiras (PA),3 meses,18
1506583,Santa Maria das Barreiras (PA),4 meses,22
1506583,Santa Maria das Barreiras (PA),5 meses,26
1506583,Santa Maria das Barreiras (PA),6 meses,21
1506583,Santa Maria das Barreiras (PA),7 meses,25
1506583,Santa Maria das Barreiras (PA),8 meses,30
1506583,Santa Maria das Barreiras (PA),9 meses,34
1506583,Santa Maria das Barreiras (PA),10 meses,24
1506583,Santa Maria das Barreiras (PA),11 meses,29
1506583,Santa Maria das Barreiras (PA),1 ano,303
1506583,Santa Maria das Barreiras (PA),2 anos,338
1506583,Santa Maria das Barreiras (PA),3 anos,344
1506583,Santa Maria das Barreiras (PA),4 anos,326
1506583,Santa Maria das Barreiras (PA),5 anos,397
1506583,Santa Maria das Barreiras (PA),6 anos,326
1506583,Santa Maria das Barreiras (PA),7 anos,383
1506583,Santa Maria das Barreiras (PA),8 anos,371
1506583,Santa Maria das Barreiras (PA),9 anos,364
1506583,Santa Maria das Barreiras (PA),10 anos,379
1506583,Santa Maria das Barreiras (PA),11 anos,346
1506583,Santa Maria das Barreiras (PA),12 anos,376
1506583,Santa Maria das Barreiras (PA),13 anos,397
1506583,Santa Maria das Barreiras (PA),14 anos,369
1506583,Santa Maria das Barreiras (PA),15 anos,369
1506583,Santa Maria das Barreiras (PA),16 anos,358
1506583,Santa Maria das Barreiras (PA),17 anos,296
1506583,Santa Maria das Barreiras (PA),18 anos,307
1506583,Santa Maria das Barreiras (PA),19 anos,239
1506583,Santa Maria das Barreiras (PA),20 anos,214
1506583,Santa Maria das Barreiras (PA),21 anos,264
1506583,Santa Maria das Barreiras (PA),22 anos,261
1506583,Santa Maria das Barreiras (PA),23 anos,263
1506583,Santa Maria das Barreiras (PA),24 anos,305
1506583,Santa Maria das Barreiras (PA),25 anos,282
1506583,Santa Maria das Barreiras (PA),26 anos,283
1506583,Santa Maria das Barreiras (PA),27 anos,308
1506583,Santa Maria das Barreiras (PA),28 anos,290
1506583,Santa Maria das Barreiras (PA),29 anos,271
1506583,Santa Maria das Barreiras (PA),30 anos,295
1506583,Santa Maria das Barreiras (PA),31 anos,234
1506583,Santa Maria das Barreiras (PA),32 anos,267
1506583,Santa Maria das Barreiras (PA),33 anos,252
1506583,Santa Maria das Barreiras (PA),34 anos,253
1506583,Santa Maria das Barreiras (PA),35 anos,253
1506583,Santa Maria das Barreiras (PA),36 anos,216
1506583,Santa Maria das Barreiras (PA),37 anos,219
1506583,Santa Maria das Barreiras (PA),38 anos,211
1506583,Santa Maria das Barreiras (PA),39 anos,227
1506583,Santa Maria das Barreiras (PA),40 anos,255
1506583,Santa Maria das Barreiras (PA),41 anos,248
1506583,Santa Maria das Barreiras (PA),42 anos,223
1506583,Santa Maria das Barreiras (PA),43 anos,227
1506583,Santa Maria das Barreiras (PA),44 anos,210
1506583,Santa Maria das Barreiras (PA),45 anos,218
1506583,Santa Maria das Barreiras (PA),46 anos,200
1506583,Santa Maria das Barreiras (PA),47 anos,202
1506583,Santa Maria das Barreiras (PA),48 anos,172
1506583,Santa Maria das Barreiras (PA),49 anos,181
1506583,Santa Maria das Barreiras (PA),50 anos,171
1506583,Santa Maria das Barreiras (PA),51 anos,186
1506583,Santa Maria das Barreiras (PA),52 anos,170
1506583,Santa Maria das Barreiras (PA),53 anos,168
1506583,Santa Maria das Barreiras (PA),54 anos,164
1506583,Santa Maria das Barreiras (PA),55 anos,172
1506583,Santa Maria das Barreiras (PA),56 anos,190
1506583,Santa Maria das Barreiras (PA),57 anos,145
1506583,Santa Maria das Barreiras (PA),58 anos,149
1506583,Santa Maria das Barreiras (PA),59 anos,142
1506583,Santa Maria das Barreiras (PA),60 anos,117
1506583,Santa Maria das Barreiras (PA),61 anos,108
1506583,Santa Maria das Barreiras (PA),62 anos,99
1506583,Santa Maria das Barreiras (PA),63 anos,105
1506583,Santa Maria das Barreiras (PA),64 anos,92
1506583,Santa Maria das Barreiras (PA),65 anos,75
1506583,Santa Maria das Barreiras (PA),66 anos,79
1506583,Santa Maria das Barreiras (PA),67 anos,77
1506583,Santa Maria das Barreiras (PA),68 anos,95
1506583,Santa Maria das Barreiras (PA),69 anos,43
1506583,Santa Maria das Barreiras (PA),70 anos,65
1506583,Santa Maria das Barreiras (PA),71 anos,52
1506583,Santa Maria das Barreiras (PA),72 anos,39
1506583,Santa Maria das Barreiras (PA),73 anos,32
1506583,Santa Maria das Barreiras (PA),74 anos,38
1506583,Santa Maria das Barreiras (PA),75 anos,35
1506583,Santa Maria das Barreiras (PA),76 anos,43
1506583,Santa Maria das Barreiras (PA),77 anos,24
1506583,Santa Maria das Barreiras (PA),78 anos,21
1506583,Santa Maria das Barreiras (PA),79 anos,13
1506583,Santa Maria das Barreiras (PA),80 anos,17
1506583,Santa Maria das Barreiras (PA),81 anos,15
1506583,Santa Maria das Barreiras (PA),82 anos,11
1506583,Santa Maria das Barreiras (PA),83 anos,13
1506583,Santa Maria das Barreiras (PA),84 anos,8
1506583,Santa Maria das Barreiras (PA),85 anos,9
1506583,Santa Maria das Barreiras (PA),86 anos,4
1506583,Santa Maria das Barreiras (PA),87 anos,11
1506583,Santa Maria das Barreiras (PA),88 anos,6
1506583,Santa Maria das Barreiras (PA),89 anos,2
1506583,Santa Maria das Barreiras (PA),90 anos,4
1506583,Santa Maria das Barreiras (PA),91 anos,1
1506583,Santa Maria das Barreiras (PA),92 anos,-
1506583,Santa Maria das Barreiras (PA),93 anos,-
1506583,Santa Maria das Barreiras (PA),94 anos,1
1506583,Santa Maria das Barreiras (PA),95 anos,3
1506583,Santa Maria das Barreiras (PA),96 anos,-
1506583,Santa Maria das Barreiras (PA),97 anos,-
1506583,Santa Maria das Barreiras (PA),98 anos,-
1506583,Santa Maria das Barreiras (PA),99 anos,-
1506583,Santa Maria das Barreiras (PA),100 anos ou mais,-
1506609,Santa Maria do Pará (PA),Total,23026
1506609,Santa Maria do Pará (PA),Menos de 1 ano,373
1506609,Santa Maria do Pará (PA),Menos de 1 mês,33
1506609,Santa Maria do Pará (PA),1 mês,27
1506609,Santa Maria do Pará (PA),2 meses,24
1506609,Santa Maria do Pará (PA),3 meses,28
1506609,Santa Maria do Pará (PA),4 meses,32
1506609,Santa Maria do Pará (PA),5 meses,23
1506609,Santa Maria do Pará (PA),6 meses,31
1506609,Santa Maria do Pará (PA),7 meses,33
1506609,Santa Maria do Pará (PA),8 meses,40
1506609,Santa Maria do Pará (PA),9 meses,43
1506609,Santa Maria do Pará (PA),10 meses,30
1506609,Santa Maria do Pará (PA),11 meses,29
1506609,Santa Maria do Pará (PA),1 ano,370
1506609,Santa Maria do Pará (PA),2 anos,370
1506609,Santa Maria do Pará (PA),3 anos,368
1506609,Santa Maria do Pará (PA),4 anos,409
1506609,Santa Maria do Pará (PA),5 anos,416
1506609,Santa Maria do Pará (PA),6 anos,452
1506609,Santa Maria do Pará (PA),7 anos,475
1506609,Santa Maria do Pará (PA),8 anos,466
1506609,Santa Maria do Pará (PA),9 anos,478
1506609,Santa Maria do Pará (PA),10 anos,463
1506609,Santa Maria do Pará (PA),11 anos,413
1506609,Santa Maria do Pará (PA),12 anos,471
1506609,Santa Maria do Pará (PA),13 anos,502
1506609,Santa Maria do Pará (PA),14 anos,484
1506609,Santa Maria do Pará (PA),15 anos,491
1506609,Santa Maria do Pará (PA),16 anos,488
1506609,Santa Maria do Pará (PA),17 anos,518
1506609,Santa Maria do Pará (PA),18 anos,498
1506609,Santa Maria do Pará (PA),19 anos,424
1506609,Santa Maria do Pará (PA),20 anos,424
1506609,Santa Maria do Pará (PA),21 anos,449
1506609,Santa Maria do Pará (PA),22 anos,440
1506609,Santa Maria do Pará (PA),23 anos,400
1506609,Santa Maria do Pará (PA),24 anos,443
1506609,Santa Maria do Pará (PA),25 anos,439
1506609,Santa Maria do Pará (PA),26 anos,424
1506609,Santa Maria do Pará (PA),27 anos,459
1506609,Santa Maria do Pará (PA),28 anos,446
1506609,Santa Maria do Pará (PA),29 anos,378
1506609,Santa Maria do Pará (PA),30 anos,380
1506609,Santa Maria do Pará (PA),31 anos,340
1506609,Santa Maria do Pará (PA),32 anos,342
1506609,Santa Maria do Pará (PA),33 anos,391
1506609,Santa Maria do Pará (PA),34 anos,362
1506609,Santa Maria do Pará (PA),35 anos,353
1506609,Santa Maria do Pará (PA),36 anos,346
1506609,Santa Maria do Pará (PA),37 anos,317
1506609,Santa Maria do Pará (PA),38 anos,294
1506609,Santa Maria do Pará (PA),39 anos,358
1506609,Santa Maria do Pará (PA),40 anos,304
1506609,Santa Maria do Pará (PA),41 anos,271
1506609,Santa Maria do Pará (PA),42 anos,296
1506609,Santa Maria do Pará (PA),43 anos,290
1506609,Santa Maria do Pará (PA),44 anos,275
1506609,Santa Maria do Pará (PA),45 anos,222
1506609,Santa Maria do Pará (PA),46 anos,244
1506609,Santa Maria do Pará (PA),47 anos,247
1506609,Santa Maria do Pará (PA),48 anos,229
1506609,Santa Maria do Pará (PA),49 anos,200
1506609,Santa Maria do Pará (PA),50 anos,201
1506609,Santa Maria do Pará (PA),51 anos,191
1506609,Santa Maria do Pará (PA),52 anos,190
1506609,Santa Maria do Pará (PA),53 anos,173
1506609,Santa Maria do Pará (PA),54 anos,180
1506609,Santa Maria do Pará (PA),55 anos,168
1506609,Santa Maria do Pará (PA),56 anos,188
1506609,Santa Maria do Pará (PA),57 anos,144
1506609,Santa Maria do Pará (PA),58 anos,161
1506609,Santa Maria do Pará (PA),59 anos,127
1506609,Santa Maria do Pará (PA),60 anos,134
1506609,Santa Maria do Pará (PA),61 anos,98
1506609,Santa Maria do Pará (PA),62 anos,127
1506609,Santa Maria do Pará (PA),63 anos,117
1506609,Santa Maria do Pará (PA),64 anos,86
1506609,Santa Maria do Pará (PA),65 anos,114
1506609,Santa Maria do Pará (PA),66 anos,101
1506609,Santa Maria do Pará (PA),67 anos,99
1506609,Santa Maria do Pará (PA),68 anos,88
1506609,Santa Maria do Pará (PA),69 anos,93
1506609,Santa Maria do Pará (PA),70 anos,102
1506609,Santa Maria do Pará (PA),71 anos,92
1506609,Santa Maria do Pará (PA),72 anos,73
1506609,Santa Maria do Pará (PA),73 anos,79
1506609,Santa Maria do Pará (PA),74 anos,67
1506609,Santa Maria do Pará (PA),75 anos,65
1506609,Santa Maria do Pará (PA),76 anos,48
1506609,Santa Maria do Pará (PA),77 anos,51
1506609,Santa Maria do Pará (PA),78 anos,43
1506609,Santa Maria do Pará (PA),79 anos,42
1506609,Santa Maria do Pará (PA),80 anos,39
1506609,Santa Maria do Pará (PA),81 anos,35
1506609,Santa Maria do Pará (PA),82 anos,37
1506609,Santa Maria do Pará (PA),83 anos,24
1506609,Santa Maria do Pará (PA),84 anos,29
1506609,Santa Maria do Pará (PA),85 anos,21
1506609,Santa Maria do Pará (PA),86 anos,23
1506609,Santa Maria do Pará (PA),87 anos,11
1506609,Santa Maria do Pará (PA),88 anos,11
1506609,Santa Maria do Pará (PA),89 anos,8
1506609,Santa Maria do Pará (PA),90 anos,14
1506609,Santa Maria do Pará (PA),91 anos,6
1506609,Santa Maria do Pará (PA),92 anos,6
1506609,Santa Maria do Pará (PA),93 anos,5
1506609,Santa Maria do Pará (PA),94 anos,5
1506609,Santa Maria do Pará (PA),95 anos,7
1506609,Santa Maria do Pará (PA),96 anos,4
1506609,Santa Maria do Pará (PA),97 anos,3
1506609,Santa Maria do Pará (PA),98 anos,1
1506609,Santa Maria do Pará (PA),99 anos,1
1506609,Santa Maria do Pará (PA),100 anos ou mais,2
1506708,Santana do Araguaia (PA),Total,56153
1506708,Santana do Araguaia (PA),Menos de 1 ano,930
1506708,Santana do Araguaia (PA),Menos de 1 mês,62
1506708,Santana do Araguaia (PA),1 mês,71
1506708,Santana do Araguaia (PA),2 meses,64
1506708,Santana do Araguaia (PA),3 meses,78
1506708,Santana do Araguaia (PA),4 meses,69
1506708,Santana do Araguaia (PA),5 meses,74
1506708,Santana do Araguaia (PA),6 meses,88
1506708,Santana do Araguaia (PA),7 meses,73
1506708,Santana do Araguaia (PA),8 meses,106
1506708,Santana do Araguaia (PA),9 meses,73
1506708,Santana do Araguaia (PA),10 meses,96
1506708,Santana do Araguaia (PA),11 meses,76
1506708,Santana do Araguaia (PA),1 ano,960
1506708,Santana do Araguaia (PA),2 anos,987
1506708,Santana do Araguaia (PA),3 anos,1132
1506708,Santana do Araguaia (PA),4 anos,1341
1506708,Santana do Araguaia (PA),5 anos,1190
1506708,Santana do Araguaia (PA),6 anos,1232
1506708,Santana do Araguaia (PA),7 anos,1205
1506708,Santana do Araguaia (PA),8 anos,1197
1506708,Santana do Araguaia (PA),9 anos,1330
1506708,Santana do Araguaia (PA),10 anos,1492
1506708,Santana do Araguaia (PA),11 anos,1368
1506708,Santana do Araguaia (PA),12 anos,1251
1506708,Santana do Araguaia (PA),13 anos,1163
1506708,Santana do Araguaia (PA),14 anos,1212
1506708,Santana do Araguaia (PA),15 anos,1141
1506708,Santana do Araguaia (PA),16 anos,1045
1506708,Santana do Araguaia (PA),17 anos,1032
1506708,Santana do Araguaia (PA),18 anos,979
1506708,Santana do Araguaia (PA),19 anos,1065
1506708,Santana do Araguaia (PA),20 anos,1375
1506708,Santana do Araguaia (PA),21 anos,937
1506708,Santana do Araguaia (PA),22 anos,1015
1506708,Santana do Araguaia (PA),23 anos,1201
1506708,Santana do Araguaia (PA),24 anos,1390
1506708,Santana do Araguaia (PA),25 anos,1177
1506708,Santana do Araguaia (PA),26 anos,1012
1506708,Santana do Araguaia (PA),27 anos,1064
1506708,Santana do Araguaia (PA),28 anos,989
1506708,Santana do Araguaia (PA),29 anos,1185
1506708,Santana do Araguaia (PA),30 anos,1363
1506708,Santana do Araguaia (PA),31 anos,1148
1506708,Santana do Araguaia (PA),32 anos,1071
1506708,Santana do Araguaia (PA),33 anos,845
1506708,Santana do Araguaia (PA),34 anos,984
1506708,Santana do Araguaia (PA),35 anos,1027
1506708,Santana do Araguaia (PA),36 anos,842
1506708,Santana do Araguaia (PA),37 anos,769
1506708,Santana do Araguaia (PA),38 anos,800
1506708,Santana do Araguaia (PA),39 anos,842
1506708,Santana do Araguaia (PA),40 anos,965
1506708,Santana do Araguaia (PA),41 anos,680
1506708,Santana do Araguaia (PA),42 anos,686
1506708,Santana do Araguaia (PA),43 anos,493
1506708,Santana do Araguaia (PA),44 anos,491
1506708,Santana do Araguaia (PA),45 anos,631
1506708,Santana do Araguaia (PA),46 anos,471
1506708,Santana do Araguaia (PA),47 anos,494
1506708,Santana do Araguaia (PA),48 anos,446
1506708,Santana do Araguaia (PA),49 anos,463
1506708,Santana do Araguaia (PA),50 anos,532
1506708,Santana do Araguaia (PA),51 anos,408
1506708,Santana do Araguaia (PA),52 anos,426
1506708,Santana do Araguaia (PA),53 anos,305
1506708,Santana do Araguaia (PA),54 anos,346
1506708,Santana do Araguaia (PA),55 anos,320
1506708,Santana do Araguaia (PA),56 anos,280
1506708,Santana do Araguaia (PA),57 anos,260
1506708,Santana do Araguaia (PA),58 anos,252
1506708,Santana do Araguaia (PA),59 anos,242
1506708,Santana do Araguaia (PA),60 anos,297
1506708,Santana do Araguaia (PA),61 anos,210
1506708,Santana do Araguaia (PA),62 anos,173
1506708,Santana do Araguaia (PA),63 anos,169
1506708,Santana do Araguaia (PA),64 anos,205
1506708,Santana do Araguaia (PA),65 anos,207
1506708,Santana do Araguaia (PA),66 anos,136
1506708,Santana do Araguaia (PA),67 anos,150
1506708,Santana do Araguaia (PA),68 anos,140
1506708,Santana do Araguaia (PA),69 anos,118
1506708,Santana do Araguaia (PA),70 anos,150
1506708,Santana do Araguaia (PA),71 anos,82
1506708,Santana do Araguaia (PA),72 anos,78
1506708,Santana do Araguaia (PA),73 anos,53
1506708,Santana do Araguaia (PA),74 anos,93
1506708,Santana do Araguaia (PA),75 anos,67
1506708,Santana do Araguaia (PA),76 anos,38
1506708,Santana do Araguaia (PA),77 anos,41
1506708,Santana do Araguaia (PA),78 anos,42
1506708,Santana do Araguaia (PA),79 anos,40
1506708,Santana do Araguaia (PA),80 anos,42
1506708,Santana do Araguaia (PA),81 anos,25
1506708,Santana do Araguaia (PA),82 anos,21
1506708,Santana do Araguaia (PA),83 anos,14
1506708,Santana do Araguaia (PA),84 anos,12
1506708,Santana do Araguaia (PA),85 anos,9
1506708,Santana do Araguaia (PA),86 anos,7
1506708,Santana do Araguaia (PA),87 anos,8
1506708,Santana do Araguaia (PA),88 anos,8
1506708,Santana do Araguaia (PA),89 anos,4
1506708,Santana do Araguaia (PA),90 anos,10
1506708,Santana do Araguaia (PA),91 anos,6
1506708,Santana do Araguaia (PA),92 anos,5
1506708,Santana do Araguaia (PA),93 anos,3
1506708,Santana do Araguaia (PA),94 anos,3
1506708,Santana do Araguaia (PA),95 anos,2
1506708,Santana do Araguaia (PA),96 anos,2
1506708,Santana do Araguaia (PA),97 anos,-
1506708,Santana do Araguaia (PA),98 anos,-
1506708,Santana do Araguaia (PA),99 anos,1
1506708,Santana do Araguaia (PA),100 anos ou mais,3
1506807,Santarém (PA),Total,294580
1506807,Santarém (PA),Menos de 1 ano,5681
1506807,Santarém (PA),Menos de 1 mês,425
1506807,Santarém (PA),1 mês,393
1506807,Santarém (PA),2 meses,412
1506807,Santarém (PA),3 meses,459
1506807,Santarém (PA),4 meses,473
1506807,Santarém (PA),5 meses,416
1506807,Santarém (PA),6 meses,422
1506807,Santarém (PA),7 meses,560
1506807,Santarém (PA),8 meses,529
1506807,Santarém (PA),9 meses,535
1506807,Santarém (PA),10 meses,540
1506807,Santarém (PA),11 meses,517
1506807,Santarém (PA),1 ano,5490
1506807,Santarém (PA),2 anos,5938
1506807,Santarém (PA),3 anos,5972
1506807,Santarém (PA),4 anos,6033
1506807,Santarém (PA),5 anos,6172
1506807,Santarém (PA),6 anos,5961
1506807,Santarém (PA),7 anos,6203
1506807,Santarém (PA),8 anos,6072
1506807,Santarém (PA),9 anos,6353
1506807,Santarém (PA),10 anos,6760
1506807,Santarém (PA),11 anos,6487
1506807,Santarém (PA),12 anos,6532
1506807,Santarém (PA),13 anos,6487
1506807,Santarém (PA),14 anos,6835
1506807,Santarém (PA),15 anos,6879
1506807,Santarém (PA),16 anos,6642
1506807,Santarém (PA),17 anos,6473
1506807,Santarém (PA),18 anos,6333
1506807,Santarém (PA),19 anos,5891
1506807,Santarém (PA),20 anos,5875
1506807,Santarém (PA),21 anos,5932
1506807,Santarém (PA),22 anos,5907
1506807,Santarém (PA),23 anos,5747
1506807,Santarém (PA),24 anos,5660
1506807,Santarém (PA),25 anos,5678
1506807,Santarém (PA),26 anos,5228
1506807,Santarém (PA),27 anos,5137
1506807,Santarém (PA),28 anos,5108
1506807,Santarém (PA),29 anos,4777
1506807,Santarém (PA),30 anos,5175
1506807,Santarém (PA),31 anos,4468
1506807,Santarém (PA),32 anos,4477
1506807,Santarém (PA),33 anos,4214
1506807,Santarém (PA),34 anos,4032
1506807,Santarém (PA),35 anos,4173
1506807,Santarém (PA),36 anos,3784
1506807,Santarém (PA),37 anos,3762
1506807,Santarém (PA),38 anos,3627
1506807,Santarém (PA),39 anos,3517
1506807,Santarém (PA),40 anos,3655
1506807,Santarém (PA),41 anos,3050
1506807,Santarém (PA),42 anos,3135
1506807,Santarém (PA),43 anos,3049
1506807,Santarém (PA),44 anos,2918
1506807,Santarém (PA),45 anos,3157
1506807,Santarém (PA),46 anos,2845
1506807,Santarém (PA),47 anos,2828
1506807,Santarém (PA),48 anos,2548
1506807,Santarém (PA),49 anos,2516
1506807,Santarém (PA),50 anos,2650
1506807,Santarém (PA),51 anos,2214
1506807,Santarém (PA),52 anos,2320
1506807,Santarém (PA),53 anos,2084
1506807,Santarém (PA),54 anos,2090
1506807,Santarém (PA),55 anos,2113
1506807,Santarém (PA),56 anos,1949
1506807,Santarém (PA),57 anos,1838
1506807,Santarém (PA),58 anos,1748
1506807,Santarém (PA),59 anos,1658
1506807,Santarém (PA),60 anos,1655
1506807,Santarém (PA),61 anos,1378
1506807,Santarém (PA),62 anos,1363
1506807,Santarém (PA),63 anos,1234
1506807,Santarém (PA),64 anos,1247
1506807,Santarém (PA),65 anos,1310
1506807,Santarém (PA),66 anos,1183
1506807,Santarém (PA),67 anos,1159
1506807,Santarém (PA),68 anos,1112
1506807,Santarém (PA),69 anos,921
1506807,Santarém (PA),70 anos,1102
1506807,Santarém (PA),71 anos,780
1506807,Santarém (PA),72 anos,741
1506807,Santarém (PA),73 anos,717
1506807,Santarém (PA),74 anos,769
1506807,Santarém (PA),75 anos,675
1506807,Santarém (PA),76 anos,646
1506807,Santarém (PA),77 anos,589
1506807,Santarém (PA),78 anos,562
1506807,Santarém (PA),79 anos,513
1506807,Santarém (PA),80 anos,508
1506807,Santarém (PA),81 anos,359
1506807,Santarém (PA),82 anos,341
1506807,Santarém (PA),83 anos,314
1506807,Santarém (PA),84 anos,272
1506807,Santarém (PA),85 anos,231
1506807,Santarém (PA),86 anos,195
1506807,Santarém (PA),87 anos,174
1506807,Santarém (PA),88 anos,137
1506807,Santarém (PA),89 anos,103
1506807,Santarém (PA),90 anos,98
1506807,Santarém (PA),91 anos,77
1506807,Santarém (PA),92 anos,55
1506807,Santarém (PA),93 anos,53
1506807,Santarém (PA),94 anos,33
1506807,Santarém (PA),95 anos,37
1506807,Santarém (PA),96 anos,19
1506807,Santarém (PA),97 anos,25
1506807,Santarém (PA),98 anos,15
1506807,Santarém (PA),99 anos,15
1506807,Santarém (PA),100 anos ou mais,26
1506906,Santarém Novo (PA),Total,6141
1506906,Santarém Novo (PA),Menos de 1 ano,111
1506906,Santarém Novo (PA),Menos de 1 mês,10
1506906,Santarém Novo (PA),1 mês,9
1506906,Santarém Novo (PA),2 meses,14
1506906,Santarém Novo (PA),3 meses,8
1506906,Santarém Novo (PA),4 meses,8
1506906,Santarém Novo (PA),5 meses,10
1506906,Santarém Novo (PA),6 meses,10
1506906,Santarém Novo (PA),7 meses,6
1506906,Santarém Novo (PA),8 meses,9
1506906,Santarém Novo (PA),9 meses,4
1506906,Santarém Novo (PA),10 meses,16
1506906,Santarém Novo (PA),11 meses,7
1506906,Santarém Novo (PA),1 ano,112
1506906,Santarém Novo (PA),2 anos,117
1506906,Santarém Novo (PA),3 anos,139
1506906,Santarém Novo (PA),4 anos,148
1506906,Santarém Novo (PA),5 anos,134
1506906,Santarém Novo (PA),6 anos,125
1506906,Santarém Novo (PA),7 anos,111
1506906,Santarém Novo (PA),8 anos,144
1506906,Santarém Novo (PA),9 anos,147
1506906,Santarém Novo (PA),10 anos,161
1506906,Santarém Novo (PA),11 anos,137
1506906,Santarém Novo (PA),12 anos,173
1506906,Santarém Novo (PA),13 anos,157
1506906,Santarém Novo (PA),14 anos,178
1506906,Santarém Novo (PA),15 anos,152
1506906,Santarém Novo (PA),16 anos,137
1506906,Santarém Novo (PA),17 anos,137
1506906,Santarém Novo (PA),18 anos,141
1506906,Santarém Novo (PA),19 anos,130
1506906,Santarém Novo (PA),20 anos,95
1506906,Santarém Novo (PA),21 anos,98
1506906,Santarém Novo (PA),22 anos,106
1506906,Santarém Novo (PA),23 anos,109
1506906,Santarém Novo (PA),24 anos,105
1506906,Santarém Novo (PA),25 anos,102
1506906,Santarém Novo (PA),26 anos,129
1506906,Santarém Novo (PA),27 anos,114
1506906,Santarém Novo (PA),28 anos,109
1506906,Santarém Novo (PA),29 anos,93
1506906,Santarém Novo (PA),30 anos,113
1506906,Santarém Novo (PA),31 anos,92
1506906,Santarém Novo (PA),32 anos,80
1506906,Santarém Novo (PA),33 anos,79
1506906,Santarém Novo (PA),34 anos,80
1506906,Santarém Novo (PA),35 anos,77
1506906,Santarém Novo (PA),36 anos,72
1506906,Santarém Novo (PA),37 anos,70
1506906,Santarém Novo (PA),38 anos,68
1506906,Santarém Novo (PA),39 anos,83
1506906,Santarém Novo (PA),40 anos,73
1506906,Santarém Novo (PA),41 anos,56
1506906,Santarém Novo (PA),42 anos,59
1506906,Santarém Novo (PA),43 anos,50
1506906,Santarém Novo (PA),44 anos,50
1506906,Santarém Novo (PA),45 anos,49
1506906,Santarém Novo (PA),46 anos,50
1506906,Santarém Novo (PA),47 anos,64
1506906,Santarém Novo (PA),48 anos,41
1506906,Santarém Novo (PA),49 anos,55
1506906,Santarém Novo (PA),50 anos,38
1506906,Santarém Novo (PA),51 anos,29
1506906,Santarém Novo (PA),52 anos,45
1506906,Santarém Novo (PA),53 anos,32
1506906,Santarém Novo (PA),54 anos,42
1506906,Santarém Novo (PA),55 anos,41
1506906,Santarém Novo (PA),56 anos,40
1506906,Santarém Novo (PA),57 anos,34
1506906,Santarém Novo (PA),58 anos,48
1506906,Santarém Novo (PA),59 anos,38
1506906,Santarém Novo (PA),60 anos,37
1506906,Santarém Novo (PA),61 anos,30
1506906,Santarém Novo (PA),62 anos,37
1506906,Santarém Novo (PA),63 anos,28
1506906,Santarém Novo (PA),64 anos,34
1506906,Santarém Novo (PA),65 anos,25
1506906,Santarém Novo (PA),66 anos,37
1506906,Santarém Novo (PA),67 anos,33
1506906,Santarém Novo (PA),68 anos,22
1506906,Santarém Novo (PA),69 anos,22
1506906,Santarém Novo (PA),70 anos,30
1506906,Santarém Novo (PA),71 anos,21
1506906,Santarém Novo (PA),72 anos,22
1506906,Santarém Novo (PA),73 anos,12
1506906,Santarém Novo (PA),74 anos,13
1506906,Santarém Novo (PA),75 anos,14
1506906,Santarém Novo (PA),76 anos,19
1506906,Santarém Novo (PA),77 anos,17
1506906,Santarém Novo (PA),78 anos,12
1506906,Santarém Novo (PA),79 anos,7
1506906,Santarém Novo (PA),80 anos,7
1506906,Santarém Novo (PA),81 anos,7
1506906,Santarém Novo (PA),82 anos,8
1506906,Santarém Novo (PA),83 anos,11
1506906,Santarém Novo (PA),84 anos,5
1506906,Santarém Novo (PA),85 anos,6
1506906,Santarém Novo (PA),86 anos,5
1506906,Santarém Novo (PA),87 anos,4
1506906,Santarém Novo (PA),88 anos,1
1506906,Santarém Novo (PA),89 anos,3
1506906,Santarém Novo (PA),90 anos,1
1506906,Santarém Novo (PA),91 anos,3
1506906,Santarém Novo (PA),92 anos,-
1506906,Santarém Novo (PA),93 anos,1
1506906,Santarém Novo (PA),94 anos,1
1506906,Santarém Novo (PA),95 anos,3
1506906,Santarém Novo (PA),96 anos,2
1506906,Santarém Novo (PA),97 anos,-
1506906,Santarém Novo (PA),98 anos,1
1506906,Santarém Novo (PA),99 anos,-
1506906,Santarém Novo (PA),100 anos ou mais,1
1507003,Santo Antônio do Tauá (PA),Total,26674
1507003,Santo Antônio do Tauá (PA),Menos de 1 ano,498
1507003,Santo Antônio do Tauá (PA),Menos de 1 mês,32
1507003,Santo Antônio do Tauá (PA),1 mês,29
1507003,Santo Antônio do Tauá (PA),2 meses,40
1507003,Santo Antônio do Tauá (PA),3 meses,41
1507003,Santo Antônio do Tauá (PA),4 meses,39
1507003,Santo Antônio do Tauá (PA),5 meses,53
1507003,Santo Antônio do Tauá (PA),6 meses,36
1507003,Santo Antônio do Tauá (PA),7 meses,54
1507003,Santo Antônio do Tauá (PA),8 meses,54
1507003,Santo Antônio do Tauá (PA),9 meses,40
1507003,Santo Antônio do Tauá (PA),10 meses,42
1507003,Santo Antônio do Tauá (PA),11 meses,38
1507003,Santo Antônio do Tauá (PA),1 ano,457
1507003,Santo Antônio do Tauá (PA),2 anos,543
1507003,Santo Antônio do Tauá (PA),3 anos,536
1507003,Santo Antônio do Tauá (PA),4 anos,522
1507003,Santo Antônio do Tauá (PA),5 anos,546
1507003,Santo Antônio do Tauá (PA),6 anos,493
1507003,Santo Antônio do Tauá (PA),7 anos,544
1507003,Santo Antônio do Tauá (PA),8 anos,548
1507003,Santo Antônio do Tauá (PA),9 anos,564
1507003,Santo Antônio do Tauá (PA),10 anos,596
1507003,Santo Antônio do Tauá (PA),11 anos,563
1507003,Santo Antônio do Tauá (PA),12 anos,593
1507003,Santo Antônio do Tauá (PA),13 anos,635
1507003,Santo Antônio do Tauá (PA),14 anos,663
1507003,Santo Antônio do Tauá (PA),15 anos,581
1507003,Santo Antônio do Tauá (PA),16 anos,620
1507003,Santo Antônio do Tauá (PA),17 anos,603
1507003,Santo Antônio do Tauá (PA),18 anos,589
1507003,Santo Antônio do Tauá (PA),19 anos,564
1507003,Santo Antônio do Tauá (PA),20 anos,530
1507003,Santo Antônio do Tauá (PA),21 anos,527
1507003,Santo Antônio do Tauá (PA),22 anos,494
1507003,Santo Antônio do Tauá (PA),23 anos,477
1507003,Santo Antônio do Tauá (PA),24 anos,499
1507003,Santo Antônio do Tauá (PA),25 anos,468
1507003,Santo Antônio do Tauá (PA),26 anos,459
1507003,Santo Antônio do Tauá (PA),27 anos,496
1507003,Santo Antônio do Tauá (PA),28 anos,460
1507003,Santo Antônio do Tauá (PA),29 anos,441
1507003,Santo Antônio do Tauá (PA),30 anos,466
1507003,Santo Antônio do Tauá (PA),31 anos,419
1507003,Santo Antônio do Tauá (PA),32 anos,418
1507003,Santo Antônio do Tauá (PA),33 anos,419
1507003,Santo Antônio do Tauá (PA),34 anos,410
1507003,Santo Antônio do Tauá (PA),35 anos,379
1507003,Santo Antônio do Tauá (PA),36 anos,352
1507003,Santo Antônio do Tauá (PA),37 anos,335
1507003,Santo Antônio do Tauá (PA),38 anos,312
1507003,Santo Antônio do Tauá (PA),39 anos,341
1507003,Santo Antônio do Tauá (PA),40 anos,298
1507003,Santo Antônio do Tauá (PA),41 anos,286
1507003,Santo Antônio do Tauá (PA),42 anos,273
1507003,Santo Antônio do Tauá (PA),43 anos,253
1507003,Santo Antônio do Tauá (PA),44 anos,272
1507003,Santo Antônio do Tauá (PA),45 anos,273
1507003,Santo Antônio do Tauá (PA),46 anos,236
1507003,Santo Antônio do Tauá (PA),47 anos,206
1507003,Santo Antônio do Tauá (PA),48 anos,237
1507003,Santo Antônio do Tauá (PA),49 anos,208
1507003,Santo Antônio do Tauá (PA),50 anos,220
1507003,Santo Antônio do Tauá (PA),51 anos,218
1507003,Santo Antônio do Tauá (PA),52 anos,208
1507003,Santo Antônio do Tauá (PA),53 anos,226
1507003,Santo Antônio do Tauá (PA),54 anos,183
1507003,Santo Antônio do Tauá (PA),55 anos,174
1507003,Santo Antônio do Tauá (PA),56 anos,191
1507003,Santo Antônio do Tauá (PA),57 anos,170
1507003,Santo Antônio do Tauá (PA),58 anos,171
1507003,Santo Antônio do Tauá (PA),59 anos,164
1507003,Santo Antônio do Tauá (PA),60 anos,157
1507003,Santo Antônio do Tauá (PA),61 anos,132
1507003,Santo Antônio do Tauá (PA),62 anos,139
1507003,Santo Antônio do Tauá (PA),63 anos,132
1507003,Santo Antônio do Tauá (PA),64 anos,137
1507003,Santo Antônio do Tauá (PA),65 anos,133
1507003,Santo Antônio do Tauá (PA),66 anos,126
1507003,Santo Antônio do Tauá (PA),67 anos,124
1507003,Santo Antônio do Tauá (PA),68 anos,139
1507003,Santo Antônio do Tauá (PA),69 anos,118
1507003,Santo Antônio do Tauá (PA),70 anos,100
1507003,Santo Antônio do Tauá (PA),71 anos,75
1507003,Santo Antônio do Tauá (PA),72 anos,65
1507003,Santo Antônio do Tauá (PA),73 anos,80
1507003,Santo Antônio do Tauá (PA),74 anos,67
1507003,Santo Antônio do Tauá (PA),75 anos,71
1507003,Santo Antônio do Tauá (PA),76 anos,51
1507003,Santo Antônio do Tauá (PA),77 anos,58
1507003,Santo Antônio do Tauá (PA),78 anos,48
1507003,Santo Antônio do Tauá (PA),79 anos,34
1507003,Santo Antônio do Tauá (PA),80 anos,33
1507003,Santo Antônio do Tauá (PA),81 anos,20
1507003,Santo Antônio do Tauá (PA),82 anos,36
1507003,Santo Antônio do Tauá (PA),83 anos,23
1507003,Santo Antônio do Tauá (PA),84 anos,21
1507003,Santo Antônio do Tauá (PA),85 anos,18
1507003,Santo Antônio do Tauá (PA),86 anos,13
1507003,Santo Antônio do Tauá (PA),87 anos,11
1507003,Santo Antônio do Tauá (PA),88 anos,10
1507003,Santo Antônio do Tauá (PA),89 anos,10
1507003,Santo Antônio do Tauá (PA),90 anos,8
1507003,Santo Antônio do Tauá (PA),91 anos,12
1507003,Santo Antônio do Tauá (PA),92 anos,7
1507003,Santo Antônio do Tauá (PA),93 anos,8
1507003,Santo Antônio do Tauá (PA),94 anos,13
1507003,Santo Antônio do Tauá (PA),95 anos,2
1507003,Santo Antônio do Tauá (PA),96 anos,7
1507003,Santo Antônio do Tauá (PA),97 anos,2
1507003,Santo Antônio do Tauá (PA),98 anos,2
1507003,Santo Antônio do Tauá (PA),99 anos,1
1507003,Santo Antônio do Tauá (PA),100 anos ou mais,4
1507102,São Caetano de Odivelas (PA),Total,16891
1507102,São Caetano de Odivelas (PA),Menos de 1 ano,307
1507102,São Caetano de Odivelas (PA),Menos de 1 mês,24
1507102,São Caetano de Odivelas (PA),1 mês,18
1507102,São Caetano de Odivelas (PA),2 meses,19
1507102,São Caetano de Odivelas (PA),3 meses,24
1507102,São Caetano de Odivelas (PA),4 meses,29
1507102,São Caetano de Odivelas (PA),5 meses,27
1507102,São Caetano de Odivelas (PA),6 meses,26
1507102,São Caetano de Odivelas (PA),7 meses,34
1507102,São Caetano de Odivelas (PA),8 meses,27
1507102,São Caetano de Odivelas (PA),9 meses,28
1507102,São Caetano de Odivelas (PA),10 meses,28
1507102,São Caetano de Odivelas (PA),11 meses,23
1507102,São Caetano de Odivelas (PA),1 ano,297
1507102,São Caetano de Odivelas (PA),2 anos,293
1507102,São Caetano de Odivelas (PA),3 anos,334
1507102,São Caetano de Odivelas (PA),4 anos,324
1507102,São Caetano de Odivelas (PA),5 anos,332
1507102,São Caetano de Odivelas (PA),6 anos,367
1507102,São Caetano de Odivelas (PA),7 anos,321
1507102,São Caetano de Odivelas (PA),8 anos,344
1507102,São Caetano de Odivelas (PA),9 anos,378
1507102,São Caetano de Odivelas (PA),10 anos,402
1507102,São Caetano de Odivelas (PA),11 anos,367
1507102,São Caetano de Odivelas (PA),12 anos,368
1507102,São Caetano de Odivelas (PA),13 anos,397
1507102,São Caetano de Odivelas (PA),14 anos,409
1507102,São Caetano de Odivelas (PA),15 anos,391
1507102,São Caetano de Odivelas (PA),16 anos,411
1507102,São Caetano de Odivelas (PA),17 anos,386
1507102,São Caetano de Odivelas (PA),18 anos,349
1507102,São Caetano de Odivelas (PA),19 anos,318
1507102,São Caetano de Odivelas (PA),20 anos,354
1507102,São Caetano de Odivelas (PA),21 anos,316
1507102,São Caetano de Odivelas (PA),22 anos,303
1507102,São Caetano de Odivelas (PA),23 anos,302
1507102,São Caetano de Odivelas (PA),24 anos,318
1507102,São Caetano de Odivelas (PA),25 anos,328
1507102,São Caetano de Odivelas (PA),26 anos,277
1507102,São Caetano de Odivelas (PA),27 anos,283
1507102,São Caetano de Odivelas (PA),28 anos,286
1507102,São Caetano de Odivelas (PA),29 anos,271
1507102,São Caetano de Odivelas (PA),30 anos,252
1507102,São Caetano de Odivelas (PA),31 anos,260
1507102,São Caetano de Odivelas (PA),32 anos,246
1507102,São Caetano de Odivelas (PA),33 anos,215
1507102,São Caetano de Odivelas (PA),34 anos,237
1507102,São Caetano de Odivelas (PA),35 anos,237
1507102,São Caetano de Odivelas (PA),36 anos,225
1507102,São Caetano de Odivelas (PA),37 anos,204
1507102,São Caetano de Odivelas (PA),38 anos,196
1507102,São Caetano de Odivelas (PA),39 anos,197
1507102,São Caetano de Odivelas (PA),40 anos,207
1507102,São Caetano de Odivelas (PA),41 anos,182
1507102,São Caetano de Odivelas (PA),42 anos,179
1507102,São Caetano de Odivelas (PA),43 anos,166
1507102,São Caetano de Odivelas (PA),44 anos,151
1507102,São Caetano de Odivelas (PA),45 anos,151
1507102,São Caetano de Odivelas (PA),46 anos,154
1507102,São Caetano de Odivelas (PA),47 anos,163
1507102,São Caetano de Odivelas (PA),48 anos,143
1507102,São Caetano de Odivelas (PA),49 anos,125
1507102,São Caetano de Odivelas (PA),50 anos,137
1507102,São Caetano de Odivelas (PA),51 anos,121
1507102,São Caetano de Odivelas (PA),52 anos,129
1507102,São Caetano de Odivelas (PA),53 anos,128
1507102,São Caetano de Odivelas (PA),54 anos,146
1507102,São Caetano de Odivelas (PA),55 anos,131
1507102,São Caetano de Odivelas (PA),56 anos,153
1507102,São Caetano de Odivelas (PA),57 anos,122
1507102,São Caetano de Odivelas (PA),58 anos,122
1507102,São Caetano de Odivelas (PA),59 anos,90
1507102,São Caetano de Odivelas (PA),60 anos,95
1507102,São Caetano de Odivelas (PA),61 anos,86
1507102,São Caetano de Odivelas (PA),62 anos,89
1507102,São Caetano de Odivelas (PA),63 anos,90
1507102,São Caetano de Odivelas (PA),64 anos,96
1507102,São Caetano de Odivelas (PA),65 anos,85
1507102,São Caetano de Odivelas (PA),66 anos,100
1507102,São Caetano de Odivelas (PA),67 anos,72
1507102,São Caetano de Odivelas (PA),68 anos,92
1507102,São Caetano de Odivelas (PA),69 anos,57
1507102,São Caetano de Odivelas (PA),70 anos,97
1507102,São Caetano de Odivelas (PA),71 anos,62
1507102,São Caetano de Odivelas (PA),72 anos,53
1507102,São Caetano de Odivelas (PA),73 anos,52
1507102,São Caetano de Odivelas (PA),74 anos,79
1507102,São Caetano de Odivelas (PA),75 anos,45
1507102,São Caetano de Odivelas (PA),76 anos,38
1507102,São Caetano de Odivelas (PA),77 anos,30
1507102,São Caetano de Odivelas (PA),78 anos,46
1507102,São Caetano de Odivelas (PA),79 anos,40
1507102,São Caetano de Odivelas (PA),80 anos,37
1507102,São Caetano de Odivelas (PA),81 anos,19
1507102,São Caetano de Odivelas (PA),82 anos,25
1507102,São Caetano de Odivelas (PA),83 anos,16
1507102,São Caetano de Odivelas (PA),84 anos,13
1507102,São Caetano de Odivelas (PA),85 anos,15
1507102,São Caetano de Odivelas (PA),86 anos,4
1507102,São Caetano de Odivelas (PA),87 anos,8
1507102,São Caetano de Odivelas (PA),88 anos,7
1507102,São Caetano de Odivelas (PA),89 anos,4
1507102,São Caetano de Odivelas (PA),90 anos,6
1507102,São Caetano de Odivelas (PA),91 anos,5
1507102,São Caetano de Odivelas (PA),92 anos,6
1507102,São Caetano de Odivelas (PA),93 anos,7
1507102,São Caetano de Odivelas (PA),94 anos,3
1507102,São Caetano de Odivelas (PA),95 anos,2
1507102,São Caetano de Odivelas (PA),96 anos,1
1507102,São Caetano de Odivelas (PA),97 anos,2
1507102,São Caetano de Odivelas (PA),98 anos,-
1507102,São Caetano de Odivelas (PA),99 anos,-
1507102,São Caetano de Odivelas (PA),100 anos ou mais,5
1507151,São Domingos do Araguaia (PA),Total,23130
1507151,São Domingos do Araguaia (PA),Menos de 1 ano,459
1507151,São Domingos do Araguaia (PA),Menos de 1 mês,50
1507151,São Domingos do Araguaia (PA),1 mês,34
1507151,São Domingos do Araguaia (PA),2 meses,41
1507151,São Domingos do Araguaia (PA),3 meses,30
1507151,São Domingos do Araguaia (PA),4 meses,37
1507151,São Domingos do Araguaia (PA),5 meses,41
1507151,São Domingos do Araguaia (PA),6 meses,30
1507151,São Domingos do Araguaia (PA),7 meses,43
1507151,São Domingos do Araguaia (PA),8 meses,42
1507151,São Domingos do Araguaia (PA),9 meses,39
1507151,São Domingos do Araguaia (PA),10 meses,50
1507151,São Domingos do Araguaia (PA),11 meses,22
1507151,São Domingos do Araguaia (PA),1 ano,480
1507151,São Domingos do Araguaia (PA),2 anos,457
1507151,São Domingos do Araguaia (PA),3 anos,498
1507151,São Domingos do Araguaia (PA),4 anos,473
1507151,São Domingos do Araguaia (PA),5 anos,510
1507151,São Domingos do Araguaia (PA),6 anos,492
1507151,São Domingos do Araguaia (PA),7 anos,557
1507151,São Domingos do Araguaia (PA),8 anos,496
1507151,São Domingos do Araguaia (PA),9 anos,538
1507151,São Domingos do Araguaia (PA),10 anos,559
1507151,São Domingos do Araguaia (PA),11 anos,540
1507151,São Domingos do Araguaia (PA),12 anos,529
1507151,São Domingos do Araguaia (PA),13 anos,538
1507151,São Domingos do Araguaia (PA),14 anos,598
1507151,São Domingos do Araguaia (PA),15 anos,575
1507151,São Domingos do Araguaia (PA),16 anos,535
1507151,São Domingos do Araguaia (PA),17 anos,501
1507151,São Domingos do Araguaia (PA),18 anos,501
1507151,São Domingos do Araguaia (PA),19 anos,443
1507151,São Domingos do Araguaia (PA),20 anos,433
1507151,São Domingos do Araguaia (PA),21 anos,370
1507151,São Domingos do Araguaia (PA),22 anos,457
1507151,São Domingos do Araguaia (PA),23 anos,390
1507151,São Domingos do Araguaia (PA),24 anos,405
1507151,São Domingos do Araguaia (PA),25 anos,412
1507151,São Domingos do Araguaia (PA),26 anos,406
1507151,São Domingos do Araguaia (PA),27 anos,407
1507151,São Domingos do Araguaia (PA),28 anos,340
1507151,São Domingos do Araguaia (PA),29 anos,363
1507151,São Domingos do Araguaia (PA),30 anos,397
1507151,São Domingos do Araguaia (PA),31 anos,348
1507151,São Domingos do Araguaia (PA),32 anos,342
1507151,São Domingos do Araguaia (PA),33 anos,375
1507151,São Domingos do Araguaia (PA),34 anos,299
1507151,São Domingos do Araguaia (PA),35 anos,314
1507151,São Domingos do Araguaia (PA),36 anos,294
1507151,São Domingos do Araguaia (PA),37 anos,273
1507151,São Domingos do Araguaia (PA),38 anos,238
1507151,São Domingos do Araguaia (PA),39 anos,260
1507151,São Domingos do Araguaia (PA),40 anos,227
1507151,São Domingos do Araguaia (PA),41 anos,234
1507151,São Domingos do Araguaia (PA),42 anos,266
1507151,São Domingos do Araguaia (PA),43 anos,251
1507151,São Domingos do Araguaia (PA),44 anos,189
1507151,São Domingos do Araguaia (PA),45 anos,197
1507151,São Domingos do Araguaia (PA),46 anos,239
1507151,São Domingos do Araguaia (PA),47 anos,198
1507151,São Domingos do Araguaia (PA),48 anos,181
1507151,São Domingos do Araguaia (PA),49 anos,176
1507151,São Domingos do Araguaia (PA),50 anos,197
1507151,São Domingos do Araguaia (PA),51 anos,168
1507151,São Domingos do Araguaia (PA),52 anos,133
1507151,São Domingos do Araguaia (PA),53 anos,157
1507151,São Domingos do Araguaia (PA),54 anos,135
1507151,São Domingos do Araguaia (PA),55 anos,190
1507151,São Domingos do Araguaia (PA),56 anos,161
1507151,São Domingos do Araguaia (PA),57 anos,139
1507151,São Domingos do Araguaia (PA),58 anos,146
1507151,São Domingos do Araguaia (PA),59 anos,134
1507151,São Domingos do Araguaia (PA),60 anos,130
1507151,São Domingos do Araguaia (PA),61 anos,116
1507151,São Domingos do Araguaia (PA),62 anos,134
1507151,São Domingos do Araguaia (PA),63 anos,136
1507151,São Domingos do Araguaia (PA),64 anos,114
1507151,São Domingos do Araguaia (PA),65 anos,106
1507151,São Domingos do Araguaia (PA),66 anos,115
1507151,São Domingos do Araguaia (PA),67 anos,101
1507151,São Domingos do Araguaia (PA),68 anos,74
1507151,São Domingos do Araguaia (PA),69 anos,84
1507151,São Domingos do Araguaia (PA),70 anos,101
1507151,São Domingos do Araguaia (PA),71 anos,71
1507151,São Domingos do Araguaia (PA),72 anos,88
1507151,São Domingos do Araguaia (PA),73 anos,83
1507151,São Domingos do Araguaia (PA),74 anos,82
1507151,São Domingos do Araguaia (PA),75 anos,47
1507151,São Domingos do Araguaia (PA),76 anos,57
1507151,São Domingos do Araguaia (PA),77 anos,56
1507151,São Domingos do Araguaia (PA),78 anos,48
1507151,São Domingos do Araguaia (PA),79 anos,37
1507151,São Domingos do Araguaia (PA),80 anos,37
1507151,São Domingos do Araguaia (PA),81 anos,28
1507151,São Domingos do Araguaia (PA),82 anos,22
1507151,São Domingos do Araguaia (PA),83 anos,23
1507151,São Domingos do Araguaia (PA),84 anos,21
1507151,São Domingos do Araguaia (PA),85 anos,18
1507151,São Domingos do Araguaia (PA),86 anos,18
1507151,São Domingos do Araguaia (PA),87 anos,13
1507151,São Domingos do Araguaia (PA),88 anos,12
1507151,São Domingos do Araguaia (PA),89 anos,4
1507151,São Domingos do Araguaia (PA),90 anos,9
1507151,São Domingos do Araguaia (PA),91 anos,5
1507151,São Domingos do Araguaia (PA),92 anos,5
1507151,São Domingos do Araguaia (PA),93 anos,1
1507151,São Domingos do Araguaia (PA),94 anos,4
1507151,São Domingos do Araguaia (PA),95 anos,4
1507151,São Domingos do Araguaia (PA),96 anos,2
1507151,São Domingos do Araguaia (PA),97 anos,1
1507151,São Domingos do Araguaia (PA),98 anos,1
1507151,São Domingos do Araguaia (PA),99 anos,-
1507151,São Domingos do Araguaia (PA),100 anos ou mais,2
1507201,São Domingos do Capim (PA),Total,29846
1507201,São Domingos do Capim (PA),Menos de 1 ano,754
1507201,São Domingos do Capim (PA),Menos de 1 mês,66
1507201,São Domingos do Capim (PA),1 mês,68
1507201,São Domingos do Capim (PA),2 meses,59
1507201,São Domingos do Capim (PA),3 meses,50
1507201,São Domingos do Capim (PA),4 meses,53
1507201,São Domingos do Capim (PA),5 meses,47
1507201,São Domingos do Capim (PA),6 meses,45
1507201,São Domingos do Capim (PA),7 meses,75
1507201,São Domingos do Capim (PA),8 meses,70
1507201,São Domingos do Capim (PA),9 meses,87
1507201,São Domingos do Capim (PA),10 meses,63
1507201,São Domingos do Capim (PA),11 meses,71
1507201,São Domingos do Capim (PA),1 ano,727
1507201,São Domingos do Capim (PA),2 anos,816
1507201,São Domingos do Capim (PA),3 anos,763
1507201,São Domingos do Capim (PA),4 anos,833
1507201,São Domingos do Capim (PA),5 anos,765
1507201,São Domingos do Capim (PA),6 anos,780
1507201,São Domingos do Capim (PA),7 anos,799
1507201,São Domingos do Capim (PA),8 anos,768
1507201,São Domingos do Capim (PA),9 anos,745
1507201,São Domingos do Capim (PA),10 anos,886
1507201,São Domingos do Capim (PA),11 anos,778
1507201,São Domingos do Capim (PA),12 anos,724
1507201,São Domingos do Capim (PA),13 anos,832
1507201,São Domingos do Capim (PA),14 anos,791
1507201,São Domingos do Capim (PA),15 anos,759
1507201,São Domingos do Capim (PA),16 anos,695
1507201,São Domingos do Capim (PA),17 anos,695
1507201,São Domingos do Capim (PA),18 anos,659
1507201,São Domingos do Capim (PA),19 anos,513
1507201,São Domingos do Capim (PA),20 anos,569
1507201,São Domingos do Capim (PA),21 anos,559
1507201,São Domingos do Capim (PA),22 anos,547
1507201,São Domingos do Capim (PA),23 anos,514
1507201,São Domingos do Capim (PA),24 anos,512
1507201,São Domingos do Capim (PA),25 anos,482
1507201,São Domingos do Capim (PA),26 anos,499
1507201,São Domingos do Capim (PA),27 anos,481
1507201,São Domingos do Capim (PA),28 anos,474
1507201,São Domingos do Capim (PA),29 anos,396
1507201,São Domingos do Capim (PA),30 anos,443
1507201,São Domingos do Capim (PA),31 anos,384
1507201,São Domingos do Capim (PA),32 anos,397
1507201,São Domingos do Capim (PA),33 anos,429
1507201,São Domingos do Capim (PA),34 anos,376
1507201,São Domingos do Capim (PA),35 anos,374
1507201,São Domingos do Capim (PA),36 anos,319
1507201,São Domingos do Capim (PA),37 anos,350
1507201,São Domingos do Capim (PA),38 anos,308
1507201,São Domingos do Capim (PA),39 anos,299
1507201,São Domingos do Capim (PA),40 anos,290
1507201,São Domingos do Capim (PA),41 anos,265
1507201,São Domingos do Capim (PA),42 anos,258
1507201,São Domingos do Capim (PA),43 anos,267
1507201,São Domingos do Capim (PA),44 anos,263
1507201,São Domingos do Capim (PA),45 anos,200
1507201,São Domingos do Capim (PA),46 anos,214
1507201,São Domingos do Capim (PA),47 anos,216
1507201,São Domingos do Capim (PA),48 anos,185
1507201,São Domingos do Capim (PA),49 anos,180
1507201,São Domingos do Capim (PA),50 anos,155
1507201,São Domingos do Capim (PA),51 anos,163
1507201,São Domingos do Capim (PA),52 anos,172
1507201,São Domingos do Capim (PA),53 anos,160
1507201,São Domingos do Capim (PA),54 anos,175
1507201,São Domingos do Capim (PA),55 anos,187
1507201,São Domingos do Capim (PA),56 anos,147
1507201,São Domingos do Capim (PA),57 anos,141
1507201,São Domingos do Capim (PA),58 anos,162
1507201,São Domingos do Capim (PA),59 anos,161
1507201,São Domingos do Capim (PA),60 anos,157
1507201,São Domingos do Capim (PA),61 anos,115
1507201,São Domingos do Capim (PA),62 anos,125
1507201,São Domingos do Capim (PA),63 anos,122
1507201,São Domingos do Capim (PA),64 anos,138
1507201,São Domingos do Capim (PA),65 anos,127
1507201,São Domingos do Capim (PA),66 anos,137
1507201,São Domingos do Capim (PA),67 anos,104
1507201,São Domingos do Capim (PA),68 anos,104
1507201,São Domingos do Capim (PA),69 anos,108
1507201,São Domingos do Capim (PA),70 anos,81
1507201,São Domingos do Capim (PA),71 anos,79
1507201,São Domingos do Capim (PA),72 anos,79
1507201,São Domingos do Capim (PA),73 anos,59
1507201,São Domingos do Capim (PA),74 anos,65
1507201,São Domingos do Capim (PA),75 anos,41
1507201,São Domingos do Capim (PA),76 anos,33
1507201,São Domingos do Capim (PA),77 anos,44
1507201,São Domingos do Capim (PA),78 anos,56
1507201,São Domingos do Capim (PA),79 anos,34
1507201,São Domingos do Capim (PA),80 anos,36
1507201,São Domingos do Capim (PA),81 anos,34
1507201,São Domingos do Capim (PA),82 anos,32
1507201,São Domingos do Capim (PA),83 anos,18
1507201,São Domingos do Capim (PA),84 anos,23
1507201,São Domingos do Capim (PA),85 anos,10
1507201,São Domingos do Capim (PA),86 anos,23
1507201,São Domingos do Capim (PA),87 anos,10
1507201,São Domingos do Capim (PA),88 anos,21
1507201,São Domingos do Capim (PA),89 anos,13
1507201,São Domingos do Capim (PA),90 anos,15
1507201,São Domingos do Capim (PA),91 anos,7
1507201,São Domingos do Capim (PA),92 anos,10
1507201,São Domingos do Capim (PA),93 anos,6
1507201,São Domingos do Capim (PA),94 anos,5
1507201,São Domingos do Capim (PA),95 anos,9
1507201,São Domingos do Capim (PA),96 anos,1
1507201,São Domingos do Capim (PA),97 anos,3
1507201,São Domingos do Capim (PA),98 anos,3
1507201,São Domingos do Capim (PA),99 anos,-
1507201,São Domingos do Capim (PA),100 anos ou mais,4
1507300,São Félix do Xingu (PA),Total,91340
1507300,São Félix do Xingu (PA),Menos de 1 ano,1400
1507300,São Félix do Xingu (PA),Menos de 1 mês,85
1507300,São Félix do Xingu (PA),1 mês,77
1507300,São Félix do Xingu (PA),2 meses,98
1507300,São Félix do Xingu (PA),3 meses,106
1507300,São Félix do Xingu (PA),4 meses,119
1507300,São Félix do Xingu (PA),5 meses,88
1507300,São Félix do Xingu (PA),6 meses,119
1507300,São Félix do Xingu (PA),7 meses,154
1507300,São Félix do Xingu (PA),8 meses,144
1507300,São Félix do Xingu (PA),9 meses,134
1507300,São Félix do Xingu (PA),10 meses,141
1507300,São Félix do Xingu (PA),11 meses,135
1507300,São Félix do Xingu (PA),1 ano,1517
1507300,São Félix do Xingu (PA),2 anos,1490
1507300,São Félix do Xingu (PA),3 anos,1616
1507300,São Félix do Xingu (PA),4 anos,1834
1507300,São Félix do Xingu (PA),5 anos,1784
1507300,São Félix do Xingu (PA),6 anos,1751
1507300,São Félix do Xingu (PA),7 anos,1922
1507300,São Félix do Xingu (PA),8 anos,1967
1507300,São Félix do Xingu (PA),9 anos,2086
1507300,São Félix do Xingu (PA),10 anos,2340
1507300,São Félix do Xingu (PA),11 anos,2064
1507300,São Félix do Xingu (PA),12 anos,1867
1507300,São Félix do Xingu (PA),13 anos,1637
1507300,São Félix do Xingu (PA),14 anos,1832
1507300,São Félix do Xingu (PA),15 anos,1834
1507300,São Félix do Xingu (PA),16 anos,1617
1507300,São Félix do Xingu (PA),17 anos,1676
1507300,São Félix do Xingu (PA),18 anos,1714
1507300,São Félix do Xingu (PA),19 anos,1935
1507300,São Félix do Xingu (PA),20 anos,2199
1507300,São Félix do Xingu (PA),21 anos,1991
1507300,São Félix do Xingu (PA),22 anos,1760
1507300,São Félix do Xingu (PA),23 anos,1850
1507300,São Félix do Xingu (PA),24 anos,2120
1507300,São Félix do Xingu (PA),25 anos,2039
1507300,São Félix do Xingu (PA),26 anos,1627
1507300,São Félix do Xingu (PA),27 anos,1898
1507300,São Félix do Xingu (PA),28 anos,1877
1507300,São Félix do Xingu (PA),29 anos,2131
1507300,São Félix do Xingu (PA),30 anos,2659
1507300,São Félix do Xingu (PA),31 anos,1880
1507300,São Félix do Xingu (PA),32 anos,1802
1507300,São Félix do Xingu (PA),33 anos,1235
1507300,São Félix do Xingu (PA),34 anos,1620
1507300,São Félix do Xingu (PA),35 anos,1752
1507300,São Félix do Xingu (PA),36 anos,1277
1507300,São Félix do Xingu (PA),37 anos,1391
1507300,São Félix do Xingu (PA),38 anos,1338
1507300,São Félix do Xingu (PA),39 anos,1527
1507300,São Félix do Xingu (PA),40 anos,1809
1507300,São Félix do Xingu (PA),41 anos,1342
1507300,São Félix do Xingu (PA),42 anos,1215
1507300,São Félix do Xingu (PA),43 anos,760
1507300,São Félix do Xingu (PA),44 anos,928
1507300,São Félix do Xingu (PA),45 anos,1109
1507300,São Félix do Xingu (PA),46 anos,701
1507300,São Félix do Xingu (PA),47 anos,828
1507300,São Félix do Xingu (PA),48 anos,720
1507300,São Félix do Xingu (PA),49 anos,788
1507300,São Félix do Xingu (PA),50 anos,933
1507300,São Félix do Xingu (PA),51 anos,706
1507300,São Félix do Xingu (PA),52 anos,607
1507300,São Félix do Xingu (PA),53 anos,512
1507300,São Félix do Xingu (PA),54 anos,547
1507300,São Félix do Xingu (PA),55 anos,487
1507300,São Félix do Xingu (PA),56 anos,442
1507300,São Félix do Xingu (PA),57 anos,436
1507300,São Félix do Xingu (PA),58 anos,401
1507300,São Félix do Xingu (PA),59 anos,426
1507300,São Félix do Xingu (PA),60 anos,494
1507300,São Félix do Xingu (PA),61 anos,326
1507300,São Félix do Xingu (PA),62 anos,324
1507300,São Félix do Xingu (PA),63 anos,239
1507300,São Félix do Xingu (PA),64 anos,251
1507300,São Félix do Xingu (PA),65 anos,315
1507300,São Félix do Xingu (PA),66 anos,192
1507300,São Félix do Xingu (PA),67 anos,182
1507300,São Félix do Xingu (PA),68 anos,196
1507300,São Félix do Xingu (PA),69 anos,146
1507300,São Félix do Xingu (PA),70 anos,195
1507300,São Félix do Xingu (PA),71 anos,109
1507300,São Félix do Xingu (PA),72 anos,112
1507300,São Félix do Xingu (PA),73 anos,99
1507300,São Félix do Xingu (PA),74 anos,90
1507300,São Félix do Xingu (PA),75 anos,81
1507300,São Félix do Xingu (PA),76 anos,60
1507300,São Félix do Xingu (PA),77 anos,63
1507300,São Félix do Xingu (PA),78 anos,61
1507300,São Félix do Xingu (PA),79 anos,61
1507300,São Félix do Xingu (PA),80 anos,39
1507300,São Félix do Xingu (PA),81 anos,20
1507300,São Félix do Xingu (PA),82 anos,24
1507300,São Félix do Xingu (PA),83 anos,19
1507300,São Félix do Xingu (PA),84 anos,20
1507300,São Félix do Xingu (PA),85 anos,14
1507300,São Félix do Xingu (PA),86 anos,8
1507300,São Félix do Xingu (PA),87 anos,10
1507300,São Félix do Xingu (PA),88 anos,4
1507300,São Félix do Xingu (PA),89 anos,8
1507300,São Félix do Xingu (PA),90 anos,7
1507300,São Félix do Xingu (PA),91 anos,3
1507300,São Félix do Xingu (PA),92 anos,2
1507300,São Félix do Xingu (PA),93 anos,3
1507300,São Félix do Xingu (PA),94 anos,2
1507300,São Félix do Xingu (PA),95 anos,2
1507300,São Félix do Xingu (PA),96 anos,-
1507300,São Félix do Xingu (PA),97 anos,-
1507300,São Félix do Xingu (PA),98 anos,-
1507300,São Félix do Xingu (PA),99 anos,2
1507300,São Félix do Xingu (PA),100 anos ou mais,4
1507409,São Francisco do Pará (PA),Total,15060
1507409,São Francisco do Pará (PA),Menos de 1 ano,256
1507409,São Francisco do Pará (PA),Menos de 1 mês,24
1507409,São Francisco do Pará (PA),1 mês,13
1507409,São Francisco do Pará (PA),2 meses,22
1507409,São Francisco do Pará (PA),3 meses,21
1507409,São Francisco do Pará (PA),4 meses,22
1507409,São Francisco do Pará (PA),5 meses,25
1507409,São Francisco do Pará (PA),6 meses,14
1507409,São Francisco do Pará (PA),7 meses,21
1507409,São Francisco do Pará (PA),8 meses,22
1507409,São Francisco do Pará (PA),9 meses,25
1507409,São Francisco do Pará (PA),10 meses,28
1507409,São Francisco do Pará (PA),11 meses,19
1507409,São Francisco do Pará (PA),1 ano,237
1507409,São Francisco do Pará (PA),2 anos,267
1507409,São Francisco do Pará (PA),3 anos,228
1507409,São Francisco do Pará (PA),4 anos,291
1507409,São Francisco do Pará (PA),5 anos,271
1507409,São Francisco do Pará (PA),6 anos,273
1507409,São Francisco do Pará (PA),7 anos,275
1507409,São Francisco do Pará (PA),8 anos,313
1507409,São Francisco do Pará (PA),9 anos,317
1507409,São Francisco do Pará (PA),10 anos,312
1507409,São Francisco do Pará (PA),11 anos,311
1507409,São Francisco do Pará (PA),12 anos,358
1507409,São Francisco do Pará (PA),13 anos,313
1507409,São Francisco do Pará (PA),14 anos,331
1507409,São Francisco do Pará (PA),15 anos,344
1507409,São Francisco do Pará (PA),16 anos,332
1507409,São Francisco do Pará (PA),17 anos,297
1507409,São Francisco do Pará (PA),18 anos,306
1507409,São Francisco do Pará (PA),19 anos,295
1507409,São Francisco do Pará (PA),20 anos,307
1507409,São Francisco do Pará (PA),21 anos,288
1507409,São Francisco do Pará (PA),22 anos,314
1507409,São Francisco do Pará (PA),23 anos,265
1507409,São Francisco do Pará (PA),24 anos,247
1507409,São Francisco do Pará (PA),25 anos,283
1507409,São Francisco do Pará (PA),26 anos,258
1507409,São Francisco do Pará (PA),27 anos,309
1507409,São Francisco do Pará (PA),28 anos,271
1507409,São Francisco do Pará (PA),29 anos,230
1507409,São Francisco do Pará (PA),30 anos,240
1507409,São Francisco do Pará (PA),31 anos,277
1507409,São Francisco do Pará (PA),32 anos,243
1507409,São Francisco do Pará (PA),33 anos,251
1507409,São Francisco do Pará (PA),34 anos,197
1507409,São Francisco do Pará (PA),35 anos,207
1507409,São Francisco do Pará (PA),36 anos,171
1507409,São Francisco do Pará (PA),37 anos,174
1507409,São Francisco do Pará (PA),38 anos,175
1507409,São Francisco do Pará (PA),39 anos,187
1507409,São Francisco do Pará (PA),40 anos,158
1507409,São Francisco do Pará (PA),41 anos,179
1507409,São Francisco do Pará (PA),42 anos,171
1507409,São Francisco do Pará (PA),43 anos,168
1507409,São Francisco do Pará (PA),44 anos,146
1507409,São Francisco do Pará (PA),45 anos,155
1507409,São Francisco do Pará (PA),46 anos,157
1507409,São Francisco do Pará (PA),47 anos,157
1507409,São Francisco do Pará (PA),48 anos,144
1507409,São Francisco do Pará (PA),49 anos,144
1507409,São Francisco do Pará (PA),50 anos,137
1507409,São Francisco do Pará (PA),51 anos,118
1507409,São Francisco do Pará (PA),52 anos,134
1507409,São Francisco do Pará (PA),53 anos,112
1507409,São Francisco do Pará (PA),54 anos,118
1507409,São Francisco do Pará (PA),55 anos,140
1507409,São Francisco do Pará (PA),56 anos,153
1507409,São Francisco do Pará (PA),57 anos,110
1507409,São Francisco do Pará (PA),58 anos,97
1507409,São Francisco do Pará (PA),59 anos,92
1507409,São Francisco do Pará (PA),60 anos,104
1507409,São Francisco do Pará (PA),61 anos,68
1507409,São Francisco do Pará (PA),62 anos,102
1507409,São Francisco do Pará (PA),63 anos,69
1507409,São Francisco do Pará (PA),64 anos,65
1507409,São Francisco do Pará (PA),65 anos,79
1507409,São Francisco do Pará (PA),66 anos,90
1507409,São Francisco do Pará (PA),67 anos,66
1507409,São Francisco do Pará (PA),68 anos,69
1507409,São Francisco do Pará (PA),69 anos,78
1507409,São Francisco do Pará (PA),70 anos,70
1507409,São Francisco do Pará (PA),71 anos,63
1507409,São Francisco do Pará (PA),72 anos,53
1507409,São Francisco do Pará (PA),73 anos,39
1507409,São Francisco do Pará (PA),74 anos,61
1507409,São Francisco do Pará (PA),75 anos,41
1507409,São Francisco do Pará (PA),76 anos,33
1507409,São Francisco do Pará (PA),77 anos,33
1507409,São Francisco do Pará (PA),78 anos,30
1507409,São Francisco do Pará (PA),79 anos,32
1507409,São Francisco do Pará (PA),80 anos,24
1507409,São Francisco do Pará (PA),81 anos,32
1507409,São Francisco do Pará (PA),82 anos,17
1507409,São Francisco do Pará (PA),83 anos,23
1507409,São Francisco do Pará (PA),84 anos,20
1507409,São Francisco do Pará (PA),85 anos,21
1507409,São Francisco do Pará (PA),86 anos,12
1507409,São Francisco do Pará (PA),87 anos,7
1507409,São Francisco do Pará (PA),88 anos,8
1507409,São Francisco do Pará (PA),89 anos,5
1507409,São Francisco do Pará (PA),90 anos,8
1507409,São Francisco do Pará (PA),91 anos,2
1507409,São Francisco do Pará (PA),92 anos,3
1507409,São Francisco do Pará (PA),93 anos,8
1507409,São Francisco do Pará (PA),94 anos,2
1507409,São Francisco do Pará (PA),95 anos,4
1507409,São Francisco do Pará (PA),96 anos,1
1507409,São Francisco do Pará (PA),97 anos,1
1507409,São Francisco do Pará (PA),98 anos,1
1507409,São Francisco do Pará (PA),99 anos,2
1507409,São Francisco do Pará (PA),100 anos ou mais,3
1507458,São Geraldo do Araguaia (PA),Total,25587
1507458,São Geraldo do Araguaia (PA),Menos de 1 ano,460
1507458,São Geraldo do Araguaia (PA),Menos de 1 mês,33
1507458,São Geraldo do Araguaia (PA),1 mês,42
1507458,São Geraldo do Araguaia (PA),2 meses,41
1507458,São Geraldo do Araguaia (PA),3 meses,40
1507458,São Geraldo do Araguaia (PA),4 meses,25
1507458,São Geraldo do Araguaia (PA),5 meses,36
1507458,São Geraldo do Araguaia (PA),6 meses,40
1507458,São Geraldo do Araguaia (PA),7 meses,37
1507458,São Geraldo do Araguaia (PA),8 meses,43
1507458,São Geraldo do Araguaia (PA),9 meses,42
1507458,São Geraldo do Araguaia (PA),10 meses,40
1507458,São Geraldo do Araguaia (PA),11 meses,41
1507458,São Geraldo do Araguaia (PA),1 ano,486
1507458,São Geraldo do Araguaia (PA),2 anos,506
1507458,São Geraldo do Araguaia (PA),3 anos,514
1507458,São Geraldo do Araguaia (PA),4 anos,510
1507458,São Geraldo do Araguaia (PA),5 anos,529
1507458,São Geraldo do Araguaia (PA),6 anos,505
1507458,São Geraldo do Araguaia (PA),7 anos,528
1507458,São Geraldo do Araguaia (PA),8 anos,584
1507458,São Geraldo do Araguaia (PA),9 anos,538
1507458,São Geraldo do Araguaia (PA),10 anos,637
1507458,São Geraldo do Araguaia (PA),11 anos,556
1507458,São Geraldo do Araguaia (PA),12 anos,628
1507458,São Geraldo do Araguaia (PA),13 anos,623
1507458,São Geraldo do Araguaia (PA),14 anos,568
1507458,São Geraldo do Araguaia (PA),15 anos,563
1507458,São Geraldo do Araguaia (PA),16 anos,570
1507458,São Geraldo do Araguaia (PA),17 anos,556
1507458,São Geraldo do Araguaia (PA),18 anos,519
1507458,São Geraldo do Araguaia (PA),19 anos,449
1507458,São Geraldo do Araguaia (PA),20 anos,457
1507458,São Geraldo do Araguaia (PA),21 anos,458
1507458,São Geraldo do Araguaia (PA),22 anos,491
1507458,São Geraldo do Araguaia (PA),23 anos,497
1507458,São Geraldo do Araguaia (PA),24 anos,454
1507458,São Geraldo do Araguaia (PA),25 anos,539
1507458,São Geraldo do Araguaia (PA),26 anos,417
1507458,São Geraldo do Araguaia (PA),27 anos,495
1507458,São Geraldo do Araguaia (PA),28 anos,414
1507458,São Geraldo do Araguaia (PA),29 anos,432
1507458,São Geraldo do Araguaia (PA),30 anos,456
1507458,São Geraldo do Araguaia (PA),31 anos,346
1507458,São Geraldo do Araguaia (PA),32 anos,398
1507458,São Geraldo do Araguaia (PA),33 anos,412
1507458,São Geraldo do Araguaia (PA),34 anos,371
1507458,São Geraldo do Araguaia (PA),35 anos,375
1507458,São Geraldo do Araguaia (PA),36 anos,346
1507458,São Geraldo do Araguaia (PA),37 anos,326
1507458,São Geraldo do Araguaia (PA),38 anos,345
1507458,São Geraldo do Araguaia (PA),39 anos,282
1507458,São Geraldo do Araguaia (PA),40 anos,362
1507458,São Geraldo do Araguaia (PA),41 anos,280
1507458,São Geraldo do Araguaia (PA),42 anos,290
1507458,São Geraldo do Araguaia (PA),43 anos,297
1507458,São Geraldo do Araguaia (PA),44 anos,232
1507458,São Geraldo do Araguaia (PA),45 anos,271
1507458,São Geraldo do Araguaia (PA),46 anos,247
1507458,São Geraldo do Araguaia (PA),47 anos,231
1507458,São Geraldo do Araguaia (PA),48 anos,200
1507458,São Geraldo do Araguaia (PA),49 anos,187
1507458,São Geraldo do Araguaia (PA),50 anos,253
1507458,São Geraldo do Araguaia (PA),51 anos,192
1507458,São Geraldo do Araguaia (PA),52 anos,199
1507458,São Geraldo do Araguaia (PA),53 anos,166
1507458,São Geraldo do Araguaia (PA),54 anos,175
1507458,São Geraldo do Araguaia (PA),55 anos,182
1507458,São Geraldo do Araguaia (PA),56 anos,182
1507458,São Geraldo do Araguaia (PA),57 anos,156
1507458,São Geraldo do Araguaia (PA),58 anos,166
1507458,São Geraldo do Araguaia (PA),59 anos,155
1507458,São Geraldo do Araguaia (PA),60 anos,156
1507458,São Geraldo do Araguaia (PA),61 anos,113
1507458,São Geraldo do Araguaia (PA),62 anos,125
1507458,São Geraldo do Araguaia (PA),63 anos,129
1507458,São Geraldo do Araguaia (PA),64 anos,115
1507458,São Geraldo do Araguaia (PA),65 anos,119
1507458,São Geraldo do Araguaia (PA),66 anos,102
1507458,São Geraldo do Araguaia (PA),67 anos,100
1507458,São Geraldo do Araguaia (PA),68 anos,99
1507458,São Geraldo do Araguaia (PA),69 anos,81
1507458,São Geraldo do Araguaia (PA),70 anos,95
1507458,São Geraldo do Araguaia (PA),71 anos,72
1507458,São Geraldo do Araguaia (PA),72 anos,59
1507458,São Geraldo do Araguaia (PA),73 anos,74
1507458,São Geraldo do Araguaia (PA),74 anos,74
1507458,São Geraldo do Araguaia (PA),75 anos,63
1507458,São Geraldo do Araguaia (PA),76 anos,42
1507458,São Geraldo do Araguaia (PA),77 anos,48
1507458,São Geraldo do Araguaia (PA),78 anos,42
1507458,São Geraldo do Araguaia (PA),79 anos,39
1507458,São Geraldo do Araguaia (PA),80 anos,49
1507458,São Geraldo do Araguaia (PA),81 anos,40
1507458,São Geraldo do Araguaia (PA),82 anos,27
1507458,São Geraldo do Araguaia (PA),83 anos,25
1507458,São Geraldo do Araguaia (PA),84 anos,23
1507458,São Geraldo do Araguaia (PA),85 anos,19
1507458,São Geraldo do Araguaia (PA),86 anos,20
1507458,São Geraldo do Araguaia (PA),87 anos,13
1507458,São Geraldo do Araguaia (PA),88 anos,11
1507458,São Geraldo do Araguaia (PA),89 anos,8
1507458,São Geraldo do Araguaia (PA),90 anos,11
1507458,São Geraldo do Araguaia (PA),91 anos,4
1507458,São Geraldo do Araguaia (PA),92 anos,5
1507458,São Geraldo do Araguaia (PA),93 anos,5
1507458,São Geraldo do Araguaia (PA),94 anos,2
1507458,São Geraldo do Araguaia (PA),95 anos,7
1507458,São Geraldo do Araguaia (PA),96 anos,2
1507458,São Geraldo do Araguaia (PA),97 anos,2
1507458,São Geraldo do Araguaia (PA),98 anos,-
1507458,São Geraldo do Araguaia (PA),99 anos,1
1507458,São Geraldo do Araguaia (PA),100 anos ou mais,3
1507466,São João da Ponta (PA),Total,5265
1507466,São João da Ponta (PA),Menos de 1 ano,91
1507466,São João da Ponta (PA),Menos de 1 mês,7
1507466,São João da Ponta (PA),1 mês,5
1507466,São João da Ponta (PA),2 meses,8
1507466,São João da Ponta (PA),3 meses,3
1507466,São João da Ponta (PA),4 meses,7
1507466,São João da Ponta (PA),5 meses,11
1507466,São João da Ponta (PA),6 meses,7
1507466,São João da Ponta (PA),7 meses,6
1507466,São João da Ponta (PA),8 meses,11
1507466,São João da Ponta (PA),9 meses,8
1507466,São João da Ponta (PA),10 meses,9
1507466,São João da Ponta (PA),11 meses,9
1507466,São João da Ponta (PA),1 ano,113
1507466,São João da Ponta (PA),2 anos,115
1507466,São João da Ponta (PA),3 anos,107
1507466,São João da Ponta (PA),4 anos,134
1507466,São João da Ponta (PA),5 anos,99
1507466,São João da Ponta (PA),6 anos,138
1507466,São João da Ponta (PA),7 anos,113
1507466,São João da Ponta (PA),8 anos,109
1507466,São João da Ponta (PA),9 anos,109
1507466,São João da Ponta (PA),10 anos,112
1507466,São João da Ponta (PA),11 anos,130
1507466,São João da Ponta (PA),12 anos,112
1507466,São João da Ponta (PA),13 anos,102
1507466,São João da Ponta (PA),14 anos,122
1507466,São João da Ponta (PA),15 anos,132
1507466,São João da Ponta (PA),16 anos,121
1507466,São João da Ponta (PA),17 anos,116
1507466,São João da Ponta (PA),18 anos,109
1507466,São João da Ponta (PA),19 anos,97
1507466,São João da Ponta (PA),20 anos,85
1507466,São João da Ponta (PA),21 anos,89
1507466,São João da Ponta (PA),22 anos,100
1507466,São João da Ponta (PA),23 anos,101
1507466,São João da Ponta (PA),24 anos,105
1507466,São João da Ponta (PA),25 anos,73
1507466,São João da Ponta (PA),26 anos,87
1507466,São João da Ponta (PA),27 anos,84
1507466,São João da Ponta (PA),28 anos,84
1507466,São João da Ponta (PA),29 anos,77
1507466,São João da Ponta (PA),30 anos,70
1507466,São João da Ponta (PA),31 anos,80
1507466,São João da Ponta (PA),32 anos,62
1507466,São João da Ponta (PA),33 anos,69
1507466,São João da Ponta (PA),34 anos,70
1507466,São João da Ponta (PA),35 anos,63
1507466,São João da Ponta (PA),36 anos,73
1507466,São João da Ponta (PA),37 anos,55
1507466,São João da Ponta (PA),38 anos,59
1507466,São João da Ponta (PA),39 anos,51
1507466,São João da Ponta (PA),40 anos,57
1507466,São João da Ponta (PA),41 anos,53
1507466,São João da Ponta (PA),42 anos,56
1507466,São João da Ponta (PA),43 anos,59
1507466,São João da Ponta (PA),44 anos,45
1507466,São João da Ponta (PA),45 anos,59
1507466,São João da Ponta (PA),46 anos,51
1507466,São João da Ponta (PA),47 anos,42
1507466,São João da Ponta (PA),48 anos,50
1507466,São João da Ponta (PA),49 anos,42
1507466,São João da Ponta (PA),50 anos,47
1507466,São João da Ponta (PA),51 anos,34
1507466,São João da Ponta (PA),52 anos,46
1507466,São João da Ponta (PA),53 anos,45
1507466,São João da Ponta (PA),54 anos,36
1507466,São João da Ponta (PA),55 anos,37
1507466,São João da Ponta (PA),56 anos,51
1507466,São João da Ponta (PA),57 anos,31
1507466,São João da Ponta (PA),58 anos,39
1507466,São João da Ponta (PA),59 anos,41
1507466,São João da Ponta (PA),60 anos,36
1507466,São João da Ponta (PA),61 anos,22
1507466,São João da Ponta (PA),62 anos,30
1507466,São João da Ponta (PA),63 anos,19
1507466,São João da Ponta (PA),64 anos,25
1507466,São João da Ponta (PA),65 anos,32
1507466,São João da Ponta (PA),66 anos,28
1507466,São João da Ponta (PA),67 anos,27
1507466,São João da Ponta (PA),68 anos,26
1507466,São João da Ponta (PA),69 anos,23
1507466,São João da Ponta (PA),70 anos,26
1507466,São João da Ponta (PA),71 anos,19
1507466,São João da Ponta (PA),72 anos,16
1507466,São João da Ponta (PA),73 anos,22
1507466,São João da Ponta (PA),74 anos,16
1507466,São João da Ponta (PA),75 anos,19
1507466,São João da Ponta (PA),76 anos,18
1507466,São João da Ponta (PA),77 anos,14
1507466,São João da Ponta (PA),78 anos,8
1507466,São João da Ponta (PA),79 anos,7
1507466,São João da Ponta (PA),80 anos,11
1507466,São João da Ponta (PA),81 anos,10
1507466,São João da Ponta (PA),82 anos,11
1507466,São João da Ponta (PA),83 anos,12
1507466,São João da Ponta (PA),84 anos,8
1507466,São João da Ponta (PA),85 anos,7
1507466,São João da Ponta (PA),86 anos,6
1507466,São João da Ponta (PA),87 anos,5
1507466,São João da Ponta (PA),88 anos,4
1507466,São João da Ponta (PA),89 anos,2
1507466,São João da Ponta (PA),90 anos,1
1507466,São João da Ponta (PA),91 anos,2
1507466,São João da Ponta (PA),92 anos,4
1507466,São João da Ponta (PA),93 anos,-
1507466,São João da Ponta (PA),94 anos,3
1507466,São João da Ponta (PA),95 anos,2
1507466,São João da Ponta (PA),96 anos,1
1507466,São João da Ponta (PA),97 anos,2
1507466,São João da Ponta (PA),98 anos,-
1507466,São João da Ponta (PA),99 anos,1
1507466,São João da Ponta (PA),100 anos ou mais,1
1507474,São João de Pirabas (PA),Total,20647
1507474,São João de Pirabas (PA),Menos de 1 ano,403
1507474,São João de Pirabas (PA),Menos de 1 mês,32
1507474,São João de Pirabas (PA),1 mês,30
1507474,São João de Pirabas (PA),2 meses,34
1507474,São João de Pirabas (PA),3 meses,26
1507474,São João de Pirabas (PA),4 meses,38
1507474,São João de Pirabas (PA),5 meses,31
1507474,São João de Pirabas (PA),6 meses,40
1507474,São João de Pirabas (PA),7 meses,44
1507474,São João de Pirabas (PA),8 meses,34
1507474,São João de Pirabas (PA),9 meses,30
1507474,São João de Pirabas (PA),10 meses,30
1507474,São João de Pirabas (PA),11 meses,34
1507474,São João de Pirabas (PA),1 ano,380
1507474,São João de Pirabas (PA),2 anos,405
1507474,São João de Pirabas (PA),3 anos,384
1507474,São João de Pirabas (PA),4 anos,432
1507474,São João de Pirabas (PA),5 anos,447
1507474,São João de Pirabas (PA),6 anos,491
1507474,São João de Pirabas (PA),7 anos,436
1507474,São João de Pirabas (PA),8 anos,435
1507474,São João de Pirabas (PA),9 anos,464
1507474,São João de Pirabas (PA),10 anos,512
1507474,São João de Pirabas (PA),11 anos,439
1507474,São João de Pirabas (PA),12 anos,461
1507474,São João de Pirabas (PA),13 anos,465
1507474,São João de Pirabas (PA),14 anos,558
1507474,São João de Pirabas (PA),15 anos,474
1507474,São João de Pirabas (PA),16 anos,482
1507474,São João de Pirabas (PA),17 anos,432
1507474,São João de Pirabas (PA),18 anos,459
1507474,São João de Pirabas (PA),19 anos,438
1507474,São João de Pirabas (PA),20 anos,386
1507474,São João de Pirabas (PA),21 anos,414
1507474,São João de Pirabas (PA),22 anos,400
1507474,São João de Pirabas (PA),23 anos,362
1507474,São João de Pirabas (PA),24 anos,392
1507474,São João de Pirabas (PA),25 anos,359
1507474,São João de Pirabas (PA),26 anos,347
1507474,São João de Pirabas (PA),27 anos,331
1507474,São João de Pirabas (PA),28 anos,337
1507474,São João de Pirabas (PA),29 anos,346
1507474,São João de Pirabas (PA),30 anos,310
1507474,São João de Pirabas (PA),31 anos,308
1507474,São João de Pirabas (PA),32 anos,275
1507474,São João de Pirabas (PA),33 anos,295
1507474,São João de Pirabas (PA),34 anos,261
1507474,São João de Pirabas (PA),35 anos,270
1507474,São João de Pirabas (PA),36 anos,253
1507474,São João de Pirabas (PA),37 anos,242
1507474,São João de Pirabas (PA),38 anos,221
1507474,São João de Pirabas (PA),39 anos,234
1507474,São João de Pirabas (PA),40 anos,217
1507474,São João de Pirabas (PA),41 anos,175
1507474,São João de Pirabas (PA),42 anos,199
1507474,São João de Pirabas (PA),43 anos,186
1507474,São João de Pirabas (PA),44 anos,183
1507474,São João de Pirabas (PA),45 anos,175
1507474,São João de Pirabas (PA),46 anos,163
1507474,São João de Pirabas (PA),47 anos,185
1507474,São João de Pirabas (PA),48 anos,191
1507474,São João de Pirabas (PA),49 anos,165
1507474,São João de Pirabas (PA),50 anos,162
1507474,São João de Pirabas (PA),51 anos,134
1507474,São João de Pirabas (PA),52 anos,138
1507474,São João de Pirabas (PA),53 anos,154
1507474,São João de Pirabas (PA),54 anos,150
1507474,São João de Pirabas (PA),55 anos,156
1507474,São João de Pirabas (PA),56 anos,175
1507474,São João de Pirabas (PA),57 anos,144
1507474,São João de Pirabas (PA),58 anos,119
1507474,São João de Pirabas (PA),59 anos,125
1507474,São João de Pirabas (PA),60 anos,135
1507474,São João de Pirabas (PA),61 anos,97
1507474,São João de Pirabas (PA),62 anos,110
1507474,São João de Pirabas (PA),63 anos,116
1507474,São João de Pirabas (PA),64 anos,105
1507474,São João de Pirabas (PA),65 anos,112
1507474,São João de Pirabas (PA),66 anos,112
1507474,São João de Pirabas (PA),67 anos,103
1507474,São João de Pirabas (PA),68 anos,99
1507474,São João de Pirabas (PA),69 anos,91
1507474,São João de Pirabas (PA),70 anos,105
1507474,São João de Pirabas (PA),71 anos,71
1507474,São João de Pirabas (PA),72 anos,44
1507474,São João de Pirabas (PA),73 anos,75
1507474,São João de Pirabas (PA),74 anos,63
1507474,São João de Pirabas (PA),75 anos,61
1507474,São João de Pirabas (PA),76 anos,56
1507474,São João de Pirabas (PA),77 anos,48
1507474,São João de Pirabas (PA),78 anos,52
1507474,São João de Pirabas (PA),79 anos,55
1507474,São João de Pirabas (PA),80 anos,43
1507474,São João de Pirabas (PA),81 anos,31
1507474,São João de Pirabas (PA),82 anos,19
1507474,São João de Pirabas (PA),83 anos,27
1507474,São João de Pirabas (PA),84 anos,21
1507474,São João de Pirabas (PA),85 anos,13
1507474,São João de Pirabas (PA),86 anos,19
1507474,São João de Pirabas (PA),87 anos,19
1507474,São João de Pirabas (PA),88 anos,9
1507474,São João de Pirabas (PA),89 anos,12
1507474,São João de Pirabas (PA),90 anos,11
1507474,São João de Pirabas (PA),91 anos,3
1507474,São João de Pirabas (PA),92 anos,11
1507474,São João de Pirabas (PA),93 anos,3
1507474,São João de Pirabas (PA),94 anos,3
1507474,São João de Pirabas (PA),95 anos,8
1507474,São João de Pirabas (PA),96 anos,11
1507474,São João de Pirabas (PA),97 anos,10
1507474,São João de Pirabas (PA),98 anos,12
1507474,São João de Pirabas (PA),99 anos,3
1507474,São João de Pirabas (PA),100 anos ou mais,13
1507508,São João do Araguaia (PA),Total,13155
1507508,São João do Araguaia (PA),Menos de 1 ano,261
1507508,São João do Araguaia (PA),Menos de 1 mês,14
1507508,São João do Araguaia (PA),1 mês,12
1507508,São João do Araguaia (PA),2 meses,20
1507508,São João do Araguaia (PA),3 meses,26
1507508,São João do Araguaia (PA),4 meses,21
1507508,São João do Araguaia (PA),5 meses,16
1507508,São João do Araguaia (PA),6 meses,21
1507508,São João do Araguaia (PA),7 meses,32
1507508,São João do Araguaia (PA),8 meses,21
1507508,São João do Araguaia (PA),9 meses,32
1507508,São João do Araguaia (PA),10 meses,23
1507508,São João do Araguaia (PA),11 meses,23
1507508,São João do Araguaia (PA),1 ano,237
1507508,São João do Araguaia (PA),2 anos,321
1507508,São João do Araguaia (PA),3 anos,305
1507508,São João do Araguaia (PA),4 anos,317
1507508,São João do Araguaia (PA),5 anos,309
1507508,São João do Araguaia (PA),6 anos,316
1507508,São João do Araguaia (PA),7 anos,285
1507508,São João do Araguaia (PA),8 anos,282
1507508,São João do Araguaia (PA),9 anos,288
1507508,São João do Araguaia (PA),10 anos,310
1507508,São João do Araguaia (PA),11 anos,310
1507508,São João do Araguaia (PA),12 anos,344
1507508,São João do Araguaia (PA),13 anos,338
1507508,São João do Araguaia (PA),14 anos,329
1507508,São João do Araguaia (PA),15 anos,310
1507508,São João do Araguaia (PA),16 anos,287
1507508,São João do Araguaia (PA),17 anos,324
1507508,São João do Araguaia (PA),18 anos,266
1507508,São João do Araguaia (PA),19 anos,278
1507508,São João do Araguaia (PA),20 anos,218
1507508,São João do Araguaia (PA),21 anos,235
1507508,São João do Araguaia (PA),22 anos,235
1507508,São João do Araguaia (PA),23 anos,241
1507508,São João do Araguaia (PA),24 anos,216
1507508,São João do Araguaia (PA),25 anos,218
1507508,São João do Araguaia (PA),26 anos,192
1507508,São João do Araguaia (PA),27 anos,206
1507508,São João do Araguaia (PA),28 anos,212
1507508,São João do Araguaia (PA),29 anos,192
1507508,São João do Araguaia (PA),30 anos,205
1507508,São João do Araguaia (PA),31 anos,197
1507508,São João do Araguaia (PA),32 anos,183
1507508,São João do Araguaia (PA),33 anos,182
1507508,São João do Araguaia (PA),34 anos,165
1507508,São João do Araguaia (PA),35 anos,147
1507508,São João do Araguaia (PA),36 anos,146
1507508,São João do Araguaia (PA),37 anos,141
1507508,São João do Araguaia (PA),38 anos,121
1507508,São João do Araguaia (PA),39 anos,141
1507508,São João do Araguaia (PA),40 anos,164
1507508,São João do Araguaia (PA),41 anos,142
1507508,São João do Araguaia (PA),42 anos,148
1507508,São João do Araguaia (PA),43 anos,127
1507508,São João do Araguaia (PA),44 anos,126
1507508,São João do Araguaia (PA),45 anos,148
1507508,São João do Araguaia (PA),46 anos,148
1507508,São João do Araguaia (PA),47 anos,129
1507508,São João do Araguaia (PA),48 anos,122
1507508,São João do Araguaia (PA),49 anos,111
1507508,São João do Araguaia (PA),50 anos,113
1507508,São João do Araguaia (PA),51 anos,85
1507508,São João do Araguaia (PA),52 anos,113
1507508,São João do Araguaia (PA),53 anos,112
1507508,São João do Araguaia (PA),54 anos,92
1507508,São João do Araguaia (PA),55 anos,113
1507508,São João do Araguaia (PA),56 anos,104
1507508,São João do Araguaia (PA),57 anos,82
1507508,São João do Araguaia (PA),58 anos,73
1507508,São João do Araguaia (PA),59 anos,82
1507508,São João do Araguaia (PA),60 anos,88
1507508,São João do Araguaia (PA),61 anos,66
1507508,São João do Araguaia (PA),62 anos,68
1507508,São João do Araguaia (PA),63 anos,66
1507508,São João do Araguaia (PA),64 anos,63
1507508,São João do Araguaia (PA),65 anos,71
1507508,São João do Araguaia (PA),66 anos,52
1507508,São João do Araguaia (PA),67 anos,50
1507508,São João do Araguaia (PA),68 anos,44
1507508,São João do Araguaia (PA),69 anos,32
1507508,São João do Araguaia (PA),70 anos,64
1507508,São João do Araguaia (PA),71 anos,36
1507508,São João do Araguaia (PA),72 anos,28
1507508,São João do Araguaia (PA),73 anos,29
1507508,São João do Araguaia (PA),74 anos,20
1507508,São João do Araguaia (PA),75 anos,26
1507508,São João do Araguaia (PA),76 anos,26
1507508,São João do Araguaia (PA),77 anos,27
1507508,São João do Araguaia (PA),78 anos,29
1507508,São João do Araguaia (PA),79 anos,18
1507508,São João do Araguaia (PA),80 anos,14
1507508,São João do Araguaia (PA),81 anos,9
1507508,São João do Araguaia (PA),82 anos,9
1507508,São João do Araguaia (PA),83 anos,8
1507508,São João do Araguaia (PA),84 anos,10
1507508,São João do Araguaia (PA),85 anos,9
1507508,São João do Araguaia (PA),86 anos,10
1507508,São João do Araguaia (PA),87 anos,4
1507508,São João do Araguaia (PA),88 anos,4
1507508,São João do Araguaia (PA),89 anos,3
1507508,São João do Araguaia (PA),90 anos,9
1507508,São João do Araguaia (PA),91 anos,2
1507508,São João do Araguaia (PA),92 anos,6
1507508,São João do Araguaia (PA),93 anos,6
1507508,São João do Araguaia (PA),94 anos,1
1507508,São João do Araguaia (PA),95 anos,-
1507508,São João do Araguaia (PA),96 anos,-
1507508,São João do Araguaia (PA),97 anos,-
1507508,São João do Araguaia (PA),98 anos,3
1507508,São João do Araguaia (PA),99 anos,-
1507508,São João do Araguaia (PA),100 anos ou mais,1
1507607,São Miguel do Guamá (PA),Total,51567
1507607,São Miguel do Guamá (PA),Menos de 1 ano,1088
1507607,São Miguel do Guamá (PA),Menos de 1 mês,72
1507607,São Miguel do Guamá (PA),1 mês,81
1507607,São Miguel do Guamá (PA),2 meses,79
1507607,São Miguel do Guamá (PA),3 meses,89
1507607,São Miguel do Guamá (PA),4 meses,83
1507607,São Miguel do Guamá (PA),5 meses,77
1507607,São Miguel do Guamá (PA),6 meses,91
1507607,São Miguel do Guamá (PA),7 meses,109
1507607,São Miguel do Guamá (PA),8 meses,101
1507607,São Miguel do Guamá (PA),9 meses,110
1507607,São Miguel do Guamá (PA),10 meses,95
1507607,São Miguel do Guamá (PA),11 meses,101
1507607,São Miguel do Guamá (PA),1 ano,995
1507607,São Miguel do Guamá (PA),2 anos,1029
1507607,São Miguel do Guamá (PA),3 anos,1085
1507607,São Miguel do Guamá (PA),4 anos,1145
1507607,São Miguel do Guamá (PA),5 anos,1166
1507607,São Miguel do Guamá (PA),6 anos,1124
1507607,São Miguel do Guamá (PA),7 anos,1203
1507607,São Miguel do Guamá (PA),8 anos,1130
1507607,São Miguel do Guamá (PA),9 anos,1171
1507607,São Miguel do Guamá (PA),10 anos,1255
1507607,São Miguel do Guamá (PA),11 anos,1140
1507607,São Miguel do Guamá (PA),12 anos,1261
1507607,São Miguel do Guamá (PA),13 anos,1144
1507607,São Miguel do Guamá (PA),14 anos,1214
1507607,São Miguel do Guamá (PA),15 anos,1163
1507607,São Miguel do Guamá (PA),16 anos,1119
1507607,São Miguel do Guamá (PA),17 anos,1180
1507607,São Miguel do Guamá (PA),18 anos,1115
1507607,São Miguel do Guamá (PA),19 anos,1026
1507607,São Miguel do Guamá (PA),20 anos,1065
1507607,São Miguel do Guamá (PA),21 anos,1026
1507607,São Miguel do Guamá (PA),22 anos,1035
1507607,São Miguel do Guamá (PA),23 anos,959
1507607,São Miguel do Guamá (PA),24 anos,963
1507607,São Miguel do Guamá (PA),25 anos,945
1507607,São Miguel do Guamá (PA),26 anos,916
1507607,São Miguel do Guamá (PA),27 anos,1011
1507607,São Miguel do Guamá (PA),28 anos,926
1507607,São Miguel do Guamá (PA),29 anos,821
1507607,São Miguel do Guamá (PA),30 anos,847
1507607,São Miguel do Guamá (PA),31 anos,732
1507607,São Miguel do Guamá (PA),32 anos,776
1507607,São Miguel do Guamá (PA),33 anos,756
1507607,São Miguel do Guamá (PA),34 anos,756
1507607,São Miguel do Guamá (PA),35 anos,699
1507607,São Miguel do Guamá (PA),36 anos,694
1507607,São Miguel do Guamá (PA),37 anos,643
1507607,São Miguel do Guamá (PA),38 anos,594
1507607,São Miguel do Guamá (PA),39 anos,624
1507607,São Miguel do Guamá (PA),40 anos,591
1507607,São Miguel do Guamá (PA),41 anos,505
1507607,São Miguel do Guamá (PA),42 anos,557
1507607,São Miguel do Guamá (PA),43 anos,532
1507607,São Miguel do Guamá (PA),44 anos,525
1507607,São Miguel do Guamá (PA),45 anos,463
1507607,São Miguel do Guamá (PA),46 anos,443
1507607,São Miguel do Guamá (PA),47 anos,429
1507607,São Miguel do Guamá (PA),48 anos,397
1507607,São Miguel do Guamá (PA),49 anos,435
1507607,São Miguel do Guamá (PA),50 anos,401
1507607,São Miguel do Guamá (PA),51 anos,354
1507607,São Miguel do Guamá (PA),52 anos,363
1507607,São Miguel do Guamá (PA),53 anos,313
1507607,São Miguel do Guamá (PA),54 anos,312
1507607,São Miguel do Guamá (PA),55 anos,334
1507607,São Miguel do Guamá (PA),56 anos,300
1507607,São Miguel do Guamá (PA),57 anos,299
1507607,São Miguel do Guamá (PA),58 anos,283
1507607,São Miguel do Guamá (PA),59 anos,241
1507607,São Miguel do Guamá (PA),60 anos,280
1507607,São Miguel do Guamá (PA),61 anos,243
1507607,São Miguel do Guamá (PA),62 anos,242
1507607,São Miguel do Guamá (PA),63 anos,243
1507607,São Miguel do Guamá (PA),64 anos,212
1507607,São Miguel do Guamá (PA),65 anos,242
1507607,São Miguel do Guamá (PA),66 anos,237
1507607,São Miguel do Guamá (PA),67 anos,188
1507607,São Miguel do Guamá (PA),68 anos,198
1507607,São Miguel do Guamá (PA),69 anos,151
1507607,São Miguel do Guamá (PA),70 anos,188
1507607,São Miguel do Guamá (PA),71 anos,150
1507607,São Miguel do Guamá (PA),72 anos,132
1507607,São Miguel do Guamá (PA),73 anos,112
1507607,São Miguel do Guamá (PA),74 anos,91
1507607,São Miguel do Guamá (PA),75 anos,87
1507607,São Miguel do Guamá (PA),76 anos,74
1507607,São Miguel do Guamá (PA),77 anos,87
1507607,São Miguel do Guamá (PA),78 anos,78
1507607,São Miguel do Guamá (PA),79 anos,89
1507607,São Miguel do Guamá (PA),80 anos,92
1507607,São Miguel do Guamá (PA),81 anos,73
1507607,São Miguel do Guamá (PA),82 anos,63
1507607,São Miguel do Guamá (PA),83 anos,52
1507607,São Miguel do Guamá (PA),84 anos,55
1507607,São Miguel do Guamá (PA),85 anos,44
1507607,São Miguel do Guamá (PA),86 anos,44
1507607,São Miguel do Guamá (PA),87 anos,25
1507607,São Miguel do Guamá (PA),88 anos,34
1507607,São Miguel do Guamá (PA),89 anos,18
1507607,São Miguel do Guamá (PA),90 anos,21
1507607,São Miguel do Guamá (PA),91 anos,15
1507607,São Miguel do Guamá (PA),92 anos,11
1507607,São Miguel do Guamá (PA),93 anos,20
1507607,São Miguel do Guamá (PA),94 anos,15
1507607,São Miguel do Guamá (PA),95 anos,12
1507607,São Miguel do Guamá (PA),96 anos,9
1507607,São Miguel do Guamá (PA),97 anos,12
1507607,São Miguel do Guamá (PA),98 anos,2
1507607,São Miguel do Guamá (PA),99 anos,1
1507607,São Miguel do Guamá (PA),100 anos ou mais,7
1507706,São Sebastião da Boa Vista (PA),Total,22904
1507706,São Sebastião da Boa Vista (PA),Menos de 1 ano,541
1507706,São Sebastião da Boa Vista (PA),Menos de 1 mês,49
1507706,São Sebastião da Boa Vista (PA),1 mês,26
1507706,São Sebastião da Boa Vista (PA),2 meses,48
1507706,São Sebastião da Boa Vista (PA),3 meses,31
1507706,São Sebastião da Boa Vista (PA),4 meses,41
1507706,São Sebastião da Boa Vista (PA),5 meses,33
1507706,São Sebastião da Boa Vista (PA),6 meses,39
1507706,São Sebastião da Boa Vista (PA),7 meses,56
1507706,São Sebastião da Boa Vista (PA),8 meses,52
1507706,São Sebastião da Boa Vista (PA),9 meses,53
1507706,São Sebastião da Boa Vista (PA),10 meses,59
1507706,São Sebastião da Boa Vista (PA),11 meses,54
1507706,São Sebastião da Boa Vista (PA),1 ano,544
1507706,São Sebastião da Boa Vista (PA),2 anos,580
1507706,São Sebastião da Boa Vista (PA),3 anos,544
1507706,São Sebastião da Boa Vista (PA),4 anos,573
1507706,São Sebastião da Boa Vista (PA),5 anos,601
1507706,São Sebastião da Boa Vista (PA),6 anos,537
1507706,São Sebastião da Boa Vista (PA),7 anos,562
1507706,São Sebastião da Boa Vista (PA),8 anos,562
1507706,São Sebastião da Boa Vista (PA),9 anos,547
1507706,São Sebastião da Boa Vista (PA),10 anos,558
1507706,São Sebastião da Boa Vista (PA),11 anos,573
1507706,São Sebastião da Boa Vista (PA),12 anos,571
1507706,São Sebastião da Boa Vista (PA),13 anos,574
1507706,São Sebastião da Boa Vista (PA),14 anos,562
1507706,São Sebastião da Boa Vista (PA),15 anos,607
1507706,São Sebastião da Boa Vista (PA),16 anos,583
1507706,São Sebastião da Boa Vista (PA),17 anos,529
1507706,São Sebastião da Boa Vista (PA),18 anos,554
1507706,São Sebastião da Boa Vista (PA),19 anos,446
1507706,São Sebastião da Boa Vista (PA),20 anos,545
1507706,São Sebastião da Boa Vista (PA),21 anos,431
1507706,São Sebastião da Boa Vista (PA),22 anos,509
1507706,São Sebastião da Boa Vista (PA),23 anos,456
1507706,São Sebastião da Boa Vista (PA),24 anos,436
1507706,São Sebastião da Boa Vista (PA),25 anos,454
1507706,São Sebastião da Boa Vista (PA),26 anos,413
1507706,São Sebastião da Boa Vista (PA),27 anos,413
1507706,São Sebastião da Boa Vista (PA),28 anos,372
1507706,São Sebastião da Boa Vista (PA),29 anos,341
1507706,São Sebastião da Boa Vista (PA),30 anos,345
1507706,São Sebastião da Boa Vista (PA),31 anos,279
1507706,São Sebastião da Boa Vista (PA),32 anos,308
1507706,São Sebastião da Boa Vista (PA),33 anos,302
1507706,São Sebastião da Boa Vista (PA),34 anos,290
1507706,São Sebastião da Boa Vista (PA),35 anos,299
1507706,São Sebastião da Boa Vista (PA),36 anos,264
1507706,São Sebastião da Boa Vista (PA),37 anos,269
1507706,São Sebastião da Boa Vista (PA),38 anos,254
1507706,São Sebastião da Boa Vista (PA),39 anos,216
1507706,São Sebastião da Boa Vista (PA),40 anos,254
1507706,São Sebastião da Boa Vista (PA),41 anos,206
1507706,São Sebastião da Boa Vista (PA),42 anos,211
1507706,São Sebastião da Boa Vista (PA),43 anos,129
1507706,São Sebastião da Boa Vista (PA),44 anos,191
1507706,São Sebastião da Boa Vista (PA),45 anos,165
1507706,São Sebastião da Boa Vista (PA),46 anos,201
1507706,São Sebastião da Boa Vista (PA),47 anos,191
1507706,São Sebastião da Boa Vista (PA),48 anos,152
1507706,São Sebastião da Boa Vista (PA),49 anos,148
1507706,São Sebastião da Boa Vista (PA),50 anos,164
1507706,São Sebastião da Boa Vista (PA),51 anos,117
1507706,São Sebastião da Boa Vista (PA),52 anos,145
1507706,São Sebastião da Boa Vista (PA),53 anos,125
1507706,São Sebastião da Boa Vista (PA),54 anos,126
1507706,São Sebastião da Boa Vista (PA),55 anos,127
1507706,São Sebastião da Boa Vista (PA),56 anos,111
1507706,São Sebastião da Boa Vista (PA),57 anos,114
1507706,São Sebastião da Boa Vista (PA),58 anos,95
1507706,São Sebastião da Boa Vista (PA),59 anos,98
1507706,São Sebastião da Boa Vista (PA),60 anos,91
1507706,São Sebastião da Boa Vista (PA),61 anos,73
1507706,São Sebastião da Boa Vista (PA),62 anos,80
1507706,São Sebastião da Boa Vista (PA),63 anos,79
1507706,São Sebastião da Boa Vista (PA),64 anos,78
1507706,São Sebastião da Boa Vista (PA),65 anos,104
1507706,São Sebastião da Boa Vista (PA),66 anos,81
1507706,São Sebastião da Boa Vista (PA),67 anos,74
1507706,São Sebastião da Boa Vista (PA),68 anos,61
1507706,São Sebastião da Boa Vista (PA),69 anos,67
1507706,São Sebastião da Boa Vista (PA),70 anos,82
1507706,São Sebastião da Boa Vista (PA),71 anos,52
1507706,São Sebastião da Boa Vista (PA),72 anos,51
1507706,São Sebastião da Boa Vista (PA),73 anos,46
1507706,São Sebastião da Boa Vista (PA),74 anos,47
1507706,São Sebastião da Boa Vista (PA),75 anos,46
1507706,São Sebastião da Boa Vista (PA),76 anos,35
1507706,São Sebastião da Boa Vista (PA),77 anos,40
1507706,São Sebastião da Boa Vista (PA),78 anos,19
1507706,São Sebastião da Boa Vista (PA),79 anos,34
1507706,São Sebastião da Boa Vista (PA),80 anos,31
1507706,São Sebastião da Boa Vista (PA),81 anos,15
1507706,São Sebastião da Boa Vista (PA),82 anos,26
1507706,São Sebastião da Boa Vista (PA),83 anos,15
1507706,São Sebastião da Boa Vista (PA),84 anos,21
1507706,São Sebastião da Boa Vista (PA),85 anos,24
1507706,São Sebastião da Boa Vista (PA),86 anos,13
1507706,São Sebastião da Boa Vista (PA),87 anos,13
1507706,São Sebastião da Boa Vista (PA),88 anos,16
1507706,São Sebastião da Boa Vista (PA),89 anos,10
1507706,São Sebastião da Boa Vista (PA),90 anos,14
1507706,São Sebastião da Boa Vista (PA),91 anos,8
1507706,São Sebastião da Boa Vista (PA),92 anos,4
1507706,São Sebastião da Boa Vista (PA),93 anos,12
1507706,São Sebastião da Boa Vista (PA),94 anos,6
1507706,São Sebastião da Boa Vista (PA),95 anos,4
1507706,São Sebastião da Boa Vista (PA),96 anos,7
1507706,São Sebastião da Boa Vista (PA),97 anos,2
1507706,São Sebastião da Boa Vista (PA),98 anos,2
1507706,São Sebastião da Boa Vista (PA),99 anos,2
1507706,São Sebastião da Boa Vista (PA),100 anos ou mais,5
1507755,Sapucaia (PA),Total,5047
1507755,Sapucaia (PA),Menos de 1 ano,83
1507755,Sapucaia (PA),Menos de 1 mês,5
1507755,Sapucaia (PA),1 mês,11
1507755,Sapucaia (PA),2 meses,10
1507755,Sapucaia (PA),3 meses,8
1507755,Sapucaia (PA),4 meses,6
1507755,Sapucaia (PA),5 meses,5
1507755,Sapucaia (PA),6 meses,8
1507755,Sapucaia (PA),7 meses,9
1507755,Sapucaia (PA),8 meses,4
1507755,Sapucaia (PA),9 meses,8
1507755,Sapucaia (PA),10 meses,6
1507755,Sapucaia (PA),11 meses,3
1507755,Sapucaia (PA),1 ano,96
1507755,Sapucaia (PA),2 anos,95
1507755,Sapucaia (PA),3 anos,98
1507755,Sapucaia (PA),4 anos,82
1507755,Sapucaia (PA),5 anos,95
1507755,Sapucaia (PA),6 anos,96
1507755,Sapucaia (PA),7 anos,102
1507755,Sapucaia (PA),8 anos,103
1507755,Sapucaia (PA),9 anos,115
1507755,Sapucaia (PA),10 anos,132
1507755,Sapucaia (PA),11 anos,115
1507755,Sapucaia (PA),12 anos,111
1507755,Sapucaia (PA),13 anos,103
1507755,Sapucaia (PA),14 anos,104
1507755,Sapucaia (PA),15 anos,108
1507755,Sapucaia (PA),16 anos,97
1507755,Sapucaia (PA),17 anos,99
1507755,Sapucaia (PA),18 anos,98
1507755,Sapucaia (PA),19 anos,91
1507755,Sapucaia (PA),20 anos,89
1507755,Sapucaia (PA),21 anos,97
1507755,Sapucaia (PA),22 anos,107
1507755,Sapucaia (PA),23 anos,105
1507755,Sapucaia (PA),24 anos,108
1507755,Sapucaia (PA),25 anos,91
1507755,Sapucaia (PA),26 anos,105
1507755,Sapucaia (PA),27 anos,84
1507755,Sapucaia (PA),28 anos,96
1507755,Sapucaia (PA),29 anos,81
1507755,Sapucaia (PA),30 anos,88
1507755,Sapucaia (PA),31 anos,82
1507755,Sapucaia (PA),32 anos,87
1507755,Sapucaia (PA),33 anos,85
1507755,Sapucaia (PA),34 anos,69
1507755,Sapucaia (PA),35 anos,56
1507755,Sapucaia (PA),36 anos,75
1507755,Sapucaia (PA),37 anos,74
1507755,Sapucaia (PA),38 anos,73
1507755,Sapucaia (PA),39 anos,64
1507755,Sapucaia (PA),40 anos,90
1507755,Sapucaia (PA),41 anos,80
1507755,Sapucaia (PA),42 anos,75
1507755,Sapucaia (PA),43 anos,56
1507755,Sapucaia (PA),44 anos,56
1507755,Sapucaia (PA),45 anos,76
1507755,Sapucaia (PA),46 anos,60
1507755,Sapucaia (PA),47 anos,54
1507755,Sapucaia (PA),48 anos,52
1507755,Sapucaia (PA),49 anos,41
1507755,Sapucaia (PA),50 anos,45
1507755,Sapucaia (PA),51 anos,35
1507755,Sapucaia (PA),52 anos,50
1507755,Sapucaia (PA),53 anos,37
1507755,Sapucaia (PA),54 anos,46
1507755,Sapucaia (PA),55 anos,35
1507755,Sapucaia (PA),56 anos,33
1507755,Sapucaia (PA),57 anos,26
1507755,Sapucaia (PA),58 anos,41
1507755,Sapucaia (PA),59 anos,26
1507755,Sapucaia (PA),60 anos,24
1507755,Sapucaia (PA),61 anos,20
1507755,Sapucaia (PA),62 anos,14
1507755,Sapucaia (PA),63 anos,32
1507755,Sapucaia (PA),64 anos,22
1507755,Sapucaia (PA),65 anos,18
1507755,Sapucaia (PA),66 anos,24
1507755,Sapucaia (PA),67 anos,17
1507755,Sapucaia (PA),68 anos,12
1507755,Sapucaia (PA),69 anos,9
1507755,Sapucaia (PA),70 anos,11
1507755,Sapucaia (PA),71 anos,7
1507755,Sapucaia (PA),72 anos,10
1507755,Sapucaia (PA),73 anos,8
1507755,Sapucaia (PA),74 anos,10
1507755,Sapucaia (PA),75 anos,10
1507755,Sapucaia (PA),76 anos,5
1507755,Sapucaia (PA),77 anos,7
1507755,Sapucaia (PA),78 anos,8
1507755,Sapucaia (PA),79 anos,3
1507755,Sapucaia (PA),80 anos,1
1507755,Sapucaia (PA),81 anos,3
1507755,Sapucaia (PA),82 anos,3
1507755,Sapucaia (PA),83 anos,1
1507755,Sapucaia (PA),84 anos,4
1507755,Sapucaia (PA),85 anos,2
1507755,Sapucaia (PA),86 anos,1
1507755,Sapucaia (PA),87 anos,1
1507755,Sapucaia (PA),88 anos,-
1507755,Sapucaia (PA),89 anos,1
1507755,Sapucaia (PA),90 anos,-
1507755,Sapucaia (PA),91 anos,4
1507755,Sapucaia (PA),92 anos,2
1507755,Sapucaia (PA),93 anos,-
1507755,Sapucaia (PA),94 anos,-
1507755,Sapucaia (PA),95 anos,-
1507755,Sapucaia (PA),96 anos,-
1507755,Sapucaia (PA),97 anos,-
1507755,Sapucaia (PA),98 anos,-
1507755,Sapucaia (PA),99 anos,-
1507755,Sapucaia (PA),100 anos ou mais,-
1507805,Senador José Porfírio (PA),Total,13045
1507805,Senador José Porfírio (PA),Menos de 1 ano,279
1507805,Senador José Porfírio (PA),Menos de 1 mês,16
1507805,Senador José Porfírio (PA),1 mês,18
1507805,Senador José Porfírio (PA),2 meses,21
1507805,Senador José Porfírio (PA),3 meses,29
1507805,Senador José Porfírio (PA),4 meses,22
1507805,Senador José Porfírio (PA),5 meses,21
1507805,Senador José Porfírio (PA),6 meses,15
1507805,Senador José Porfírio (PA),7 meses,28
1507805,Senador José Porfírio (PA),8 meses,30
1507805,Senador José Porfírio (PA),9 meses,30
1507805,Senador José Porfírio (PA),10 meses,25
1507805,Senador José Porfírio (PA),11 meses,24
1507805,Senador José Porfírio (PA),1 ano,340
1507805,Senador José Porfírio (PA),2 anos,313
1507805,Senador José Porfírio (PA),3 anos,354
1507805,Senador José Porfírio (PA),4 anos,329
1507805,Senador José Porfírio (PA),5 anos,327
1507805,Senador José Porfírio (PA),6 anos,322
1507805,Senador José Porfírio (PA),7 anos,323
1507805,Senador José Porfírio (PA),8 anos,335
1507805,Senador José Porfírio (PA),9 anos,328
1507805,Senador José Porfírio (PA),10 anos,352
1507805,Senador José Porfírio (PA),11 anos,326
1507805,Senador José Porfírio (PA),12 anos,332
1507805,Senador José Porfírio (PA),13 anos,331
1507805,Senador José Porfírio (PA),14 anos,317
1507805,Senador José Porfírio (PA),15 anos,312
1507805,Senador José Porfírio (PA),16 anos,264
1507805,Senador José Porfírio (PA),17 anos,249
1507805,Senador José Porfírio (PA),18 anos,265
1507805,Senador José Porfírio (PA),19 anos,224
1507805,Senador José Porfírio (PA),20 anos,217
1507805,Senador José Porfírio (PA),21 anos,229
1507805,Senador José Porfírio (PA),22 anos,249
1507805,Senador José Porfírio (PA),23 anos,204
1507805,Senador José Porfírio (PA),24 anos,219
1507805,Senador José Porfírio (PA),25 anos,235
1507805,Senador José Porfírio (PA),26 anos,227
1507805,Senador José Porfírio (PA),27 anos,257
1507805,Senador José Porfírio (PA),28 anos,206
1507805,Senador José Porfírio (PA),29 anos,192
1507805,Senador José Porfírio (PA),30 anos,230
1507805,Senador José Porfírio (PA),31 anos,195
1507805,Senador José Porfírio (PA),32 anos,196
1507805,Senador José Porfírio (PA),33 anos,203
1507805,Senador José Porfírio (PA),34 anos,158
1507805,Senador José Porfírio (PA),35 anos,210
1507805,Senador José Porfírio (PA),36 anos,154
1507805,Senador José Porfírio (PA),37 anos,145
1507805,Senador José Porfírio (PA),38 anos,142
1507805,Senador José Porfírio (PA),39 anos,137
1507805,Senador José Porfírio (PA),40 anos,158
1507805,Senador José Porfírio (PA),41 anos,111
1507805,Senador José Porfírio (PA),42 anos,140
1507805,Senador José Porfírio (PA),43 anos,139
1507805,Senador José Porfírio (PA),44 anos,127
1507805,Senador José Porfírio (PA),45 anos,147
1507805,Senador José Porfírio (PA),46 anos,128
1507805,Senador José Porfírio (PA),47 anos,117
1507805,Senador José Porfírio (PA),48 anos,132
1507805,Senador José Porfírio (PA),49 anos,96
1507805,Senador José Porfírio (PA),50 anos,108
1507805,Senador José Porfírio (PA),51 anos,94
1507805,Senador José Porfírio (PA),52 anos,96
1507805,Senador José Porfírio (PA),53 anos,105
1507805,Senador José Porfírio (PA),54 anos,78
1507805,Senador José Porfírio (PA),55 anos,86
1507805,Senador José Porfírio (PA),56 anos,80
1507805,Senador José Porfírio (PA),57 anos,72
1507805,Senador José Porfírio (PA),58 anos,65
1507805,Senador José Porfírio (PA),59 anos,61
1507805,Senador José Porfírio (PA),60 anos,65
1507805,Senador José Porfírio (PA),61 anos,54
1507805,Senador José Porfírio (PA),62 anos,50
1507805,Senador José Porfírio (PA),63 anos,60
1507805,Senador José Porfírio (PA),64 anos,39
1507805,Senador José Porfírio (PA),65 anos,35
1507805,Senador José Porfírio (PA),66 anos,55
1507805,Senador José Porfírio (PA),67 anos,43
1507805,Senador José Porfírio (PA),68 anos,31
1507805,Senador José Porfírio (PA),69 anos,24
1507805,Senador José Porfírio (PA),70 anos,40
1507805,Senador José Porfírio (PA),71 anos,20
1507805,Senador José Porfírio (PA),72 anos,18
1507805,Senador José Porfírio (PA),73 anos,16
1507805,Senador José Porfírio (PA),74 anos,19
1507805,Senador José Porfírio (PA),75 anos,19
1507805,Senador José Porfírio (PA),76 anos,10
1507805,Senador José Porfírio (PA),77 anos,11
1507805,Senador José Porfírio (PA),78 anos,10
1507805,Senador José Porfírio (PA),79 anos,8
1507805,Senador José Porfírio (PA),80 anos,10
1507805,Senador José Porfírio (PA),81 anos,9
1507805,Senador José Porfírio (PA),82 anos,1
1507805,Senador José Porfírio (PA),83 anos,6
1507805,Senador José Porfírio (PA),84 anos,2
1507805,Senador José Porfírio (PA),85 anos,6
1507805,Senador José Porfírio (PA),86 anos,4
1507805,Senador José Porfírio (PA),87 anos,1
1507805,Senador José Porfírio (PA),88 anos,1
1507805,Senador José Porfírio (PA),89 anos,4
1507805,Senador José Porfírio (PA),90 anos,4
1507805,Senador José Porfírio (PA),91 anos,1
1507805,Senador José Porfírio (PA),92 anos,2
1507805,Senador José Porfírio (PA),93 anos,-
1507805,Senador José Porfírio (PA),94 anos,-
1507805,Senador José Porfírio (PA),95 anos,-
1507805,Senador José Porfírio (PA),96 anos,-
1507805,Senador José Porfírio (PA),97 anos,-
1507805,Senador José Porfírio (PA),98 anos,-
1507805,Senador José Porfírio (PA),99 anos,-
1507805,Senador José Porfírio (PA),100 anos ou mais,-
1507904,Soure (PA),Total,23001
1507904,Soure (PA),Menos de 1 ano,422
1507904,Soure (PA),Menos de 1 mês,38
1507904,Soure (PA),1 mês,45
1507904,Soure (PA),2 meses,38
1507904,Soure (PA),3 meses,24
1507904,Soure (PA),4 meses,30
1507904,Soure (PA),5 meses,33
1507904,Soure (PA),6 meses,28
1507904,Soure (PA),7 meses,35
1507904,Soure (PA),8 meses,40
1507904,Soure (PA),9 meses,40
1507904,Soure (PA),10 meses,40
1507904,Soure (PA),11 meses,31
1507904,Soure (PA),1 ano,416
1507904,Soure (PA),2 anos,462
1507904,Soure (PA),3 anos,439
1507904,Soure (PA),4 anos,441
1507904,Soure (PA),5 anos,433
1507904,Soure (PA),6 anos,471
1507904,Soure (PA),7 anos,435
1507904,Soure (PA),8 anos,481
1507904,Soure (PA),9 anos,479
1507904,Soure (PA),10 anos,493
1507904,Soure (PA),11 anos,504
1507904,Soure (PA),12 anos,506
1507904,Soure (PA),13 anos,518
1507904,Soure (PA),14 anos,560
1507904,Soure (PA),15 anos,565
1507904,Soure (PA),16 anos,541
1507904,Soure (PA),17 anos,514
1507904,Soure (PA),18 anos,512
1507904,Soure (PA),19 anos,417
1507904,Soure (PA),20 anos,431
1507904,Soure (PA),21 anos,385
1507904,Soure (PA),22 anos,462
1507904,Soure (PA),23 anos,420
1507904,Soure (PA),24 anos,414
1507904,Soure (PA),25 anos,437
1507904,Soure (PA),26 anos,424
1507904,Soure (PA),27 anos,436
1507904,Soure (PA),28 anos,402
1507904,Soure (PA),29 anos,347
1507904,Soure (PA),30 anos,363
1507904,Soure (PA),31 anos,342
1507904,Soure (PA),32 anos,334
1507904,Soure (PA),33 anos,294
1507904,Soure (PA),34 anos,323
1507904,Soure (PA),35 anos,329
1507904,Soure (PA),36 anos,282
1507904,Soure (PA),37 anos,300
1507904,Soure (PA),38 anos,288
1507904,Soure (PA),39 anos,265
1507904,Soure (PA),40 anos,291
1507904,Soure (PA),41 anos,247
1507904,Soure (PA),42 anos,296
1507904,Soure (PA),43 anos,236
1507904,Soure (PA),44 anos,262
1507904,Soure (PA),45 anos,225
1507904,Soure (PA),46 anos,182
1507904,Soure (PA),47 anos,231
1507904,Soure (PA),48 anos,183
1507904,Soure (PA),49 anos,220
1507904,Soure (PA),50 anos,199
1507904,Soure (PA),51 anos,194
1507904,Soure (PA),52 anos,208
1507904,Soure (PA),53 anos,191
1507904,Soure (PA),54 anos,164
1507904,Soure (PA),55 anos,178
1507904,Soure (PA),56 anos,147
1507904,Soure (PA),57 anos,148
1507904,Soure (PA),58 anos,145
1507904,Soure (PA),59 anos,135
1507904,Soure (PA),60 anos,130
1507904,Soure (PA),61 anos,132
1507904,Soure (PA),62 anos,108
1507904,Soure (PA),63 anos,125
1507904,Soure (PA),64 anos,103
1507904,Soure (PA),65 anos,127
1507904,Soure (PA),66 anos,98
1507904,Soure (PA),67 anos,105
1507904,Soure (PA),68 anos,84
1507904,Soure (PA),69 anos,89
1507904,Soure (PA),70 anos,89
1507904,Soure (PA),71 anos,74
1507904,Soure (PA),72 anos,59
1507904,Soure (PA),73 anos,79
1507904,Soure (PA),74 anos,76
1507904,Soure (PA),75 anos,77
1507904,Soure (PA),76 anos,58
1507904,Soure (PA),77 anos,67
1507904,Soure (PA),78 anos,51
1507904,Soure (PA),79 anos,53
1507904,Soure (PA),80 anos,42
1507904,Soure (PA),81 anos,16
1507904,Soure (PA),82 anos,24
1507904,Soure (PA),83 anos,22
1507904,Soure (PA),84 anos,19
1507904,Soure (PA),85 anos,19
1507904,Soure (PA),86 anos,20
1507904,Soure (PA),87 anos,19
1507904,Soure (PA),88 anos,15
1507904,Soure (PA),89 anos,11
1507904,Soure (PA),90 anos,9
1507904,Soure (PA),91 anos,5
1507904,Soure (PA),92 anos,4
1507904,Soure (PA),93 anos,5
1507904,Soure (PA),94 anos,5
1507904,Soure (PA),95 anos,3
1507904,Soure (PA),96 anos,3
1507904,Soure (PA),97 anos,4
1507904,Soure (PA),98 anos,2
1507904,Soure (PA),99 anos,-
1507904,Soure (PA),100 anos ou mais,1
1507953,Tailândia (PA),Total,79297
1507953,Tailândia (PA),Menos de 1 ano,1497
1507953,Tailândia (PA),Menos de 1 mês,81
1507953,Tailândia (PA),1 mês,136
1507953,Tailândia (PA),2 meses,96
1507953,Tailândia (PA),3 meses,100
1507953,Tailândia (PA),4 meses,102
1507953,Tailândia (PA),5 meses,99
1507953,Tailândia (PA),6 meses,134
1507953,Tailândia (PA),7 meses,161
1507953,Tailândia (PA),8 meses,148
1507953,Tailândia (PA),9 meses,144
1507953,Tailândia (PA),10 meses,152
1507953,Tailândia (PA),11 meses,144
1507953,Tailândia (PA),1 ano,1612
1507953,Tailândia (PA),2 anos,1788
1507953,Tailândia (PA),3 anos,1779
1507953,Tailândia (PA),4 anos,1886
1507953,Tailândia (PA),5 anos,1979
1507953,Tailândia (PA),6 anos,1767
1507953,Tailândia (PA),7 anos,1914
1507953,Tailândia (PA),8 anos,1826
1507953,Tailândia (PA),9 anos,2017
1507953,Tailândia (PA),10 anos,2327
1507953,Tailândia (PA),11 anos,1959
1507953,Tailândia (PA),12 anos,1834
1507953,Tailândia (PA),13 anos,1667
1507953,Tailândia (PA),14 anos,1791
1507953,Tailândia (PA),15 anos,1853
1507953,Tailândia (PA),16 anos,1469
1507953,Tailândia (PA),17 anos,1620
1507953,Tailândia (PA),18 anos,1679
1507953,Tailândia (PA),19 anos,1697
1507953,Tailândia (PA),20 anos,1929
1507953,Tailândia (PA),21 anos,1750
1507953,Tailândia (PA),22 anos,1800
1507953,Tailândia (PA),23 anos,1708
1507953,Tailândia (PA),24 anos,1885
1507953,Tailândia (PA),25 anos,2031
1507953,Tailândia (PA),26 anos,1553
1507953,Tailândia (PA),27 anos,1615
1507953,Tailândia (PA),28 anos,1756
1507953,Tailândia (PA),29 anos,1848
1507953,Tailândia (PA),30 anos,2132
1507953,Tailândia (PA),31 anos,1442
1507953,Tailândia (PA),32 anos,1428
1507953,Tailândia (PA),33 anos,1146
1507953,Tailândia (PA),34 anos,1214
1507953,Tailândia (PA),35 anos,1403
1507953,Tailândia (PA),36 anos,892
1507953,Tailândia (PA),37 anos,895
1507953,Tailândia (PA),38 anos,943
1507953,Tailândia (PA),39 anos,1003
1507953,Tailândia (PA),40 anos,1232
1507953,Tailândia (PA),41 anos,773
1507953,Tailândia (PA),42 anos,725
1507953,Tailândia (PA),43 anos,547
1507953,Tailândia (PA),44 anos,597
1507953,Tailândia (PA),45 anos,749
1507953,Tailândia (PA),46 anos,520
1507953,Tailândia (PA),47 anos,473
1507953,Tailândia (PA),48 anos,493
1507953,Tailândia (PA),49 anos,507
1507953,Tailândia (PA),50 anos,579
1507953,Tailândia (PA),51 anos,367
1507953,Tailândia (PA),52 anos,356
1507953,Tailândia (PA),53 anos,299
1507953,Tailândia (PA),54 anos,293
1507953,Tailândia (PA),55 anos,377
1507953,Tailândia (PA),56 anos,299
1507953,Tailândia (PA),57 anos,274
1507953,Tailândia (PA),58 anos,276
1507953,Tailândia (PA),59 anos,250
1507953,Tailândia (PA),60 anos,355
1507953,Tailândia (PA),61 anos,206
1507953,Tailândia (PA),62 anos,186
1507953,Tailândia (PA),63 anos,138
1507953,Tailândia (PA),64 anos,208
1507953,Tailândia (PA),65 anos,244
1507953,Tailândia (PA),66 anos,162
1507953,Tailândia (PA),67 anos,128
1507953,Tailândia (PA),68 anos,138
1507953,Tailândia (PA),69 anos,166
1507953,Tailândia (PA),70 anos,208
1507953,Tailândia (PA),71 anos,90
1507953,Tailândia (PA),72 anos,90
1507953,Tailândia (PA),73 anos,72
1507953,Tailândia (PA),74 anos,76
1507953,Tailândia (PA),75 anos,85
1507953,Tailândia (PA),76 anos,60
1507953,Tailândia (PA),77 anos,64
1507953,Tailândia (PA),78 anos,46
1507953,Tailândia (PA),79 anos,38
1507953,Tailândia (PA),80 anos,54
1507953,Tailândia (PA),81 anos,11
1507953,Tailândia (PA),82 anos,27
1507953,Tailândia (PA),83 anos,18
1507953,Tailândia (PA),84 anos,16
1507953,Tailândia (PA),85 anos,17
1507953,Tailândia (PA),86 anos,8
1507953,Tailândia (PA),87 anos,13
1507953,Tailândia (PA),88 anos,11
1507953,Tailândia (PA),89 anos,8
1507953,Tailândia (PA),90 anos,4
1507953,Tailândia (PA),91 anos,2
1507953,Tailândia (PA),92 anos,3
1507953,Tailândia (PA),93 anos,4
1507953,Tailândia (PA),94 anos,7
1507953,Tailândia (PA),95 anos,5
1507953,Tailândia (PA),96 anos,-
1507953,Tailândia (PA),97 anos,1
1507953,Tailândia (PA),98 anos,4
1507953,Tailândia (PA),99 anos,-
1507953,Tailândia (PA),100 anos ou mais,4
1507961,Terra Alta (PA),Total,10262
1507961,Terra Alta (PA),Menos de 1 ano,200
1507961,Terra Alta (PA),Menos de 1 mês,16
1507961,Terra Alta (PA),1 mês,13
1507961,Terra Alta (PA),2 meses,19
1507961,Terra Alta (PA),3 meses,17
1507961,Terra Alta (PA),4 meses,9
1507961,Terra Alta (PA),5 meses,12
1507961,Terra Alta (PA),6 meses,16
1507961,Terra Alta (PA),7 meses,17
1507961,Terra Alta (PA),8 meses,18
1507961,Terra Alta (PA),9 meses,27
1507961,Terra Alta (PA),10 meses,20
1507961,Terra Alta (PA),11 meses,16
1507961,Terra Alta (PA),1 ano,194
1507961,Terra Alta (PA),2 anos,185
1507961,Terra Alta (PA),3 anos,191
1507961,Terra Alta (PA),4 anos,179
1507961,Terra Alta (PA),5 anos,205
1507961,Terra Alta (PA),6 anos,240
1507961,Terra Alta (PA),7 anos,199
1507961,Terra Alta (PA),8 anos,216
1507961,Terra Alta (PA),9 anos,212
1507961,Terra Alta (PA),10 anos,250
1507961,Terra Alta (PA),11 anos,234
1507961,Terra Alta (PA),12 anos,258
1507961,Terra Alta (PA),13 anos,282
1507961,Terra Alta (PA),14 anos,268
1507961,Terra Alta (PA),15 anos,255
1507961,Terra Alta (PA),16 anos,252
1507961,Terra Alta (PA),17 anos,221
1507961,Terra Alta (PA),18 anos,242
1507961,Terra Alta (PA),19 anos,207
1507961,Terra Alta (PA),20 anos,180
1507961,Terra Alta (PA),21 anos,178
1507961,Terra Alta (PA),22 anos,190
1507961,Terra Alta (PA),23 anos,156
1507961,Terra Alta (PA),24 anos,164
1507961,Terra Alta (PA),25 anos,178
1507961,Terra Alta (PA),26 anos,183
1507961,Terra Alta (PA),27 anos,167
1507961,Terra Alta (PA),28 anos,199
1507961,Terra Alta (PA),29 anos,155
1507961,Terra Alta (PA),30 anos,151
1507961,Terra Alta (PA),31 anos,128
1507961,Terra Alta (PA),32 anos,142
1507961,Terra Alta (PA),33 anos,140
1507961,Terra Alta (PA),34 anos,129
1507961,Terra Alta (PA),35 anos,155
1507961,Terra Alta (PA),36 anos,135
1507961,Terra Alta (PA),37 anos,109
1507961,Terra Alta (PA),38 anos,116
1507961,Terra Alta (PA),39 anos,116
1507961,Terra Alta (PA),40 anos,153
1507961,Terra Alta (PA),41 anos,108
1507961,Terra Alta (PA),42 anos,108
1507961,Terra Alta (PA),43 anos,99
1507961,Terra Alta (PA),44 anos,118
1507961,Terra Alta (PA),45 anos,103
1507961,Terra Alta (PA),46 anos,84
1507961,Terra Alta (PA),47 anos,75
1507961,Terra Alta (PA),48 anos,103
1507961,Terra Alta (PA),49 anos,87
1507961,Terra Alta (PA),50 anos,88
1507961,Terra Alta (PA),51 anos,65
1507961,Terra Alta (PA),52 anos,77
1507961,Terra Alta (PA),53 anos,63
1507961,Terra Alta (PA),54 anos,62
1507961,Terra Alta (PA),55 anos,74
1507961,Terra Alta (PA),56 anos,70
1507961,Terra Alta (PA),57 anos,70
1507961,Terra Alta (PA),58 anos,60
1507961,Terra Alta (PA),59 anos,65
1507961,Terra Alta (PA),60 anos,66
1507961,Terra Alta (PA),61 anos,54
1507961,Terra Alta (PA),62 anos,50
1507961,Terra Alta (PA),63 anos,50
1507961,Terra Alta (PA),64 anos,62
1507961,Terra Alta (PA),65 anos,52
1507961,Terra Alta (PA),66 anos,53
1507961,Terra Alta (PA),67 anos,55
1507961,Terra Alta (PA),68 anos,60
1507961,Terra Alta (PA),69 anos,43
1507961,Terra Alta (PA),70 anos,51
1507961,Terra Alta (PA),71 anos,40
1507961,Terra Alta (PA),72 anos,35
1507961,Terra Alta (PA),73 anos,22
1507961,Terra Alta (PA),74 anos,26
1507961,Terra Alta (PA),75 anos,24
1507961,Terra Alta (PA),76 anos,27
1507961,Terra Alta (PA),77 anos,23
1507961,Terra Alta (PA),78 anos,24
1507961,Terra Alta (PA),79 anos,23
1507961,Terra Alta (PA),80 anos,24
1507961,Terra Alta (PA),81 anos,13
1507961,Terra Alta (PA),82 anos,15
1507961,Terra Alta (PA),83 anos,12
1507961,Terra Alta (PA),84 anos,10
1507961,Terra Alta (PA),85 anos,9
1507961,Terra Alta (PA),86 anos,10
1507961,Terra Alta (PA),87 anos,7
1507961,Terra Alta (PA),88 anos,5
1507961,Terra Alta (PA),89 anos,6
1507961,Terra Alta (PA),90 anos,6
1507961,Terra Alta (PA),91 anos,2
1507961,Terra Alta (PA),92 anos,2
1507961,Terra Alta (PA),93 anos,-
1507961,Terra Alta (PA),94 anos,-
1507961,Terra Alta (PA),95 anos,1
1507961,Terra Alta (PA),96 anos,-
1507961,Terra Alta (PA),97 anos,3
1507961,Terra Alta (PA),98 anos,1
1507961,Terra Alta (PA),99 anos,1
1507961,Terra Alta (PA),100 anos ou mais,2
1507979,Terra Santa (PA),Total,16949
1507979,Terra Santa (PA),Menos de 1 ano,314
1507979,Terra Santa (PA),Menos de 1 mês,26
1507979,Terra Santa (PA),1 mês,22
1507979,Terra Santa (PA),2 meses,24
1507979,Terra Santa (PA),3 meses,14
1507979,Terra Santa (PA),4 meses,26
1507979,Terra Santa (PA),5 meses,23
1507979,Terra Santa (PA),6 meses,26
1507979,Terra Santa (PA),7 meses,26
1507979,Terra Santa (PA),8 meses,45
1507979,Terra Santa (PA),9 meses,29
1507979,Terra Santa (PA),10 meses,30
1507979,Terra Santa (PA),11 meses,23
1507979,Terra Santa (PA),1 ano,317
1507979,Terra Santa (PA),2 anos,321
1507979,Terra Santa (PA),3 anos,351
1507979,Terra Santa (PA),4 anos,351
1507979,Terra Santa (PA),5 anos,370
1507979,Terra Santa (PA),6 anos,402
1507979,Terra Santa (PA),7 anos,365
1507979,Terra Santa (PA),8 anos,414
1507979,Terra Santa (PA),9 anos,430
1507979,Terra Santa (PA),10 anos,433
1507979,Terra Santa (PA),11 anos,405
1507979,Terra Santa (PA),12 anos,410
1507979,Terra Santa (PA),13 anos,438
1507979,Terra Santa (PA),14 anos,452
1507979,Terra Santa (PA),15 anos,427
1507979,Terra Santa (PA),16 anos,410
1507979,Terra Santa (PA),17 anos,379
1507979,Terra Santa (PA),18 anos,391
1507979,Terra Santa (PA),19 anos,297
1507979,Terra Santa (PA),20 anos,332
1507979,Terra Santa (PA),21 anos,312
1507979,Terra Santa (PA),22 anos,298
1507979,Terra Santa (PA),23 anos,313
1507979,Terra Santa (PA),24 anos,290
1507979,Terra Santa (PA),25 anos,314
1507979,Terra Santa (PA),26 anos,307
1507979,Terra Santa (PA),27 anos,309
1507979,Terra Santa (PA),28 anos,252
1507979,Terra Santa (PA),29 anos,286
1507979,Terra Santa (PA),30 anos,313
1507979,Terra Santa (PA),31 anos,278
1507979,Terra Santa (PA),32 anos,245
1507979,Terra Santa (PA),33 anos,242
1507979,Terra Santa (PA),34 anos,234
1507979,Terra Santa (PA),35 anos,200
1507979,Terra Santa (PA),36 anos,201
1507979,Terra Santa (PA),37 anos,188
1507979,Terra Santa (PA),38 anos,227
1507979,Terra Santa (PA),39 anos,201
1507979,Terra Santa (PA),40 anos,204
1507979,Terra Santa (PA),41 anos,155
1507979,Terra Santa (PA),42 anos,127
1507979,Terra Santa (PA),43 anos,151
1507979,Terra Santa (PA),44 anos,147
1507979,Terra Santa (PA),45 anos,158
1507979,Terra Santa (PA),46 anos,133
1507979,Terra Santa (PA),47 anos,115
1507979,Terra Santa (PA),48 anos,138
1507979,Terra Santa (PA),49 anos,109
1507979,Terra Santa (PA),50 anos,145
1507979,Terra Santa (PA),51 anos,108
1507979,Terra Santa (PA),52 anos,115
1507979,Terra Santa (PA),53 anos,125
1507979,Terra Santa (PA),54 anos,131
1507979,Terra Santa (PA),55 anos,110
1507979,Terra Santa (PA),56 anos,98
1507979,Terra Santa (PA),57 anos,114
1507979,Terra Santa (PA),58 anos,102
1507979,Terra Santa (PA),59 anos,97
1507979,Terra Santa (PA),60 anos,79
1507979,Terra Santa (PA),61 anos,87
1507979,Terra Santa (PA),62 anos,78
1507979,Terra Santa (PA),63 anos,77
1507979,Terra Santa (PA),64 anos,87
1507979,Terra Santa (PA),65 anos,71
1507979,Terra Santa (PA),66 anos,69
1507979,Terra Santa (PA),67 anos,74
1507979,Terra Santa (PA),68 anos,63
1507979,Terra Santa (PA),69 anos,57
1507979,Terra Santa (PA),70 anos,66
1507979,Terra Santa (PA),71 anos,43
1507979,Terra Santa (PA),72 anos,44
1507979,Terra Santa (PA),73 anos,43
1507979,Terra Santa (PA),74 anos,43
1507979,Terra Santa (PA),75 anos,44
1507979,Terra Santa (PA),76 anos,33
1507979,Terra Santa (PA),77 anos,34
1507979,Terra Santa (PA),78 anos,32
1507979,Terra Santa (PA),79 anos,30
1507979,Terra Santa (PA),80 anos,31
1507979,Terra Santa (PA),81 anos,26
1507979,Terra Santa (PA),82 anos,21
1507979,Terra Santa (PA),83 anos,15
1507979,Terra Santa (PA),84 anos,16
1507979,Terra Santa (PA),85 anos,12
1507979,Terra Santa (PA),86 anos,6
1507979,Terra Santa (PA),87 anos,14
1507979,Terra Santa (PA),88 anos,9
1507979,Terra Santa (PA),89 anos,6
1507979,Terra Santa (PA),90 anos,10
1507979,Terra Santa (PA),91 anos,5
1507979,Terra Santa (PA),92 anos,6
1507979,Terra Santa (PA),93 anos,7
1507979,Terra Santa (PA),94 anos,3
1507979,Terra Santa (PA),95 anos,1
1507979,Terra Santa (PA),96 anos,2
1507979,Terra Santa (PA),97 anos,1
1507979,Terra Santa (PA),98 anos,3
1507979,Terra Santa (PA),99 anos,-
1507979,Terra Santa (PA),100 anos ou mais,-
1508001,Tomé-Açu (PA),Total,56518
1508001,Tomé-Açu (PA),Menos de 1 ano,1285
1508001,Tomé-Açu (PA),Menos de 1 mês,119
1508001,Tomé-Açu (PA),1 mês,89
1508001,Tomé-Açu (PA),2 meses,88
1508001,Tomé-Açu (PA),3 meses,100
1508001,Tomé-Açu (PA),4 meses,81
1508001,Tomé-Açu (PA),5 meses,96
1508001,Tomé-Açu (PA),6 meses,103
1508001,Tomé-Açu (PA),7 meses,130
1508001,Tomé-Açu (PA),8 meses,136
1508001,Tomé-Açu (PA),9 meses,120
1508001,Tomé-Açu (PA),10 meses,120
1508001,Tomé-Açu (PA),11 meses,103
1508001,Tomé-Açu (PA),1 ano,1287
1508001,Tomé-Açu (PA),2 anos,1382
1508001,Tomé-Açu (PA),3 anos,1297
1508001,Tomé-Açu (PA),4 anos,1296
1508001,Tomé-Açu (PA),5 anos,1277
1508001,Tomé-Açu (PA),6 anos,1312
1508001,Tomé-Açu (PA),7 anos,1266
1508001,Tomé-Açu (PA),8 anos,1299
1508001,Tomé-Açu (PA),9 anos,1272
1508001,Tomé-Açu (PA),10 anos,1393
1508001,Tomé-Açu (PA),11 anos,1307
1508001,Tomé-Açu (PA),12 anos,1357
1508001,Tomé-Açu (PA),13 anos,1284
1508001,Tomé-Açu (PA),14 anos,1408
1508001,Tomé-Açu (PA),15 anos,1366
1508001,Tomé-Açu (PA),16 anos,1297
1508001,Tomé-Açu (PA),17 anos,1232
1508001,Tomé-Açu (PA),18 anos,1276
1508001,Tomé-Açu (PA),19 anos,1160
1508001,Tomé-Açu (PA),20 anos,1106
1508001,Tomé-Açu (PA),21 anos,1126
1508001,Tomé-Açu (PA),22 anos,1160
1508001,Tomé-Açu (PA),23 anos,1058
1508001,Tomé-Açu (PA),24 anos,1113
1508001,Tomé-Açu (PA),25 anos,1044
1508001,Tomé-Açu (PA),26 anos,1012
1508001,Tomé-Açu (PA),27 anos,1001
1508001,Tomé-Açu (PA),28 anos,943
1508001,Tomé-Açu (PA),29 anos,971
1508001,Tomé-Açu (PA),30 anos,1059
1508001,Tomé-Açu (PA),31 anos,861
1508001,Tomé-Açu (PA),32 anos,895
1508001,Tomé-Açu (PA),33 anos,796
1508001,Tomé-Açu (PA),34 anos,745
1508001,Tomé-Açu (PA),35 anos,798
1508001,Tomé-Açu (PA),36 anos,757
1508001,Tomé-Açu (PA),37 anos,704
1508001,Tomé-Açu (PA),38 anos,622
1508001,Tomé-Açu (PA),39 anos,641
1508001,Tomé-Açu (PA),40 anos,682
1508001,Tomé-Açu (PA),41 anos,594
1508001,Tomé-Açu (PA),42 anos,584
1508001,Tomé-Açu (PA),43 anos,541
1508001,Tomé-Açu (PA),44 anos,516
1508001,Tomé-Açu (PA),45 anos,489
1508001,Tomé-Açu (PA),46 anos,488
1508001,Tomé-Açu (PA),47 anos,450
1508001,Tomé-Açu (PA),48 anos,405
1508001,Tomé-Açu (PA),49 anos,345
1508001,Tomé-Açu (PA),50 anos,405
1508001,Tomé-Açu (PA),51 anos,344
1508001,Tomé-Açu (PA),52 anos,356
1508001,Tomé-Açu (PA),53 anos,341
1508001,Tomé-Açu (PA),54 anos,332
1508001,Tomé-Açu (PA),55 anos,319
1508001,Tomé-Açu (PA),56 anos,308
1508001,Tomé-Açu (PA),57 anos,306
1508001,Tomé-Açu (PA),58 anos,305
1508001,Tomé-Açu (PA),59 anos,273
1508001,Tomé-Açu (PA),60 anos,269
1508001,Tomé-Açu (PA),61 anos,216
1508001,Tomé-Açu (PA),62 anos,227
1508001,Tomé-Açu (PA),63 anos,227
1508001,Tomé-Açu (PA),64 anos,194
1508001,Tomé-Açu (PA),65 anos,211
1508001,Tomé-Açu (PA),66 anos,217
1508001,Tomé-Açu (PA),67 anos,208
1508001,Tomé-Açu (PA),68 anos,202
1508001,Tomé-Açu (PA),69 anos,169
1508001,Tomé-Açu (PA),70 anos,192
1508001,Tomé-Açu (PA),71 anos,142
1508001,Tomé-Açu (PA),72 anos,106
1508001,Tomé-Açu (PA),73 anos,131
1508001,Tomé-Açu (PA),74 anos,127
1508001,Tomé-Açu (PA),75 anos,93
1508001,Tomé-Açu (PA),76 anos,85
1508001,Tomé-Açu (PA),77 anos,82
1508001,Tomé-Açu (PA),78 anos,60
1508001,Tomé-Açu (PA),79 anos,76
1508001,Tomé-Açu (PA),80 anos,65
1508001,Tomé-Açu (PA),81 anos,52
1508001,Tomé-Açu (PA),82 anos,42
1508001,Tomé-Açu (PA),83 anos,39
1508001,Tomé-Açu (PA),84 anos,42
1508001,Tomé-Açu (PA),85 anos,25
1508001,Tomé-Açu (PA),86 anos,29
1508001,Tomé-Açu (PA),87 anos,22
1508001,Tomé-Açu (PA),88 anos,19
1508001,Tomé-Açu (PA),89 anos,19
1508001,Tomé-Açu (PA),90 anos,14
1508001,Tomé-Açu (PA),91 anos,10
1508001,Tomé-Açu (PA),92 anos,10
1508001,Tomé-Açu (PA),93 anos,12
1508001,Tomé-Açu (PA),94 anos,7
1508001,Tomé-Açu (PA),95 anos,5
1508001,Tomé-Açu (PA),96 anos,5
1508001,Tomé-Açu (PA),97 anos,6
1508001,Tomé-Açu (PA),98 anos,3
1508001,Tomé-Açu (PA),99 anos,2
1508001,Tomé-Açu (PA),100 anos ou mais,8
1508035,Tracuateua (PA),Total,27455
1508035,Tracuateua (PA),Menos de 1 ano,523
1508035,Tracuateua (PA),Menos de 1 mês,40
1508035,Tracuateua (PA),1 mês,61
1508035,Tracuateua (PA),2 meses,51
1508035,Tracuateua (PA),3 meses,40
1508035,Tracuateua (PA),4 meses,32
1508035,Tracuateua (PA),5 meses,35
1508035,Tracuateua (PA),6 meses,37
1508035,Tracuateua (PA),7 meses,46
1508035,Tracuateua (PA),8 meses,43
1508035,Tracuateua (PA),9 meses,46
1508035,Tracuateua (PA),10 meses,52
1508035,Tracuateua (PA),11 meses,40
1508035,Tracuateua (PA),1 ano,584
1508035,Tracuateua (PA),2 anos,592
1508035,Tracuateua (PA),3 anos,627
1508035,Tracuateua (PA),4 anos,631
1508035,Tracuateua (PA),5 anos,658
1508035,Tracuateua (PA),6 anos,568
1508035,Tracuateua (PA),7 anos,625
1508035,Tracuateua (PA),8 anos,598
1508035,Tracuateua (PA),9 anos,654
1508035,Tracuateua (PA),10 anos,749
1508035,Tracuateua (PA),11 anos,669
1508035,Tracuateua (PA),12 anos,634
1508035,Tracuateua (PA),13 anos,678
1508035,Tracuateua (PA),14 anos,654
1508035,Tracuateua (PA),15 anos,684
1508035,Tracuateua (PA),16 anos,658
1508035,Tracuateua (PA),17 anos,634
1508035,Tracuateua (PA),18 anos,630
1508035,Tracuateua (PA),19 anos,547
1508035,Tracuateua (PA),20 anos,513
1508035,Tracuateua (PA),21 anos,545
1508035,Tracuateua (PA),22 anos,543
1508035,Tracuateua (PA),23 anos,503
1508035,Tracuateua (PA),24 anos,482
1508035,Tracuateua (PA),25 anos,484
1508035,Tracuateua (PA),26 anos,479
1508035,Tracuateua (PA),27 anos,445
1508035,Tracuateua (PA),28 anos,480
1508035,Tracuateua (PA),29 anos,413
1508035,Tracuateua (PA),30 anos,419
1508035,Tracuateua (PA),31 anos,375
1508035,Tracuateua (PA),32 anos,410
1508035,Tracuateua (PA),33 anos,393
1508035,Tracuateua (PA),34 anos,334
1508035,Tracuateua (PA),35 anos,362
1508035,Tracuateua (PA),36 anos,325
1508035,Tracuateua (PA),37 anos,311
1508035,Tracuateua (PA),38 anos,306
1508035,Tracuateua (PA),39 anos,273
1508035,Tracuateua (PA),40 anos,291
1508035,Tracuateua (PA),41 anos,243
1508035,Tracuateua (PA),42 anos,246
1508035,Tracuateua (PA),43 anos,257
1508035,Tracuateua (PA),44 anos,283
1508035,Tracuateua (PA),45 anos,240
1508035,Tracuateua (PA),46 anos,203
1508035,Tracuateua (PA),47 anos,218
1508035,Tracuateua (PA),48 anos,220
1508035,Tracuateua (PA),49 anos,223
1508035,Tracuateua (PA),50 anos,225
1508035,Tracuateua (PA),51 anos,172
1508035,Tracuateua (PA),52 anos,231
1508035,Tracuateua (PA),53 anos,195
1508035,Tracuateua (PA),54 anos,170
1508035,Tracuateua (PA),55 anos,192
1508035,Tracuateua (PA),56 anos,192
1508035,Tracuateua (PA),57 anos,165
1508035,Tracuateua (PA),58 anos,177
1508035,Tracuateua (PA),59 anos,148
1508035,Tracuateua (PA),60 anos,131
1508035,Tracuateua (PA),61 anos,112
1508035,Tracuateua (PA),62 anos,141
1508035,Tracuateua (PA),63 anos,139
1508035,Tracuateua (PA),64 anos,112
1508035,Tracuateua (PA),65 anos,134
1508035,Tracuateua (PA),66 anos,121
1508035,Tracuateua (PA),67 anos,110
1508035,Tracuateua (PA),68 anos,114
1508035,Tracuateua (PA),69 anos,69
1508035,Tracuateua (PA),70 anos,94
1508035,Tracuateua (PA),71 anos,63
1508035,Tracuateua (PA),72 anos,75
1508035,Tracuateua (PA),73 anos,74
1508035,Tracuateua (PA),74 anos,68
1508035,Tracuateua (PA),75 anos,91
1508035,Tracuateua (PA),76 anos,59
1508035,Tracuateua (PA),77 anos,57
1508035,Tracuateua (PA),78 anos,52
1508035,Tracuateua (PA),79 anos,54
1508035,Tracuateua (PA),80 anos,42
1508035,Tracuateua (PA),81 anos,43
1508035,Tracuateua (PA),82 anos,38
1508035,Tracuateua (PA),83 anos,32
1508035,Tracuateua (PA),84 anos,18
1508035,Tracuateua (PA),85 anos,22
1508035,Tracuateua (PA),86 anos,18
1508035,Tracuateua (PA),87 anos,23
1508035,Tracuateua (PA),88 anos,14
1508035,Tracuateua (PA),89 anos,11
1508035,Tracuateua (PA),90 anos,7
1508035,Tracuateua (PA),91 anos,4
1508035,Tracuateua (PA),92 anos,4
1508035,Tracuateua (PA),93 anos,4
1508035,Tracuateua (PA),94 anos,7
1508035,Tracuateua (PA),95 anos,4
1508035,Tracuateua (PA),96 anos,4
1508035,Tracuateua (PA),97 anos,1
1508035,Tracuateua (PA),98 anos,3
1508035,Tracuateua (PA),99 anos,2
1508035,Tracuateua (PA),100 anos ou mais,1
1508050,Trairão (PA),Total,16875
1508050,Trairão (PA),Menos de 1 ano,357
1508050,Trairão (PA),Menos de 1 mês,34
1508050,Trairão (PA),1 mês,22
1508050,Trairão (PA),2 meses,19
1508050,Trairão (PA),3 meses,32
1508050,Trairão (PA),4 meses,23
1508050,Trairão (PA),5 meses,26
1508050,Trairão (PA),6 meses,22
1508050,Trairão (PA),7 meses,42
1508050,Trairão (PA),8 meses,25
1508050,Trairão (PA),9 meses,46
1508050,Trairão (PA),10 meses,31
1508050,Trairão (PA),11 meses,35
1508050,Trairão (PA),1 ano,375
1508050,Trairão (PA),2 anos,355
1508050,Trairão (PA),3 anos,379
1508050,Trairão (PA),4 anos,355
1508050,Trairão (PA),5 anos,413
1508050,Trairão (PA),6 anos,339
1508050,Trairão (PA),7 anos,372
1508050,Trairão (PA),8 anos,371
1508050,Trairão (PA),9 anos,344
1508050,Trairão (PA),10 anos,376
1508050,Trairão (PA),11 anos,393
1508050,Trairão (PA),12 anos,376
1508050,Trairão (PA),13 anos,329
1508050,Trairão (PA),14 anos,386
1508050,Trairão (PA),15 anos,366
1508050,Trairão (PA),16 anos,345
1508050,Trairão (PA),17 anos,303
1508050,Trairão (PA),18 anos,321
1508050,Trairão (PA),19 anos,364
1508050,Trairão (PA),20 anos,333
1508050,Trairão (PA),21 anos,355
1508050,Trairão (PA),22 anos,334
1508050,Trairão (PA),23 anos,352
1508050,Trairão (PA),24 anos,384
1508050,Trairão (PA),25 anos,377
1508050,Trairão (PA),26 anos,339
1508050,Trairão (PA),27 anos,356
1508050,Trairão (PA),28 anos,348
1508050,Trairão (PA),29 anos,336
1508050,Trairão (PA),30 anos,369
1508050,Trairão (PA),31 anos,296
1508050,Trairão (PA),32 anos,288
1508050,Trairão (PA),33 anos,220
1508050,Trairão (PA),34 anos,271
1508050,Trairão (PA),35 anos,248
1508050,Trairão (PA),36 anos,210
1508050,Trairão (PA),37 anos,191
1508050,Trairão (PA),38 anos,221
1508050,Trairão (PA),39 anos,217
1508050,Trairão (PA),40 anos,219
1508050,Trairão (PA),41 anos,187
1508050,Trairão (PA),42 anos,163
1508050,Trairão (PA),43 anos,141
1508050,Trairão (PA),44 anos,141
1508050,Trairão (PA),45 anos,154
1508050,Trairão (PA),46 anos,155
1508050,Trairão (PA),47 anos,163
1508050,Trairão (PA),48 anos,133
1508050,Trairão (PA),49 anos,144
1508050,Trairão (PA),50 anos,168
1508050,Trairão (PA),51 anos,127
1508050,Trairão (PA),52 anos,125
1508050,Trairão (PA),53 anos,118
1508050,Trairão (PA),54 anos,112
1508050,Trairão (PA),55 anos,119
1508050,Trairão (PA),56 anos,115
1508050,Trairão (PA),57 anos,91
1508050,Trairão (PA),58 anos,87
1508050,Trairão (PA),59 anos,84
1508050,Trairão (PA),60 anos,92
1508050,Trairão (PA),61 anos,75
1508050,Trairão (PA),62 anos,73
1508050,Trairão (PA),63 anos,56
1508050,Trairão (PA),64 anos,52
1508050,Trairão (PA),65 anos,63
1508050,Trairão (PA),66 anos,44
1508050,Trairão (PA),67 anos,52
1508050,Trairão (PA),68 anos,50
1508050,Trairão (PA),69 anos,27
1508050,Trairão (PA),70 anos,35
1508050,Trairão (PA),71 anos,26
1508050,Trairão (PA),72 anos,22
1508050,Trairão (PA),73 anos,25
1508050,Trairão (PA),74 anos,30
1508050,Trairão (PA),75 anos,15
1508050,Trairão (PA),76 anos,28
1508050,Trairão (PA),77 anos,19
1508050,Trairão (PA),78 anos,15
1508050,Trairão (PA),79 anos,8
1508050,Trairão (PA),80 anos,10
1508050,Trairão (PA),81 anos,8
1508050,Trairão (PA),82 anos,4
1508050,Trairão (PA),83 anos,9
1508050,Trairão (PA),84 anos,8
1508050,Trairão (PA),85 anos,2
1508050,Trairão (PA),86 anos,3
1508050,Trairão (PA),87 anos,4
1508050,Trairão (PA),88 anos,3
1508050,Trairão (PA),89 anos,2
1508050,Trairão (PA),90 anos,1
1508050,Trairão (PA),91 anos,-
1508050,Trairão (PA),92 anos,-
1508050,Trairão (PA),93 anos,-
1508050,Trairão (PA),94 anos,2
1508050,Trairão (PA),95 anos,-
1508050,Trairão (PA),96 anos,-
1508050,Trairão (PA),97 anos,1
1508050,Trairão (PA),98 anos,-
1508050,Trairão (PA),99 anos,-
1508050,Trairão (PA),100 anos ou mais,1
1508084,Tucumã (PA),Total,33690
1508084,Tucumã (PA),Menos de 1 ano,700
1508084,Tucumã (PA),Menos de 1 mês,70
1508084,Tucumã (PA),1 mês,44
1508084,Tucumã (PA),2 meses,58
1508084,Tucumã (PA),3 meses,43
1508084,Tucumã (PA),4 meses,47
1508084,Tucumã (PA),5 meses,51
1508084,Tucumã (PA),6 meses,47
1508084,Tucumã (PA),7 meses,69
1508084,Tucumã (PA),8 meses,76
1508084,Tucumã (PA),9 meses,65
1508084,Tucumã (PA),10 meses,64
1508084,Tucumã (PA),11 meses,66
1508084,Tucumã (PA),1 ano,663
1508084,Tucumã (PA),2 anos,663
1508084,Tucumã (PA),3 anos,644
1508084,Tucumã (PA),4 anos,621
1508084,Tucumã (PA),5 anos,652
1508084,Tucumã (PA),6 anos,634
1508084,Tucumã (PA),7 anos,666
1508084,Tucumã (PA),8 anos,637
1508084,Tucumã (PA),9 anos,686
1508084,Tucumã (PA),10 anos,708
1508084,Tucumã (PA),11 anos,679
1508084,Tucumã (PA),12 anos,681
1508084,Tucumã (PA),13 anos,717
1508084,Tucumã (PA),14 anos,699
1508084,Tucumã (PA),15 anos,758
1508084,Tucumã (PA),16 anos,736
1508084,Tucumã (PA),17 anos,705
1508084,Tucumã (PA),18 anos,701
1508084,Tucumã (PA),19 anos,687
1508084,Tucumã (PA),20 anos,701
1508084,Tucumã (PA),21 anos,690
1508084,Tucumã (PA),22 anos,668
1508084,Tucumã (PA),23 anos,673
1508084,Tucumã (PA),24 anos,717
1508084,Tucumã (PA),25 anos,664
1508084,Tucumã (PA),26 anos,675
1508084,Tucumã (PA),27 anos,685
1508084,Tucumã (PA),28 anos,649
1508084,Tucumã (PA),29 anos,612
1508084,Tucumã (PA),30 anos,657
1508084,Tucumã (PA),31 anos,611
1508084,Tucumã (PA),32 anos,575
1508084,Tucumã (PA),33 anos,549
1508084,Tucumã (PA),34 anos,522
1508084,Tucumã (PA),35 anos,512
1508084,Tucumã (PA),36 anos,490
1508084,Tucumã (PA),37 anos,459
1508084,Tucumã (PA),38 anos,437
1508084,Tucumã (PA),39 anos,437
1508084,Tucumã (PA),40 anos,415
1508084,Tucumã (PA),41 anos,429
1508084,Tucumã (PA),42 anos,422
1508084,Tucumã (PA),43 anos,408
1508084,Tucumã (PA),44 anos,399
1508084,Tucumã (PA),45 anos,377
1508084,Tucumã (PA),46 anos,389
1508084,Tucumã (PA),47 anos,327
1508084,Tucumã (PA),48 anos,303
1508084,Tucumã (PA),49 anos,308
1508084,Tucumã (PA),50 anos,317
1508084,Tucumã (PA),51 anos,266
1508084,Tucumã (PA),52 anos,264
1508084,Tucumã (PA),53 anos,234
1508084,Tucumã (PA),54 anos,244
1508084,Tucumã (PA),55 anos,234
1508084,Tucumã (PA),56 anos,240
1508084,Tucumã (PA),57 anos,183
1508084,Tucumã (PA),58 anos,178
1508084,Tucumã (PA),59 anos,171
1508084,Tucumã (PA),60 anos,169
1508084,Tucumã (PA),61 anos,123
1508084,Tucumã (PA),62 anos,144
1508084,Tucumã (PA),63 anos,133
1508084,Tucumã (PA),64 anos,131
1508084,Tucumã (PA),65 anos,132
1508084,Tucumã (PA),66 anos,135
1508084,Tucumã (PA),67 anos,102
1508084,Tucumã (PA),68 anos,89
1508084,Tucumã (PA),69 anos,93
1508084,Tucumã (PA),70 anos,94
1508084,Tucumã (PA),71 anos,79
1508084,Tucumã (PA),72 anos,64
1508084,Tucumã (PA),73 anos,66
1508084,Tucumã (PA),74 anos,59
1508084,Tucumã (PA),75 anos,50
1508084,Tucumã (PA),76 anos,41
1508084,Tucumã (PA),77 anos,43
1508084,Tucumã (PA),78 anos,42
1508084,Tucumã (PA),79 anos,20
1508084,Tucumã (PA),80 anos,22
1508084,Tucumã (PA),81 anos,26
1508084,Tucumã (PA),82 anos,23
1508084,Tucumã (PA),83 anos,6
1508084,Tucumã (PA),84 anos,16
1508084,Tucumã (PA),85 anos,15
1508084,Tucumã (PA),86 anos,13
1508084,Tucumã (PA),87 anos,5
1508084,Tucumã (PA),88 anos,6
1508084,Tucumã (PA),89 anos,8
1508084,Tucumã (PA),90 anos,2
1508084,Tucumã (PA),91 anos,4
1508084,Tucumã (PA),92 anos,-
1508084,Tucumã (PA),93 anos,3
1508084,Tucumã (PA),94 anos,-
1508084,Tucumã (PA),95 anos,-
1508084,Tucumã (PA),96 anos,2
1508084,Tucumã (PA),97 anos,-
1508084,Tucumã (PA),98 anos,-
1508084,Tucumã (PA),99 anos,2
1508084,Tucumã (PA),100 anos ou mais,-
1508100,Tucuruí (PA),Total,97128
1508100,Tucuruí (PA),Menos de 1 ano,1959
1508100,Tucuruí (PA),Menos de 1 mês,174
1508100,Tucuruí (PA),1 mês,135
1508100,Tucuruí (PA),2 meses,146
1508100,Tucuruí (PA),3 meses,151
1508100,Tucuruí (PA),4 meses,147
1508100,Tucuruí (PA),5 meses,139
1508100,Tucuruí (PA),6 meses,163
1508100,Tucuruí (PA),7 meses,184
1508100,Tucuruí (PA),8 meses,176
1508100,Tucuruí (PA),9 meses,170
1508100,Tucuruí (PA),10 meses,180
1508100,Tucuruí (PA),11 meses,194
1508100,Tucuruí (PA),1 ano,1954
1508100,Tucuruí (PA),2 anos,1970
1508100,Tucuruí (PA),3 anos,2046
1508100,Tucuruí (PA),4 anos,2056
1508100,Tucuruí (PA),5 anos,2133
1508100,Tucuruí (PA),6 anos,2041
1508100,Tucuruí (PA),7 anos,1997
1508100,Tucuruí (PA),8 anos,2029
1508100,Tucuruí (PA),9 anos,1957
1508100,Tucuruí (PA),10 anos,2256
1508100,Tucuruí (PA),11 anos,2233
1508100,Tucuruí (PA),12 anos,2141
1508100,Tucuruí (PA),13 anos,2129
1508100,Tucuruí (PA),14 anos,2207
1508100,Tucuruí (PA),15 anos,2236
1508100,Tucuruí (PA),16 anos,2172
1508100,Tucuruí (PA),17 anos,2055
1508100,Tucuruí (PA),18 anos,2091
1508100,Tucuruí (PA),19 anos,1976
1508100,Tucuruí (PA),20 anos,2055
1508100,Tucuruí (PA),21 anos,2037
1508100,Tucuruí (PA),22 anos,2152
1508100,Tucuruí (PA),23 anos,2050
1508100,Tucuruí (PA),24 anos,2095
1508100,Tucuruí (PA),25 anos,2102
1508100,Tucuruí (PA),26 anos,1867
1508100,Tucuruí (PA),27 anos,1899
1508100,Tucuruí (PA),28 anos,1945
1508100,Tucuruí (PA),29 anos,1694
1508100,Tucuruí (PA),30 anos,1965
1508100,Tucuruí (PA),31 anos,1622
1508100,Tucuruí (PA),32 anos,1629
1508100,Tucuruí (PA),33 anos,1507
1508100,Tucuruí (PA),34 anos,1389
1508100,Tucuruí (PA),35 anos,1501
1508100,Tucuruí (PA),36 anos,1292
1508100,Tucuruí (PA),37 anos,1235
1508100,Tucuruí (PA),38 anos,1231
1508100,Tucuruí (PA),39 anos,1146
1508100,Tucuruí (PA),40 anos,1275
1508100,Tucuruí (PA),41 anos,1029
1508100,Tucuruí (PA),42 anos,1056
1508100,Tucuruí (PA),43 anos,972
1508100,Tucuruí (PA),44 anos,952
1508100,Tucuruí (PA),45 anos,901
1508100,Tucuruí (PA),46 anos,908
1508100,Tucuruí (PA),47 anos,893
1508100,Tucuruí (PA),48 anos,870
1508100,Tucuruí (PA),49 anos,793
1508100,Tucuruí (PA),50 anos,823
1508100,Tucuruí (PA),51 anos,696
1508100,Tucuruí (PA),52 anos,798
1508100,Tucuruí (PA),53 anos,687
1508100,Tucuruí (PA),54 anos,643
1508100,Tucuruí (PA),55 anos,637
1508100,Tucuruí (PA),56 anos,590
1508100,Tucuruí (PA),57 anos,506
1508100,Tucuruí (PA),58 anos,521
1508100,Tucuruí (PA),59 anos,446
1508100,Tucuruí (PA),60 anos,488
1508100,Tucuruí (PA),61 anos,321
1508100,Tucuruí (PA),62 anos,350
1508100,Tucuruí (PA),63 anos,309
1508100,Tucuruí (PA),64 anos,283
1508100,Tucuruí (PA),65 anos,329
1508100,Tucuruí (PA),66 anos,283
1508100,Tucuruí (PA),67 anos,253
1508100,Tucuruí (PA),68 anos,209
1508100,Tucuruí (PA),69 anos,236
1508100,Tucuruí (PA),70 anos,256
1508100,Tucuruí (PA),71 anos,161
1508100,Tucuruí (PA),72 anos,170
1508100,Tucuruí (PA),73 anos,158
1508100,Tucuruí (PA),74 anos,183
1508100,Tucuruí (PA),75 anos,131
1508100,Tucuruí (PA),76 anos,113
1508100,Tucuruí (PA),77 anos,106
1508100,Tucuruí (PA),78 anos,133
1508100,Tucuruí (PA),79 anos,81
1508100,Tucuruí (PA),80 anos,101
1508100,Tucuruí (PA),81 anos,45
1508100,Tucuruí (PA),82 anos,49
1508100,Tucuruí (PA),83 anos,48
1508100,Tucuruí (PA),84 anos,49
1508100,Tucuruí (PA),85 anos,36
1508100,Tucuruí (PA),86 anos,28
1508100,Tucuruí (PA),87 anos,24
1508100,Tucuruí (PA),88 anos,23
1508100,Tucuruí (PA),89 anos,15
1508100,Tucuruí (PA),90 anos,23
1508100,Tucuruí (PA),91 anos,14
1508100,Tucuruí (PA),92 anos,21
1508100,Tucuruí (PA),93 anos,13
1508100,Tucuruí (PA),94 anos,9
1508100,Tucuruí (PA),95 anos,8
1508100,Tucuruí (PA),96 anos,6
1508100,Tucuruí (PA),97 anos,2
1508100,Tucuruí (PA),98 anos,6
1508100,Tucuruí (PA),99 anos,3
1508100,Tucuruí (PA),100 anos ou mais,5
1508126,Ulianópolis (PA),Total,43341
1508126,Ulianópolis (PA),Menos de 1 ano,922
1508126,Ulianópolis (PA),Menos de 1 mês,43
1508126,Ulianópolis (PA),1 mês,51
1508126,Ulianópolis (PA),2 meses,60
1508126,Ulianópolis (PA),3 meses,52
1508126,Ulianópolis (PA),4 meses,61
1508126,Ulianópolis (PA),5 meses,64
1508126,Ulianópolis (PA),6 meses,106
1508126,Ulianópolis (PA),7 meses,104
1508126,Ulianópolis (PA),8 meses,108
1508126,Ulianópolis (PA),9 meses,93
1508126,Ulianópolis (PA),10 meses,96
1508126,Ulianópolis (PA),11 meses,84
1508126,Ulianópolis (PA),1 ano,937
1508126,Ulianópolis (PA),2 anos,967
1508126,Ulianópolis (PA),3 anos,892
1508126,Ulianópolis (PA),4 anos,1012
1508126,Ulianópolis (PA),5 anos,953
1508126,Ulianópolis (PA),6 anos,915
1508126,Ulianópolis (PA),7 anos,1083
1508126,Ulianópolis (PA),8 anos,959
1508126,Ulianópolis (PA),9 anos,1121
1508126,Ulianópolis (PA),10 anos,1334
1508126,Ulianópolis (PA),11 anos,1162
1508126,Ulianópolis (PA),12 anos,941
1508126,Ulianópolis (PA),13 anos,795
1508126,Ulianópolis (PA),14 anos,860
1508126,Ulianópolis (PA),15 anos,843
1508126,Ulianópolis (PA),16 anos,711
1508126,Ulianópolis (PA),17 anos,822
1508126,Ulianópolis (PA),18 anos,742
1508126,Ulianópolis (PA),19 anos,1023
1508126,Ulianópolis (PA),20 anos,1258
1508126,Ulianópolis (PA),21 anos,904
1508126,Ulianópolis (PA),22 anos,887
1508126,Ulianópolis (PA),23 anos,860
1508126,Ulianópolis (PA),24 anos,1072
1508126,Ulianópolis (PA),25 anos,927
1508126,Ulianópolis (PA),26 anos,656
1508126,Ulianópolis (PA),27 anos,782
1508126,Ulianópolis (PA),28 anos,772
1508126,Ulianópolis (PA),29 anos,952
1508126,Ulianópolis (PA),30 anos,1156
1508126,Ulianópolis (PA),31 anos,919
1508126,Ulianópolis (PA),32 anos,844
1508126,Ulianópolis (PA),33 anos,600
1508126,Ulianópolis (PA),34 anos,775
1508126,Ulianópolis (PA),35 anos,714
1508126,Ulianópolis (PA),36 anos,615
1508126,Ulianópolis (PA),37 anos,725
1508126,Ulianópolis (PA),38 anos,538
1508126,Ulianópolis (PA),39 anos,708
1508126,Ulianópolis (PA),40 anos,739
1508126,Ulianópolis (PA),41 anos,424
1508126,Ulianópolis (PA),42 anos,420
1508126,Ulianópolis (PA),43 anos,275
1508126,Ulianópolis (PA),44 anos,363
1508126,Ulianópolis (PA),45 anos,393
1508126,Ulianópolis (PA),46 anos,265
1508126,Ulianópolis (PA),47 anos,306
1508126,Ulianópolis (PA),48 anos,278
1508126,Ulianópolis (PA),49 anos,255
1508126,Ulianópolis (PA),50 anos,354
1508126,Ulianópolis (PA),51 anos,284
1508126,Ulianópolis (PA),52 anos,281
1508126,Ulianópolis (PA),53 anos,221
1508126,Ulianópolis (PA),54 anos,392
1508126,Ulianópolis (PA),55 anos,221
1508126,Ulianópolis (PA),56 anos,170
1508126,Ulianópolis (PA),57 anos,154
1508126,Ulianópolis (PA),58 anos,146
1508126,Ulianópolis (PA),59 anos,147
1508126,Ulianópolis (PA),60 anos,208
1508126,Ulianópolis (PA),61 anos,145
1508126,Ulianópolis (PA),62 anos,123
1508126,Ulianópolis (PA),63 anos,79
1508126,Ulianópolis (PA),64 anos,116
1508126,Ulianópolis (PA),65 anos,142
1508126,Ulianópolis (PA),66 anos,80
1508126,Ulianópolis (PA),67 anos,73
1508126,Ulianópolis (PA),68 anos,81
1508126,Ulianópolis (PA),69 anos,68
1508126,Ulianópolis (PA),70 anos,70
1508126,Ulianópolis (PA),71 anos,56
1508126,Ulianópolis (PA),72 anos,45
1508126,Ulianópolis (PA),73 anos,26
1508126,Ulianópolis (PA),74 anos,43
1508126,Ulianópolis (PA),75 anos,46
1508126,Ulianópolis (PA),76 anos,18
1508126,Ulianópolis (PA),77 anos,25
1508126,Ulianópolis (PA),78 anos,28
1508126,Ulianópolis (PA),79 anos,25
1508126,Ulianópolis (PA),80 anos,26
1508126,Ulianópolis (PA),81 anos,12
1508126,Ulianópolis (PA),82 anos,6
1508126,Ulianópolis (PA),83 anos,5
1508126,Ulianópolis (PA),84 anos,12
1508126,Ulianópolis (PA),85 anos,9
1508126,Ulianópolis (PA),86 anos,7
1508126,Ulianópolis (PA),87 anos,4
1508126,Ulianópolis (PA),88 anos,2
1508126,Ulianópolis (PA),89 anos,5
1508126,Ulianópolis (PA),90 anos,2
1508126,Ulianópolis (PA),91 anos,4
1508126,Ulianópolis (PA),92 anos,-
1508126,Ulianópolis (PA),93 anos,-
1508126,Ulianópolis (PA),94 anos,-
1508126,Ulianópolis (PA),95 anos,2
1508126,Ulianópolis (PA),96 anos,-
1508126,Ulianópolis (PA),97 anos,1
1508126,Ulianópolis (PA),98 anos,-
1508126,Ulianópolis (PA),99 anos,-
1508126,Ulianópolis (PA),100 anos ou mais,1
1508159,Uruará (PA),Total,44789
1508159,Uruará (PA),Menos de 1 ano,908
1508159,Uruará (PA),Menos de 1 mês,72
1508159,Uruará (PA),1 mês,74
1508159,Uruará (PA),2 meses,63
1508159,Uruará (PA),3 meses,60
1508159,Uruará (PA),4 meses,54
1508159,Uruará (PA),5 meses,74
1508159,Uruará (PA),6 meses,87
1508159,Uruará (PA),7 meses,94
1508159,Uruará (PA),8 meses,89
1508159,Uruará (PA),9 meses,97
1508159,Uruará (PA),10 meses,78
1508159,Uruará (PA),11 meses,66
1508159,Uruará (PA),1 ano,923
1508159,Uruará (PA),2 anos,1031
1508159,Uruará (PA),3 anos,991
1508159,Uruará (PA),4 anos,934
1508159,Uruará (PA),5 anos,1016
1508159,Uruará (PA),6 anos,949
1508159,Uruará (PA),7 anos,913
1508159,Uruará (PA),8 anos,936
1508159,Uruará (PA),9 anos,1032
1508159,Uruará (PA),10 anos,1098
1508159,Uruará (PA),11 anos,988
1508159,Uruará (PA),12 anos,1032
1508159,Uruará (PA),13 anos,979
1508159,Uruará (PA),14 anos,985
1508159,Uruará (PA),15 anos,1032
1508159,Uruará (PA),16 anos,914
1508159,Uruará (PA),17 anos,970
1508159,Uruará (PA),18 anos,857
1508159,Uruará (PA),19 anos,896
1508159,Uruará (PA),20 anos,953
1508159,Uruará (PA),21 anos,806
1508159,Uruará (PA),22 anos,920
1508159,Uruará (PA),23 anos,835
1508159,Uruará (PA),24 anos,933
1508159,Uruará (PA),25 anos,983
1508159,Uruará (PA),26 anos,850
1508159,Uruará (PA),27 anos,835
1508159,Uruará (PA),28 anos,880
1508159,Uruará (PA),29 anos,870
1508159,Uruará (PA),30 anos,1013
1508159,Uruará (PA),31 anos,724
1508159,Uruará (PA),32 anos,804
1508159,Uruará (PA),33 anos,685
1508159,Uruará (PA),34 anos,687
1508159,Uruará (PA),35 anos,675
1508159,Uruará (PA),36 anos,532
1508159,Uruará (PA),37 anos,537
1508159,Uruará (PA),38 anos,566
1508159,Uruará (PA),39 anos,545
1508159,Uruará (PA),40 anos,620
1508159,Uruará (PA),41 anos,471
1508159,Uruará (PA),42 anos,493
1508159,Uruará (PA),43 anos,413
1508159,Uruará (PA),44 anos,412
1508159,Uruará (PA),45 anos,450
1508159,Uruará (PA),46 anos,374
1508159,Uruará (PA),47 anos,389
1508159,Uruará (PA),48 anos,344
1508159,Uruará (PA),49 anos,359
1508159,Uruará (PA),50 anos,372
1508159,Uruará (PA),51 anos,347
1508159,Uruará (PA),52 anos,339
1508159,Uruará (PA),53 anos,268
1508159,Uruará (PA),54 anos,275
1508159,Uruará (PA),55 anos,276
1508159,Uruará (PA),56 anos,253
1508159,Uruará (PA),57 anos,251
1508159,Uruará (PA),58 anos,239
1508159,Uruará (PA),59 anos,199
1508159,Uruará (PA),60 anos,243
1508159,Uruará (PA),61 anos,210
1508159,Uruará (PA),62 anos,175
1508159,Uruará (PA),63 anos,164
1508159,Uruará (PA),64 anos,177
1508159,Uruará (PA),65 anos,178
1508159,Uruará (PA),66 anos,141
1508159,Uruará (PA),67 anos,129
1508159,Uruará (PA),68 anos,113
1508159,Uruará (PA),69 anos,122
1508159,Uruará (PA),70 anos,149
1508159,Uruará (PA),71 anos,96
1508159,Uruará (PA),72 anos,80
1508159,Uruará (PA),73 anos,81
1508159,Uruará (PA),74 anos,67
1508159,Uruará (PA),75 anos,85
1508159,Uruará (PA),76 anos,59
1508159,Uruará (PA),77 anos,47
1508159,Uruará (PA),78 anos,48
1508159,Uruará (PA),79 anos,32
1508159,Uruará (PA),80 anos,39
1508159,Uruará (PA),81 anos,28
1508159,Uruará (PA),82 anos,24
1508159,Uruará (PA),83 anos,29
1508159,Uruará (PA),84 anos,23
1508159,Uruará (PA),85 anos,13
1508159,Uruará (PA),86 anos,12
1508159,Uruará (PA),87 anos,9
1508159,Uruará (PA),88 anos,8
1508159,Uruará (PA),89 anos,11
1508159,Uruará (PA),90 anos,8
1508159,Uruará (PA),91 anos,5
1508159,Uruará (PA),92 anos,5
1508159,Uruará (PA),93 anos,2
1508159,Uruará (PA),94 anos,2
1508159,Uruará (PA),95 anos,1
1508159,Uruará (PA),96 anos,3
1508159,Uruará (PA),97 anos,2
1508159,Uruará (PA),98 anos,2
1508159,Uruará (PA),99 anos,-
1508159,Uruará (PA),100 anos ou mais,6
1508209,Vigia (PA),Total,47889
1508209,Vigia (PA),Menos de 1 ano,848
1508209,Vigia (PA),Menos de 1 mês,64
1508209,Vigia (PA),1 mês,68
1508209,Vigia (PA),2 meses,59
1508209,Vigia (PA),3 meses,68
1508209,Vigia (PA),4 meses,79
1508209,Vigia (PA),5 meses,51
1508209,Vigia (PA),6 meses,67
1508209,Vigia (PA),7 meses,91
1508209,Vigia (PA),8 meses,76
1508209,Vigia (PA),9 meses,63
1508209,Vigia (PA),10 meses,87
1508209,Vigia (PA),11 meses,75
1508209,Vigia (PA),1 ano,831
1508209,Vigia (PA),2 anos,873
1508209,Vigia (PA),3 anos,857
1508209,Vigia (PA),4 anos,933
1508209,Vigia (PA),5 anos,958
1508209,Vigia (PA),6 anos,900
1508209,Vigia (PA),7 anos,940
1508209,Vigia (PA),8 anos,934
1508209,Vigia (PA),9 anos,992
1508209,Vigia (PA),10 anos,1088
1508209,Vigia (PA),11 anos,992
1508209,Vigia (PA),12 anos,972
1508209,Vigia (PA),13 anos,993
1508209,Vigia (PA),14 anos,1031
1508209,Vigia (PA),15 anos,1101
1508209,Vigia (PA),16 anos,1065
1508209,Vigia (PA),17 anos,1060
1508209,Vigia (PA),18 anos,1040
1508209,Vigia (PA),19 anos,916
1508209,Vigia (PA),20 anos,988
1508209,Vigia (PA),21 anos,961
1508209,Vigia (PA),22 anos,974
1508209,Vigia (PA),23 anos,923
1508209,Vigia (PA),24 anos,961
1508209,Vigia (PA),25 anos,908
1508209,Vigia (PA),26 anos,914
1508209,Vigia (PA),27 anos,868
1508209,Vigia (PA),28 anos,924
1508209,Vigia (PA),29 anos,836
1508209,Vigia (PA),30 anos,863
1508209,Vigia (PA),31 anos,818
1508209,Vigia (PA),32 anos,762
1508209,Vigia (PA),33 anos,671
1508209,Vigia (PA),34 anos,709
1508209,Vigia (PA),35 anos,732
1508209,Vigia (PA),36 anos,653
1508209,Vigia (PA),37 anos,571
1508209,Vigia (PA),38 anos,600
1508209,Vigia (PA),39 anos,567
1508209,Vigia (PA),40 anos,616
1508209,Vigia (PA),41 anos,514
1508209,Vigia (PA),42 anos,500
1508209,Vigia (PA),43 anos,471
1508209,Vigia (PA),44 anos,522
1508209,Vigia (PA),45 anos,416
1508209,Vigia (PA),46 anos,431
1508209,Vigia (PA),47 anos,399
1508209,Vigia (PA),48 anos,432
1508209,Vigia (PA),49 anos,438
1508209,Vigia (PA),50 anos,411
1508209,Vigia (PA),51 anos,333
1508209,Vigia (PA),52 anos,365
1508209,Vigia (PA),53 anos,374
1508209,Vigia (PA),54 anos,380
1508209,Vigia (PA),55 anos,341
1508209,Vigia (PA),56 anos,338
1508209,Vigia (PA),57 anos,324
1508209,Vigia (PA),58 anos,333
1508209,Vigia (PA),59 anos,304
1508209,Vigia (PA),60 anos,281
1508209,Vigia (PA),61 anos,218
1508209,Vigia (PA),62 anos,257
1508209,Vigia (PA),63 anos,263
1508209,Vigia (PA),64 anos,242
1508209,Vigia (PA),65 anos,257
1508209,Vigia (PA),66 anos,226
1508209,Vigia (PA),67 anos,206
1508209,Vigia (PA),68 anos,195
1508209,Vigia (PA),69 anos,175
1508209,Vigia (PA),70 anos,210
1508209,Vigia (PA),71 anos,139
1508209,Vigia (PA),72 anos,130
1508209,Vigia (PA),73 anos,124
1508209,Vigia (PA),74 anos,128
1508209,Vigia (PA),75 anos,111
1508209,Vigia (PA),76 anos,95
1508209,Vigia (PA),77 anos,114
1508209,Vigia (PA),78 anos,115
1508209,Vigia (PA),79 anos,75
1508209,Vigia (PA),80 anos,75
1508209,Vigia (PA),81 anos,36
1508209,Vigia (PA),82 anos,52
1508209,Vigia (PA),83 anos,51
1508209,Vigia (PA),84 anos,41
1508209,Vigia (PA),85 anos,26
1508209,Vigia (PA),86 anos,28
1508209,Vigia (PA),87 anos,29
1508209,Vigia (PA),88 anos,21
1508209,Vigia (PA),89 anos,22
1508209,Vigia (PA),90 anos,28
1508209,Vigia (PA),91 anos,31
1508209,Vigia (PA),92 anos,16
1508209,Vigia (PA),93 anos,34
1508209,Vigia (PA),94 anos,25
1508209,Vigia (PA),95 anos,12
1508209,Vigia (PA),96 anos,7
1508209,Vigia (PA),97 anos,7
1508209,Vigia (PA),98 anos,5
1508209,Vigia (PA),99 anos,3
1508209,Vigia (PA),100 anos ou mais,10
1508308,Viseu (PA),Total,56716
1508308,Viseu (PA),Menos de 1 ano,1377
1508308,Viseu (PA),Menos de 1 mês,90
1508308,Viseu (PA),1 mês,122
1508308,Viseu (PA),2 meses,101
1508308,Viseu (PA),3 meses,107
1508308,Viseu (PA),4 meses,113
1508308,Viseu (PA),5 meses,97
1508308,Viseu (PA),6 meses,95
1508308,Viseu (PA),7 meses,134
1508308,Viseu (PA),8 meses,122
1508308,Viseu (PA),9 meses,125
1508308,Viseu (PA),10 meses,152
1508308,Viseu (PA),11 meses,119
1508308,Viseu (PA),1 ano,1312
1508308,Viseu (PA),2 anos,1495
1508308,Viseu (PA),3 anos,1498
1508308,Viseu (PA),4 anos,1490
1508308,Viseu (PA),5 anos,1447
1508308,Viseu (PA),6 anos,1536
1508308,Viseu (PA),7 anos,1580
1508308,Viseu (PA),8 anos,1491
1508308,Viseu (PA),9 anos,1407
1508308,Viseu (PA),10 anos,1572
1508308,Viseu (PA),11 anos,1473
1508308,Viseu (PA),12 anos,1481
1508308,Viseu (PA),13 anos,1515
1508308,Viseu (PA),14 anos,1415
1508308,Viseu (PA),15 anos,1404
1508308,Viseu (PA),16 anos,1338
1508308,Viseu (PA),17 anos,1289
1508308,Viseu (PA),18 anos,1223
1508308,Viseu (PA),19 anos,1087
1508308,Viseu (PA),20 anos,1138
1508308,Viseu (PA),21 anos,1024
1508308,Viseu (PA),22 anos,1076
1508308,Viseu (PA),23 anos,952
1508308,Viseu (PA),24 anos,1046
1508308,Viseu (PA),25 anos,1040
1508308,Viseu (PA),26 anos,940
1508308,Viseu (PA),27 anos,957
1508308,Viseu (PA),28 anos,908
1508308,Viseu (PA),29 anos,816
1508308,Viseu (PA),30 anos,852
1508308,Viseu (PA),31 anos,695
1508308,Viseu (PA),32 anos,780
1508308,Viseu (PA),33 anos,629
1508308,Viseu (PA),34 anos,621
1508308,Viseu (PA),35 anos,687
1508308,Viseu (PA),36 anos,563
1508308,Viseu (PA),37 anos,629
1508308,Viseu (PA),38 anos,539
1508308,Viseu (PA),39 anos,557
1508308,Viseu (PA),40 anos,589
1508308,Viseu (PA),41 anos,436
1508308,Viseu (PA),42 anos,478
1508308,Viseu (PA),43 anos,467
1508308,Viseu (PA),44 anos,483
1508308,Viseu (PA),45 anos,410
1508308,Viseu (PA),46 anos,453
1508308,Viseu (PA),47 anos,407
1508308,Viseu (PA),48 anos,430
1508308,Viseu (PA),49 anos,399
1508308,Viseu (PA),50 anos,402
1508308,Viseu (PA),51 anos,314
1508308,Viseu (PA),52 anos,347
1508308,Viseu (PA),53 anos,356
1508308,Viseu (PA),54 anos,396
1508308,Viseu (PA),55 anos,347
1508308,Viseu (PA),56 anos,321
1508308,Viseu (PA),57 anos,309
1508308,Viseu (PA),58 anos,338
1508308,Viseu (PA),59 anos,270
1508308,Viseu (PA),60 anos,317
1508308,Viseu (PA),61 anos,224
1508308,Viseu (PA),62 anos,209
1508308,Viseu (PA),63 anos,197
1508308,Viseu (PA),64 anos,225
1508308,Viseu (PA),65 anos,212
1508308,Viseu (PA),66 anos,199
1508308,Viseu (PA),67 anos,174
1508308,Viseu (PA),68 anos,196
1508308,Viseu (PA),69 anos,170
1508308,Viseu (PA),70 anos,231
1508308,Viseu (PA),71 anos,117
1508308,Viseu (PA),72 anos,142
1508308,Viseu (PA),73 anos,117
1508308,Viseu (PA),74 anos,135
1508308,Viseu (PA),75 anos,106
1508308,Viseu (PA),76 anos,103
1508308,Viseu (PA),77 anos,102
1508308,Viseu (PA),78 anos,104
1508308,Viseu (PA),79 anos,92
1508308,Viseu (PA),80 anos,101
1508308,Viseu (PA),81 anos,40
1508308,Viseu (PA),82 anos,42
1508308,Viseu (PA),83 anos,50
1508308,Viseu (PA),84 anos,41
1508308,Viseu (PA),85 anos,39
1508308,Viseu (PA),86 anos,26
1508308,Viseu (PA),87 anos,25
1508308,Viseu (PA),88 anos,28
1508308,Viseu (PA),89 anos,23
1508308,Viseu (PA),90 anos,27
1508308,Viseu (PA),91 anos,15
1508308,Viseu (PA),92 anos,19
1508308,Viseu (PA),93 anos,11
1508308,Viseu (PA),94 anos,4
1508308,Viseu (PA),95 anos,5
1508308,Viseu (PA),96 anos,4
1508308,Viseu (PA),97 anos,3
1508308,Viseu (PA),98 anos,3
1508308,Viseu (PA),99 anos,5
1508308,Viseu (PA),100 anos ou mais,2
1508357,Vitória do Xingu (PA),Total,13431
1508357,Vitória do Xingu (PA),Menos de 1 ano,207
1508357,Vitória do Xingu (PA),Menos de 1 mês,10
1508357,Vitória do Xingu (PA),1 mês,20
1508357,Vitória do Xingu (PA),2 meses,12
1508357,Vitória do Xingu (PA),3 meses,10
1508357,Vitória do Xingu (PA),4 meses,20
1508357,Vitória do Xingu (PA),5 meses,15
1508357,Vitória do Xingu (PA),6 meses,14
1508357,Vitória do Xingu (PA),7 meses,26
1508357,Vitória do Xingu (PA),8 meses,29
1508357,Vitória do Xingu (PA),9 meses,23
1508357,Vitória do Xingu (PA),10 meses,15
1508357,Vitória do Xingu (PA),11 meses,13
1508357,Vitória do Xingu (PA),1 ano,251
1508357,Vitória do Xingu (PA),2 anos,228
1508357,Vitória do Xingu (PA),3 anos,256
1508357,Vitória do Xingu (PA),4 anos,296
1508357,Vitória do Xingu (PA),5 anos,259
1508357,Vitória do Xingu (PA),6 anos,254
1508357,Vitória do Xingu (PA),7 anos,242
1508357,Vitória do Xingu (PA),8 anos,278
1508357,Vitória do Xingu (PA),9 anos,287
1508357,Vitória do Xingu (PA),10 anos,413
1508357,Vitória do Xingu (PA),11 anos,298
1508357,Vitória do Xingu (PA),12 anos,297
1508357,Vitória do Xingu (PA),13 anos,274
1508357,Vitória do Xingu (PA),14 anos,270
1508357,Vitória do Xingu (PA),15 anos,317
1508357,Vitória do Xingu (PA),16 anos,266
1508357,Vitória do Xingu (PA),17 anos,280
1508357,Vitória do Xingu (PA),18 anos,274
1508357,Vitória do Xingu (PA),19 anos,280
1508357,Vitória do Xingu (PA),20 anos,329
1508357,Vitória do Xingu (PA),21 anos,312
1508357,Vitória do Xingu (PA),22 anos,333
1508357,Vitória do Xingu (PA),23 anos,272
1508357,Vitória do Xingu (PA),24 anos,280
1508357,Vitória do Xingu (PA),25 anos,297
1508357,Vitória do Xingu (PA),26 anos,262
1508357,Vitória do Xingu (PA),27 anos,254
1508357,Vitória do Xingu (PA),28 anos,238
1508357,Vitória do Xingu (PA),29 anos,237
1508357,Vitória do Xingu (PA),30 anos,294
1508357,Vitória do Xingu (PA),31 anos,238
1508357,Vitória do Xingu (PA),32 anos,234
1508357,Vitória do Xingu (PA),33 anos,225
1508357,Vitória do Xingu (PA),34 anos,193
1508357,Vitória do Xingu (PA),35 anos,216
1508357,Vitória do Xingu (PA),36 anos,162
1508357,Vitória do Xingu (PA),37 anos,141
1508357,Vitória do Xingu (PA),38 anos,152
1508357,Vitória do Xingu (PA),39 anos,184
1508357,Vitória do Xingu (PA),40 anos,207
1508357,Vitória do Xingu (PA),41 anos,144
1508357,Vitória do Xingu (PA),42 anos,149
1508357,Vitória do Xingu (PA),43 anos,113
1508357,Vitória do Xingu (PA),44 anos,144
1508357,Vitória do Xingu (PA),45 anos,141
1508357,Vitória do Xingu (PA),46 anos,106
1508357,Vitória do Xingu (PA),47 anos,88
1508357,Vitória do Xingu (PA),48 anos,108
1508357,Vitória do Xingu (PA),49 anos,109
1508357,Vitória do Xingu (PA),50 anos,112
1508357,Vitória do Xingu (PA),51 anos,93
1508357,Vitória do Xingu (PA),52 anos,106
1508357,Vitória do Xingu (PA),53 anos,75
1508357,Vitória do Xingu (PA),54 anos,84
1508357,Vitória do Xingu (PA),55 anos,101
1508357,Vitória do Xingu (PA),56 anos,84
1508357,Vitória do Xingu (PA),57 anos,68
1508357,Vitória do Xingu (PA),58 anos,66
1508357,Vitória do Xingu (PA),59 anos,71
1508357,Vitória do Xingu (PA),60 anos,81
1508357,Vitória do Xingu (PA),61 anos,57
1508357,Vitória do Xingu (PA),62 anos,53
1508357,Vitória do Xingu (PA),63 anos,50
1508357,Vitória do Xingu (PA),64 anos,65
1508357,Vitória do Xingu (PA),65 anos,56
1508357,Vitória do Xingu (PA),66 anos,48
1508357,Vitória do Xingu (PA),67 anos,42
1508357,Vitória do Xingu (PA),68 anos,33
1508357,Vitória do Xingu (PA),69 anos,44
1508357,Vitória do Xingu (PA),70 anos,52
1508357,Vitória do Xingu (PA),71 anos,28
1508357,Vitória do Xingu (PA),72 anos,21
1508357,Vitória do Xingu (PA),73 anos,29
1508357,Vitória do Xingu (PA),74 anos,25
1508357,Vitória do Xingu (PA),75 anos,26
1508357,Vitória do Xingu (PA),76 anos,25
1508357,Vitória do Xingu (PA),77 anos,20
1508357,Vitória do Xingu (PA),78 anos,20
1508357,Vitória do Xingu (PA),79 anos,20
1508357,Vitória do Xingu (PA),80 anos,18
1508357,Vitória do Xingu (PA),81 anos,6
1508357,Vitória do Xingu (PA),82 anos,7
1508357,Vitória do Xingu (PA),83 anos,10
1508357,Vitória do Xingu (PA),84 anos,7
1508357,Vitória do Xingu (PA),85 anos,8
1508357,Vitória do Xingu (PA),86 anos,4
1508357,Vitória do Xingu (PA),87 anos,4
1508357,Vitória do Xingu (PA),88 anos,9
1508357,Vitória do Xingu (PA),89 anos,2
1508357,Vitória do Xingu (PA),90 anos,3
1508357,Vitória do Xingu (PA),91 anos,1
1508357,Vitória do Xingu (PA),92 anos,1
1508357,Vitória do Xingu (PA),93 anos,-
1508357,Vitória do Xingu (PA),94 anos,2
1508357,Vitória do Xingu (PA),95 anos,3
1508357,Vitória do Xingu (PA),96 anos,-
1508357,Vitória do Xingu (PA),97 anos,-
1508357,Vitória do Xingu (PA),98 anos,-
1508357,Vitória do Xingu (PA),99 anos,-
1508357,Vitória do Xingu (PA),100 anos ou mais,2
1508407,Xinguara (PA),Total,40573
1508407,Xinguara (PA),Menos de 1 ano,729
1508407,Xinguara (PA),Menos de 1 mês,56
1508407,Xinguara (PA),1 mês,60
1508407,Xinguara (PA),2 meses,57
1508407,Xinguara (PA),3 meses,70
1508407,Xinguara (PA),4 meses,67
1508407,Xinguara (PA),5 meses,57
1508407,Xinguara (PA),6 meses,54
1508407,Xinguara (PA),7 meses,69
1508407,Xinguara (PA),8 meses,61
1508407,Xinguara (PA),9 meses,52
1508407,Xinguara (PA),10 meses,62
1508407,Xinguara (PA),11 meses,64
1508407,Xinguara (PA),1 ano,711
1508407,Xinguara (PA),2 anos,753
1508407,Xinguara (PA),3 anos,791
1508407,Xinguara (PA),4 anos,774
1508407,Xinguara (PA),5 anos,823
1508407,Xinguara (PA),6 anos,753
1508407,Xinguara (PA),7 anos,813
1508407,Xinguara (PA),8 anos,778
1508407,Xinguara (PA),9 anos,855
1508407,Xinguara (PA),10 anos,894
1508407,Xinguara (PA),11 anos,841
1508407,Xinguara (PA),12 anos,908
1508407,Xinguara (PA),13 anos,909
1508407,Xinguara (PA),14 anos,797
1508407,Xinguara (PA),15 anos,870
1508407,Xinguara (PA),16 anos,781
1508407,Xinguara (PA),17 anos,820
1508407,Xinguara (PA),18 anos,777
1508407,Xinguara (PA),19 anos,787
1508407,Xinguara (PA),20 anos,778
1508407,Xinguara (PA),21 anos,774
1508407,Xinguara (PA),22 anos,789
1508407,Xinguara (PA),23 anos,805
1508407,Xinguara (PA),24 anos,845
1508407,Xinguara (PA),25 anos,826
1508407,Xinguara (PA),26 anos,793
1508407,Xinguara (PA),27 anos,797
1508407,Xinguara (PA),28 anos,784
1508407,Xinguara (PA),29 anos,728
1508407,Xinguara (PA),30 anos,770
1508407,Xinguara (PA),31 anos,655
1508407,Xinguara (PA),32 anos,735
1508407,Xinguara (PA),33 anos,691
1508407,Xinguara (PA),34 anos,636
1508407,Xinguara (PA),35 anos,659
1508407,Xinguara (PA),36 anos,602
1508407,Xinguara (PA),37 anos,568
1508407,Xinguara (PA),38 anos,536
1508407,Xinguara (PA),39 anos,548
1508407,Xinguara (PA),40 anos,589
1508407,Xinguara (PA),41 anos,508
1508407,Xinguara (PA),42 anos,496
1508407,Xinguara (PA),43 anos,472
1508407,Xinguara (PA),44 anos,444
1508407,Xinguara (PA),45 anos,484
1508407,Xinguara (PA),46 anos,440
1508407,Xinguara (PA),47 anos,444
1508407,Xinguara (PA),48 anos,373
1508407,Xinguara (PA),49 anos,356
1508407,Xinguara (PA),50 anos,365
1508407,Xinguara (PA),51 anos,313
1508407,Xinguara (PA),52 anos,324
1508407,Xinguara (PA),53 anos,295
1508407,Xinguara (PA),54 anos,299
1508407,Xinguara (PA),55 anos,302
1508407,Xinguara (PA),56 anos,270
1508407,Xinguara (PA),57 anos,230
1508407,Xinguara (PA),58 anos,255
1508407,Xinguara (PA),59 anos,226
1508407,Xinguara (PA),60 anos,219
1508407,Xinguara (PA),61 anos,176
1508407,Xinguara (PA),62 anos,182
1508407,Xinguara (PA),63 anos,162
1508407,Xinguara (PA),64 anos,164
1508407,Xinguara (PA),65 anos,157
1508407,Xinguara (PA),66 anos,141
1508407,Xinguara (PA),67 anos,128
1508407,Xinguara (PA),68 anos,98
1508407,Xinguara (PA),69 anos,109
1508407,Xinguara (PA),70 anos,138
1508407,Xinguara (PA),71 anos,92
1508407,Xinguara (PA),72 anos,95
1508407,Xinguara (PA),73 anos,78
1508407,Xinguara (PA),74 anos,88
1508407,Xinguara (PA),75 anos,93
1508407,Xinguara (PA),76 anos,57
1508407,Xinguara (PA),77 anos,53
1508407,Xinguara (PA),78 anos,53
1508407,Xinguara (PA),79 anos,59
1508407,Xinguara (PA),80 anos,50
1508407,Xinguara (PA),81 anos,35
1508407,Xinguara (PA),82 anos,29
1508407,Xinguara (PA),83 anos,20
1508407,Xinguara (PA),84 anos,21
1508407,Xinguara (PA),85 anos,26
1508407,Xinguara (PA),86 anos,12
1508407,Xinguara (PA),87 anos,11
1508407,Xinguara (PA),88 anos,11
1508407,Xinguara (PA),89 anos,10
1508407,Xinguara (PA),90 anos,10
1508407,Xinguara (PA),91 anos,8
1508407,Xinguara (PA),92 anos,5
1508407,Xinguara (PA),93 anos,3
1508407,Xinguara (PA),94 anos,5
1508407,Xinguara (PA),95 anos,2
1508407,Xinguara (PA),96 anos,-
1508407,Xinguara (PA),97 anos,2
1508407,Xinguara (PA),98 anos,-
1508407,Xinguara (PA),99 anos,-
